会话id,业务,组号,轮数,query,期望工具,期望参数
S00001,影视,,第1轮,播放《庆余年》,vod_search,"{""action"": ""play"", ""query"": {""name"": ""庆余年""}}"
S00001,影视,,第2轮,看《庆余年》第二集,vod_search,"{""action"": ""play"", ""query"": {""name"": ""庆余年"", ""episode"": 2}}"
S00001,影视,,第3轮,《庆余年》接着之前看,vod_search,"{""action"": ""play"", ""query"": {""name"": ""庆余年""}}"
S00002,影视,,第1轮,播放《人世间》,vod_search,"{""action"": ""play"", ""query"": {""name"": ""人世间""}}"
S00002,影视,,第2轮,看《人世间》第二集,vod_search,"{""action"": ""play"", ""query"": {""name"": ""人世间"", ""episode"": 2}}"
S00002,影视,,第3轮,《人世间》接着之前看,vod_search,"{""action"": ""play"", ""query"": {""name"": ""人世间""}}"
S00003,影视,,第1轮,播放《狂飙》,vod_search,"{""action"": ""play"", ""query"": {""name"": ""狂飙""}}"
S00003,影视,,第2轮,看《狂飙》第二集,vod_search,"{""action"": ""play"", ""query"": {""name"": ""狂飙"", ""episode"": 2}}"
S00003,影视,,第3轮,《狂飙》接着之前看,vod_search,"{""action"": ""play"", ""query"": {""name"": ""狂飙""}}"
S00004,影视,,第1轮,播放《三体》,vod_search,"{""action"": ""play"", ""query"": {""name"": ""三体""}}"
S00004,影视,,第2轮,看《三体》第二集,vod_search,"{""action"": ""play"", ""query"": {""name"": ""三体"", ""episode"": 2}}"
S00004,影视,,第3轮,《三体》接着之前看,vod_search,"{""action"": ""play"", ""query"": {""name"": ""三体""}}"
S00005,影视,,第1轮,播放《山海情》,vod_search,"{""action"": ""play"", ""query"": {""name"": ""山海情""}}"
S00005,影视,,第2轮,看《山海情》第二集,vod_search,"{""action"": ""play"", ""query"": {""name"": ""山海情"", ""episode"": 2}}"
S00005,影视,,第3轮,《山海情》接着之前看,vod_search,"{""action"": ""play"", ""query"": {""name"": ""山海情""}}"
S00006,影视,,第1轮,播放《琅琊榜》,vod_search,"{""action"": ""play"", ""query"": {""name"": ""琅琊榜""}}"
S00006,影视,,第2轮,看《琅琊榜》第二集,vod_search,"{""action"": ""play"", ""query"": {""name"": ""琅琊榜"", ""episode"": 2}}"
S00006,影视,,第3轮,《琅琊榜》接着之前看,vod_search,"{""action"": ""play"", ""query"": {""name"": ""琅琊榜""}}"
S00007,影视,,第1轮,播放《甄嬛传》,vod_search,"{""action"": ""play"", ""query"": {""name"": ""甄嬛传""}}"
S00007,影视,,第2轮,看《甄嬛传》第二集,vod_search,"{""action"": ""play"", ""query"": {""name"": ""甄嬛传"", ""episode"": 2}}"
S00007,影视,,第3轮,《甄嬛传》接着之前看,vod_search,"{""action"": ""play"", ""query"": {""name"": ""甄嬛传""}}"
S00008,影视,,第1轮,播放《觉醒年代》,vod_search,"{""action"": ""play"", ""query"": {""name"": ""觉醒年代""}}"
S00008,影视,,第2轮,看《觉醒年代》第二集,vod_search,"{""action"": ""play"", ""query"": {""name"": ""觉醒年代"", ""episode"": 2}}"
S00008,影视,,第3轮,《觉醒年代》接着之前看,vod_search,"{""action"": ""play"", ""query"": {""name"": ""觉醒年代""}}"
S00009,影视,,第1轮,播放《白鹿原》,vod_search,"{""action"": ""play"", ""query"": {""name"": ""白鹿原""}}"
S00009,影视,,第2轮,看《白鹿原》第二集,vod_search,"{""action"": ""play"", ""query"": {""name"": ""白鹿原"", ""episode"": 2}}"
S00009,影视,,第3轮,《白鹿原》接着之前看,vod_search,"{""action"": ""play"", ""query"": {""name"": ""白鹿原""}}"
S00010,影视,,第1轮,播放《大江大河》,vod_search,"{""action"": ""play"", ""query"": {""name"": ""大江大河""}}"
S00010,影视,,第2轮,看《大江大河》第二集,vod_search,"{""action"": ""play"", ""query"": {""name"": ""大江大河"", ""episode"": 2}}"
S00010,影视,,第3轮,《大江大河》接着之前看,vod_search,"{""action"": ""play"", ""query"": {""name"": ""大江大河""}}"
S00011,影视,,第1轮,播放《繁花》,vod_search,"{""action"": ""play"", ""query"": {""name"": ""繁花""}}"
S00011,影视,,第2轮,看《繁花》第二集,vod_search,"{""action"": ""play"", ""query"": {""name"": ""繁花"", ""episode"": 2}}"
S00011,影视,,第3轮,《繁花》接着之前看,vod_search,"{""action"": ""play"", ""query"": {""name"": ""繁花""}}"
S00012,影视,,第1轮,播放《漫长的季节》,vod_search,"{""action"": ""play"", ""query"": {""name"": ""漫长的季节""}}"
S00012,影视,,第2轮,看《漫长的季节》第二集,vod_search,"{""action"": ""play"", ""query"": {""name"": ""漫长的季节"", ""episode"": 2}}"
S00012,影视,,第3轮,《漫长的季节》接着之前看,vod_search,"{""action"": ""play"", ""query"": {""name"": ""漫长的季节""}}"
S00013,影视,,第1轮,播放《隐秘的角落》,vod_search,"{""action"": ""play"", ""query"": {""name"": ""隐秘的角落""}}"
S00013,影视,,第2轮,看《隐秘的角落》第二集,vod_search,"{""action"": ""play"", ""query"": {""name"": ""隐秘的角落"", ""episode"": 2}}"
S00013,影视,,第3轮,《隐秘的角落》接着之前看,vod_search,"{""action"": ""play"", ""query"": {""name"": ""隐秘的角落""}}"
S00014,影视,,第1轮,播放《沉默的真相》,vod_search,"{""action"": ""play"", ""query"": {""name"": ""沉默的真相""}}"
S00014,影视,,第2轮,看《沉默的真相》第二集,vod_search,"{""action"": ""play"", ""query"": {""name"": ""沉默的真相"", ""episode"": 2}}"
S00014,影视,,第3轮,《沉默的真相》接着之前看,vod_search,"{""action"": ""play"", ""query"": {""name"": ""沉默的真相""}}"
S00015,影视,,第1轮,播放《开端》,vod_search,"{""action"": ""play"", ""query"": {""name"": ""开端""}}"
S00015,影视,,第2轮,看《开端》第二集,vod_search,"{""action"": ""play"", ""query"": {""name"": ""开端"", ""episode"": 2}}"
S00015,影视,,第3轮,《开端》接着之前看,vod_search,"{""action"": ""play"", ""query"": {""name"": ""开端""}}"
S00016,影视,,第1轮,播放《去有风的地方》,vod_search,"{""action"": ""play"", ""query"": {""name"": ""去有风的地方""}}"
S00016,影视,,第2轮,看《去有风的地方》第二集,vod_search,"{""action"": ""play"", ""query"": {""name"": ""去有风的地方"", ""episode"": 2}}"
S00016,影视,,第3轮,《去有风的地方》接着之前看,vod_search,"{""action"": ""play"", ""query"": {""name"": ""去有风的地方""}}"
S00017,影视,,第1轮,播放《梦华录》,vod_search,"{""action"": ""play"", ""query"": {""name"": ""梦华录""}}"
S00017,影视,,第2轮,看《梦华录》第二集,vod_search,"{""action"": ""play"", ""query"": {""name"": ""梦华录"", ""episode"": 2}}"
S00017,影视,,第3轮,《梦华录》接着之前看,vod_search,"{""action"": ""play"", ""query"": {""name"": ""梦华录""}}"
S00018,影视,,第1轮,播放《莲花楼》,vod_search,"{""action"": ""play"", ""query"": {""name"": ""莲花楼""}}"
S00018,影视,,第2轮,看《莲花楼》第二集,vod_search,"{""action"": ""play"", ""query"": {""name"": ""莲花楼"", ""episode"": 2}}"
S00018,影视,,第3轮,《莲花楼》接着之前看,vod_search,"{""action"": ""play"", ""query"": {""name"": ""莲花楼""}}"
S00019,影视,,第1轮,播放《长相思》,vod_search,"{""action"": ""play"", ""query"": {""name"": ""长相思""}}"
S00019,影视,,第2轮,看《长相思》第二集,vod_search,"{""action"": ""play"", ""query"": {""name"": ""长相思"", ""episode"": 2}}"
S00019,影视,,第3轮,《长相思》接着之前看,vod_search,"{""action"": ""play"", ""query"": {""name"": ""长相思""}}"
S00020,影视,,第1轮,播放《苍兰诀》,vod_search,"{""action"": ""play"", ""query"": {""name"": ""苍兰诀""}}"
S00020,影视,,第2轮,看《苍兰诀》第二集,vod_search,"{""action"": ""play"", ""query"": {""name"": ""苍兰诀"", ""episode"": 2}}"
S00020,影视,,第3轮,《苍兰诀》接着之前看,vod_search,"{""action"": ""play"", ""query"": {""name"": ""苍兰诀""}}"
S00021,影视,,第1轮,播放《风起洛阳》,vod_search,"{""action"": ""play"", ""query"": {""name"": ""风起洛阳""}}"
S00021,影视,,第2轮,看《风起洛阳》第二集,vod_search,"{""action"": ""play"", ""query"": {""name"": ""风起洛阳"", ""episode"": 2}}"
S00021,影视,,第3轮,《风起洛阳》接着之前看,vod_search,"{""action"": ""play"", ""query"": {""name"": ""风起洛阳""}}"
S00022,影视,,第1轮,播放《都挺好》,vod_search,"{""action"": ""play"", ""query"": {""name"": ""都挺好""}}"
S00022,影视,,第2轮,看《都挺好》第二集,vod_search,"{""action"": ""play"", ""query"": {""name"": ""都挺好"", ""episode"": 2}}"
S00022,影视,,第3轮,《都挺好》接着之前看,vod_search,"{""action"": ""play"", ""query"": {""name"": ""都挺好""}}"
S00023,影视,,第1轮,播放《小欢喜》,vod_search,"{""action"": ""play"", ""query"": {""name"": ""小欢喜""}}"
S00023,影视,,第2轮,看《小欢喜》第二集,vod_search,"{""action"": ""play"", ""query"": {""name"": ""小欢喜"", ""episode"": 2}}"
S00023,影视,,第3轮,《小欢喜》接着之前看,vod_search,"{""action"": ""play"", ""query"": {""name"": ""小欢喜""}}"
S00024,影视,,第1轮,播放《三十而已》,vod_search,"{""action"": ""play"", ""query"": {""name"": ""三十而已""}}"
S00024,影视,,第2轮,看《三十而已》第二集,vod_search,"{""action"": ""play"", ""query"": {""name"": ""三十而已"", ""episode"": 2}}"
S00024,影视,,第3轮,《三十而已》接着之前看,vod_search,"{""action"": ""play"", ""query"": {""name"": ""三十而已""}}"
S00025,影视,,第1轮,播放《我的前半生》,vod_search,"{""action"": ""play"", ""query"": {""name"": ""我的前半生""}}"
S00025,影视,,第2轮,看《我的前半生》第二集,vod_search,"{""action"": ""play"", ""query"": {""name"": ""我的前半生"", ""episode"": 2}}"
S00025,影视,,第3轮,《我的前半生》接着之前看,vod_search,"{""action"": ""play"", ""query"": {""name"": ""我的前半生""}}"
S00026,影视,,第1轮,播放《安家》,vod_search,"{""action"": ""play"", ""query"": {""name"": ""安家""}}"
S00026,影视,,第2轮,看《安家》第二集,vod_search,"{""action"": ""play"", ""query"": {""name"": ""安家"", ""episode"": 2}}"
S00026,影视,,第3轮,《安家》接着之前看,vod_search,"{""action"": ""play"", ""query"": {""name"": ""安家""}}"
S00027,影视,,第1轮,播放《平凡的世界》,vod_search,"{""action"": ""play"", ""query"": {""name"": ""平凡的世界""}}"
S00027,影视,,第2轮,看《平凡的世界》第二集,vod_search,"{""action"": ""play"", ""query"": {""name"": ""平凡的世界"", ""episode"": 2}}"
S00027,影视,,第3轮,《平凡的世界》接着之前看,vod_search,"{""action"": ""play"", ""query"": {""name"": ""平凡的世界""}}"
S00028,影视,,第1轮,播放《警察荣誉》,vod_search,"{""action"": ""play"", ""query"": {""name"": ""警察荣誉""}}"
S00028,影视,,第2轮,看《警察荣誉》第二集,vod_search,"{""action"": ""play"", ""query"": {""name"": ""警察荣誉"", ""episode"": 2}}"
S00028,影视,,第3轮,《警察荣誉》接着之前看,vod_search,"{""action"": ""play"", ""query"": {""name"": ""警察荣誉""}}"
S00029,影视,,第1轮,播放《欢乐颂》,vod_search,"{""action"": ""play"", ""query"": {""name"": ""欢乐颂""}}"
S00029,影视,,第2轮,看《欢乐颂》第二集,vod_search,"{""action"": ""play"", ""query"": {""name"": ""欢乐颂"", ""episode"": 2}}"
S00029,影视,,第3轮,《欢乐颂》接着之前看,vod_search,"{""action"": ""play"", ""query"": {""name"": ""欢乐颂""}}"
S00030,影视,,第1轮,播放《欢乐颂2》,vod_search,"{""action"": ""play"", ""query"": {""name"": ""欢乐颂2""}}"
S00030,影视,,第2轮,看《欢乐颂2》第二集,vod_search,"{""action"": ""play"", ""query"": {""name"": ""欢乐颂2"", ""episode"": 2}}"
S00030,影视,,第3轮,《欢乐颂2》接着之前看,vod_search,"{""action"": ""play"", ""query"": {""name"": ""欢乐颂2""}}"
S00031,影视,,第1轮,播放《知否》,vod_search,"{""action"": ""play"", ""query"": {""name"": ""知否""}}"
S00031,影视,,第2轮,看《知否》第二集,vod_search,"{""action"": ""play"", ""query"": {""name"": ""知否"", ""episode"": 2}}"
S00031,影视,,第3轮,《知否》接着之前看,vod_search,"{""action"": ""play"", ""query"": {""name"": ""知否""}}"
S00032,影视,,第1轮,播放《装台》,vod_search,"{""action"": ""play"", ""query"": {""name"": ""装台""}}"
S00032,影视,,第2轮,看《装台》第二集,vod_search,"{""action"": ""play"", ""query"": {""name"": ""装台"", ""episode"": 2}}"
S00032,影视,,第3轮,《装台》接着之前看,vod_search,"{""action"": ""play"", ""query"": {""name"": ""装台""}}"
S00033,影视,,第1轮,播放《大宋少年志》,vod_search,"{""action"": ""play"", ""query"": {""name"": ""大宋少年志""}}"
S00033,影视,,第2轮,看《大宋少年志》第二集,vod_search,"{""action"": ""play"", ""query"": {""name"": ""大宋少年志"", ""episode"": 2}}"
S00033,影视,,第3轮,《大宋少年志》接着之前看,vod_search,"{""action"": ""play"", ""query"": {""name"": ""大宋少年志""}}"
S00034,影视,,第1轮,播放《水浒传》,vod_search,"{""action"": ""play"", ""query"": {""name"": ""水浒传""}}"
S00034,影视,,第2轮,看《水浒传》第二集,vod_search,"{""action"": ""play"", ""query"": {""name"": ""水浒传"", ""episode"": 2}}"
S00034,影视,,第3轮,《水浒传》接着之前看,vod_search,"{""action"": ""play"", ""query"": {""name"": ""水浒传""}}"
S00035,影视,,第1轮,播放《亮剑》,vod_search,"{""action"": ""play"", ""query"": {""name"": ""亮剑""}}"
S00035,影视,,第2轮,看《亮剑》第二集,vod_search,"{""action"": ""play"", ""query"": {""name"": ""亮剑"", ""episode"": 2}}"
S00035,影视,,第3轮,《亮剑》接着之前看,vod_search,"{""action"": ""play"", ""query"": {""name"": ""亮剑""}}"
S00036,影视,,第1轮,播放《士兵突击》,vod_search,"{""action"": ""play"", ""query"": {""name"": ""士兵突击""}}"
S00036,影视,,第2轮,看《士兵突击》第二集,vod_search,"{""action"": ""play"", ""query"": {""name"": ""士兵突击"", ""episode"": 2}}"
S00036,影视,,第3轮,《士兵突击》接着之前看,vod_search,"{""action"": ""play"", ""query"": {""name"": ""士兵突击""}}"
S00037,影视,,第1轮,播放《太子妃升职记》,vod_search,"{""action"": ""play"", ""query"": {""name"": ""太子妃升职记""}}"
S00037,影视,,第2轮,看《太子妃升职记》第二集,vod_search,"{""action"": ""play"", ""query"": {""name"": ""太子妃升职记"", ""episode"": 2}}"
S00037,影视,,第3轮,《太子妃升职记》接着之前看,vod_search,"{""action"": ""play"", ""query"": {""name"": ""太子妃升职记""}}"
S00038,影视,,第1轮,播放《鹤唳华亭》,vod_search,"{""action"": ""play"", ""query"": {""name"": ""鹤唳华亭""}}"
S00038,影视,,第2轮,看《鹤唳华亭》第二集,vod_search,"{""action"": ""play"", ""query"": {""name"": ""鹤唳华亭"", ""episode"": 2}}"
S00038,影视,,第3轮,《鹤唳华亭》接着之前看,vod_search,"{""action"": ""play"", ""query"": {""name"": ""鹤唳华亭""}}"
S00039,影视,,第1轮,播放《司藤》,vod_search,"{""action"": ""play"", ""query"": {""name"": ""司藤""}}"
S00039,影视,,第2轮,看《司藤》第二集,vod_search,"{""action"": ""play"", ""query"": {""name"": ""司藤"", ""episode"": 2}}"
S00039,影视,,第3轮,《司藤》接着之前看,vod_search,"{""action"": ""play"", ""query"": {""name"": ""司藤""}}"
S00040,影视,,第1轮,播放《他是谁》,vod_search,"{""action"": ""play"", ""query"": {""name"": ""他是谁""}}"
S00040,影视,,第2轮,看《他是谁》第二集,vod_search,"{""action"": ""play"", ""query"": {""name"": ""他是谁"", ""episode"": 2}}"
S00040,影视,,第3轮,《他是谁》接着之前看,vod_search,"{""action"": ""play"", ""query"": {""name"": ""他是谁""}}"
S00041,影视,,第1轮,播放《大明风华》,vod_search,"{""action"": ""play"", ""query"": {""name"": ""大明风华""}}"
S00041,影视,,第2轮,看《大明风华》第二集,vod_search,"{""action"": ""play"", ""query"": {""name"": ""大明风华"", ""episode"": 2}}"
S00041,影视,,第3轮,《大明风华》接着之前看,vod_search,"{""action"": ""play"", ""query"": {""name"": ""大明风华""}}"
S00042,影视,,第1轮,播放《琅琊榜之风起长林》,vod_search,"{""action"": ""play"", ""query"": {""name"": ""琅琊榜之风起长林""}}"
S00042,影视,,第2轮,看《琅琊榜之风起长林》第二集,vod_search,"{""action"": ""play"", ""query"": {""name"": ""琅琊榜之风起长林"", ""episode"": 2}}"
S00042,影视,,第3轮,《琅琊榜之风起长林》接着之前看,vod_search,"{""action"": ""play"", ""query"": {""name"": ""琅琊榜之风起长林""}}"
S00043,影视,,第1轮,播放《锦绣未央》,vod_search,"{""action"": ""play"", ""query"": {""name"": ""锦绣未央""}}"
S00043,影视,,第2轮,看《锦绣未央》第二集,vod_search,"{""action"": ""play"", ""query"": {""name"": ""锦绣未央"", ""episode"": 2}}"
S00043,影视,,第3轮,《锦绣未央》接着之前看,vod_search,"{""action"": ""play"", ""query"": {""name"": ""锦绣未央""}}"
S00044,影视,,第1轮,播放《山月不知心底事》,vod_search,"{""action"": ""play"", ""query"": {""name"": ""山月不知心底事""}}"
S00044,影视,,第2轮,看《山月不知心底事》第二集,vod_search,"{""action"": ""play"", ""query"": {""name"": ""山月不知心底事"", ""episode"": 2}}"
S00044,影视,,第3轮,《山月不知心底事》接着之前看,vod_search,"{""action"": ""play"", ""query"": {""name"": ""山月不知心底事""}}"
S00045,影视,,第1轮,播放《平凡的荣耀》,vod_search,"{""action"": ""play"", ""query"": {""name"": ""平凡的荣耀""}}"
S00045,影视,,第2轮,看《平凡的荣耀》第二集,vod_search,"{""action"": ""play"", ""query"": {""name"": ""平凡的荣耀"", ""episode"": 2}}"
S00045,影视,,第3轮,《平凡的荣耀》接着之前看,vod_search,"{""action"": ""play"", ""query"": {""name"": ""平凡的荣耀""}}"
S00046,影视,,第1轮,播放《十八岁的天空》,vod_search,"{""action"": ""play"", ""query"": {""name"": ""十八岁的天空""}}"
S00046,影视,,第2轮,看《十八岁的天空》第二集,vod_search,"{""action"": ""play"", ""query"": {""name"": ""十八岁的天空"", ""episode"": 2}}"
S00046,影视,,第3轮,《十八岁的天空》接着之前看,vod_search,"{""action"": ""play"", ""query"": {""name"": ""十八岁的天空""}}"
S00047,影视,,第1轮,播放《小敏家》,vod_search,"{""action"": ""play"", ""query"": {""name"": ""小敏家""}}"
S00047,影视,,第2轮,看《小敏家》第二集,vod_search,"{""action"": ""play"", ""query"": {""name"": ""小敏家"", ""episode"": 2}}"
S00047,影视,,第3轮,《小敏家》接着之前看,vod_search,"{""action"": ""play"", ""query"": {""name"": ""小敏家""}}"
S00048,影视,,第1轮,播放《我在他乡挺好的》,vod_search,"{""action"": ""play"", ""query"": {""name"": ""我在他乡挺好的""}}"
S00048,影视,,第2轮,看《我在他乡挺好的》第二集,vod_search,"{""action"": ""play"", ""query"": {""name"": ""我在他乡挺好的"", ""episode"": 2}}"
S00048,影视,,第3轮,《我在他乡挺好的》接着之前看,vod_search,"{""action"": ""play"", ""query"": {""name"": ""我在他乡挺好的""}}"
S00049,影视,,第1轮,播放《老友记》,vod_search,"{""action"": ""play"", ""query"": {""name"": ""老友记""}}"
S00049,影视,,第2轮,看《老友记》第二集,vod_search,"{""action"": ""play"", ""query"": {""name"": ""老友记"", ""episode"": 2}}"
S00049,影视,,第3轮,《老友记》接着之前看,vod_search,"{""action"": ""play"", ""query"": {""name"": ""老友记""}}"
S00050,影视,,第1轮,播放《生活大爆炸》,vod_search,"{""action"": ""play"", ""query"": {""name"": ""生活大爆炸""}}"
S00050,影视,,第2轮,看《生活大爆炸》第二集,vod_search,"{""action"": ""play"", ""query"": {""name"": ""生活大爆炸"", ""episode"": 2}}"
S00050,影视,,第3轮,《生活大爆炸》接着之前看,vod_search,"{""action"": ""play"", ""query"": {""name"": ""生活大爆炸""}}"
S00051,影视,,第1轮,播放《权力的游戏》,vod_search,"{""action"": ""play"", ""query"": {""name"": ""权力的游戏""}}"
S00051,影视,,第2轮,看《权力的游戏》第二集,vod_search,"{""action"": ""play"", ""query"": {""name"": ""权力的游戏"", ""episode"": 2}}"
S00051,影视,,第3轮,《权力的游戏》接着之前看,vod_search,"{""action"": ""play"", ""query"": {""name"": ""权力的游戏""}}"
S00052,影视,,第1轮,播放《唐顿庄园》,vod_search,"{""action"": ""play"", ""query"": {""name"": ""唐顿庄园""}}"
S00052,影视,,第2轮,看《唐顿庄园》第二集,vod_search,"{""action"": ""play"", ""query"": {""name"": ""唐顿庄园"", ""episode"": 2}}"
S00052,影视,,第3轮,《唐顿庄园》接着之前看,vod_search,"{""action"": ""play"", ""query"": {""name"": ""唐顿庄园""}}"
S00053,影视,,第1轮,播放《越狱》,vod_search,"{""action"": ""play"", ""query"": {""name"": ""越狱""}}"
S00053,影视,,第2轮,看《越狱》第二集,vod_search,"{""action"": ""play"", ""query"": {""name"": ""越狱"", ""episode"": 2}}"
S00053,影视,,第3轮,《越狱》接着之前看,vod_search,"{""action"": ""play"", ""query"": {""name"": ""越狱""}}"
S00054,影视,,第1轮,播放《绝命毒师》,vod_search,"{""action"": ""play"", ""query"": {""name"": ""绝命毒师""}}"
S00054,影视,,第2轮,看《绝命毒师》第二集,vod_search,"{""action"": ""play"", ""query"": {""name"": ""绝命毒师"", ""episode"": 2}}"
S00054,影视,,第3轮,《绝命毒师》接着之前看,vod_search,"{""action"": ""play"", ""query"": {""name"": ""绝命毒师""}}"
S00055,影视,,第1轮,播放《西部世界》,vod_search,"{""action"": ""play"", ""query"": {""name"": ""西部世界""}}"
S00055,影视,,第2轮,看《西部世界》第二集,vod_search,"{""action"": ""play"", ""query"": {""name"": ""西部世界"", ""episode"": 2}}"
S00055,影视,,第3轮,《西部世界》接着之前看,vod_search,"{""action"": ""play"", ""query"": {""name"": ""西部世界""}}"
S00056,影视,,第1轮,播放《黑镜》,vod_search,"{""action"": ""play"", ""query"": {""name"": ""黑镜""}}"
S00056,影视,,第2轮,看《黑镜》第二集,vod_search,"{""action"": ""play"", ""query"": {""name"": ""黑镜"", ""episode"": 2}}"
S00056,影视,,第3轮,《黑镜》接着之前看,vod_search,"{""action"": ""play"", ""query"": {""name"": ""黑镜""}}"
S00057,影视,,第1轮,播放《使女的故事》,vod_search,"{""action"": ""play"", ""query"": {""name"": ""使女的故事""}}"
S00057,影视,,第2轮,看《使女的故事》第二集,vod_search,"{""action"": ""play"", ""query"": {""name"": ""使女的故事"", ""episode"": 2}}"
S00057,影视,,第3轮,《使女的故事》接着之前看,vod_search,"{""action"": ""play"", ""query"": {""name"": ""使女的故事""}}"
S00058,影视,,第1轮,播放《王冠》,vod_search,"{""action"": ""play"", ""query"": {""name"": ""王冠""}}"
S00058,影视,,第2轮,看《王冠》第二集,vod_search,"{""action"": ""play"", ""query"": {""name"": ""王冠"", ""episode"": 2}}"
S00058,影视,,第3轮,《王冠》接着之前看,vod_search,"{""action"": ""play"", ""query"": {""name"": ""王冠""}}"
S00059,影视,,第1轮,看场电影《流浪地球》,vod_search,"{""action"": ""play"", ""query"": {""name"": ""流浪地球""}}"
S00059,影视,,第2轮,《流浪地球》从头放,vod_search,"{""action"": ""play"", ""query"": {""name"": ""流浪地球""}}"
S00060,影视,,第1轮,看场电影《满江红》,vod_search,"{""action"": ""play"", ""query"": {""name"": ""满江红""}}"
S00060,影视,,第2轮,《满江红》从头放,vod_search,"{""action"": ""play"", ""query"": {""name"": ""满江红""}}"
S00061,影视,,第1轮,看场电影《你好李焕英》,vod_search,"{""action"": ""play"", ""query"": {""name"": ""你好李焕英""}}"
S00061,影视,,第2轮,《你好李焕英》从头放,vod_search,"{""action"": ""play"", ""query"": {""name"": ""你好李焕英""}}"
S00062,影视,,第1轮,看场电影《长津湖》,vod_search,"{""action"": ""play"", ""query"": {""name"": ""长津湖""}}"
S00062,影视,,第2轮,《长津湖》从头放,vod_search,"{""action"": ""play"", ""query"": {""name"": ""长津湖""}}"
S00063,影视,,第1轮,看场电影《独行月球》,vod_search,"{""action"": ""play"", ""query"": {""name"": ""独行月球""}}"
S00063,影视,,第2轮,《独行月球》从头放,vod_search,"{""action"": ""play"", ""query"": {""name"": ""独行月球""}}"
S00064,影视,,第1轮,看场电影《深海》,vod_search,"{""action"": ""play"", ""query"": {""name"": ""深海""}}"
S00064,影视,,第2轮,《深海》从头放,vod_search,"{""action"": ""play"", ""query"": {""name"": ""深海""}}"
S00065,影视,,第1轮,看场电影《孤注一掷》,vod_search,"{""action"": ""play"", ""query"": {""name"": ""孤注一掷""}}"
S00065,影视,,第2轮,《孤注一掷》从头放,vod_search,"{""action"": ""play"", ""query"": {""name"": ""孤注一掷""}}"
S00066,影视,,第1轮,看场电影《夏洛特烦恼》,vod_search,"{""action"": ""play"", ""query"": {""name"": ""夏洛特烦恼""}}"
S00066,影视,,第2轮,《夏洛特烦恼》从头放,vod_search,"{""action"": ""play"", ""query"": {""name"": ""夏洛特烦恼""}}"
S00067,影视,,第1轮,看场电影《西红柿首富》,vod_search,"{""action"": ""play"", ""query"": {""name"": ""西红柿首富""}}"
S00067,影视,,第2轮,《西红柿首富》从头放,vod_search,"{""action"": ""play"", ""query"": {""name"": ""西红柿首富""}}"
S00068,影视,,第1轮,看场电影《人生大事》,vod_search,"{""action"": ""play"", ""query"": {""name"": ""人生大事""}}"
S00068,影视,,第2轮,《人生大事》从头放,vod_search,"{""action"": ""play"", ""query"": {""name"": ""人生大事""}}"
S00069,影视,,第1轮,看场电影《哪吒》,vod_search,"{""action"": ""play"", ""query"": {""name"": ""哪吒""}}"
S00069,影视,,第2轮,《哪吒》从头放,vod_search,"{""action"": ""play"", ""query"": {""name"": ""哪吒""}}"
S00070,影视,,第1轮,看场电影《姜子牙》,vod_search,"{""action"": ""play"", ""query"": {""name"": ""姜子牙""}}"
S00070,影视,,第2轮,《姜子牙》从头放,vod_search,"{""action"": ""play"", ""query"": {""name"": ""姜子牙""}}"
S00071,影视,,第1轮,看场电影《八佰》,vod_search,"{""action"": ""play"", ""query"": {""name"": ""八佰""}}"
S00071,影视,,第2轮,《八佰》从头放,vod_search,"{""action"": ""play"", ""query"": {""name"": ""八佰""}}"
S00072,影视,,第1轮,看场电影《悬崖之上》,vod_search,"{""action"": ""play"", ""query"": {""name"": ""悬崖之上""}}"
S00072,影视,,第2轮,《悬崖之上》从头放,vod_search,"{""action"": ""play"", ""query"": {""name"": ""悬崖之上""}}"
S00073,影视,,第1轮,看场电影《雄狮少年》,vod_search,"{""action"": ""play"", ""query"": {""name"": ""雄狮少年""}}"
S00073,影视,,第2轮,《雄狮少年》从头放,vod_search,"{""action"": ""play"", ""query"": {""name"": ""雄狮少年""}}"
S00074,影视,,第1轮,看场电影《流浪地球2》,vod_search,"{""action"": ""play"", ""query"": {""name"": ""流浪地球2""}}"
S00074,影视,,第2轮,《流浪地球2》从头放,vod_search,"{""action"": ""play"", ""query"": {""name"": ""流浪地球2""}}"
S00075,影视,,第1轮,看场电影《消失的她》,vod_search,"{""action"": ""play"", ""query"": {""name"": ""消失的她""}}"
S00075,影视,,第2轮,《消失的她》从头放,vod_search,"{""action"": ""play"", ""query"": {""name"": ""消失的她""}}"
S00076,影视,,第1轮,看场电影《八角笼中》,vod_search,"{""action"": ""play"", ""query"": {""name"": ""八角笼中""}}"
S00076,影视,,第2轮,《八角笼中》从头放,vod_search,"{""action"": ""play"", ""query"": {""name"": ""八角笼中""}}"
S00077,影视,,第1轮,看场电影《封神第一部》,vod_search,"{""action"": ""play"", ""query"": {""name"": ""封神第一部""}}"
S00077,影视,,第2轮,《封神第一部》从头放,vod_search,"{""action"": ""play"", ""query"": {""name"": ""封神第一部""}}"
S00078,影视,,第1轮,看场电影《前任4》,vod_search,"{""action"": ""play"", ""query"": {""name"": ""前任4""}}"
S00078,影视,,第2轮,《前任4》从头放,vod_search,"{""action"": ""play"", ""query"": {""name"": ""前任4""}}"
S00079,影视,,第1轮,看场电影《怒火重案》,vod_search,"{""action"": ""play"", ""query"": {""name"": ""怒火重案""}}"
S00079,影视,,第2轮,《怒火重案》从头放,vod_search,"{""action"": ""play"", ""query"": {""name"": ""怒火重案""}}"
S00080,影视,,第1轮,看场电影《神探大战》,vod_search,"{""action"": ""play"", ""query"": {""name"": ""神探大战""}}"
S00080,影视,,第2轮,《神探大战》从头放,vod_search,"{""action"": ""play"", ""query"": {""name"": ""神探大战""}}"
S00081,影视,,第1轮,看场电影《明日战记》,vod_search,"{""action"": ""play"", ""query"": {""name"": ""明日战记""}}"
S00081,影视,,第2轮,《明日战记》从头放,vod_search,"{""action"": ""play"", ""query"": {""name"": ""明日战记""}}"
S00082,影视,,第1轮,看场电影《万里归途》,vod_search,"{""action"": ""play"", ""query"": {""name"": ""万里归途""}}"
S00082,影视,,第2轮,《万里归途》从头放,vod_search,"{""action"": ""play"", ""query"": {""name"": ""万里归途""}}"
S00083,影视,,第1轮,看场电影《反贪风暴5》,vod_search,"{""action"": ""play"", ""query"": {""name"": ""反贪风暴5""}}"
S00083,影视,,第2轮,《反贪风暴5》从头放,vod_search,"{""action"": ""play"", ""query"": {""name"": ""反贪风暴5""}}"
S00084,影视,,第1轮,看场电影《不要烦》,vod_search,"{""action"": ""play"", ""query"": {""name"": ""不要烦""}}"
S00084,影视,,第2轮,《不要烦》从头放,vod_search,"{""action"": ""play"", ""query"": {""name"": ""不要烦""}}"
S00085,影视,,第1轮,看场电影《三重宇宙》,vod_search,"{""action"": ""play"", ""query"": {""name"": ""三重宇宙""}}"
S00085,影视,,第2轮,《三重宇宙》从头放,vod_search,"{""action"": ""play"", ""query"": {""name"": ""三重宇宙""}}"
S00086,影视,,第1轮,看场电影《飞驰人生》,vod_search,"{""action"": ""play"", ""query"": {""name"": ""飞驰人生""}}"
S00086,影视,,第2轮,《飞驰人生》从头放,vod_search,"{""action"": ""play"", ""query"": {""name"": ""飞驰人生""}}"
S00087,影视,,第1轮,看场电影《你好之华》,vod_search,"{""action"": ""play"", ""query"": {""name"": ""你好之华""}}"
S00087,影视,,第2轮,《你好之华》从头放,vod_search,"{""action"": ""play"", ""query"": {""name"": ""你好之华""}}"
S00088,影视,,第1轮,看场电影《我不是药神》,vod_search,"{""action"": ""play"", ""query"": {""name"": ""我不是药神""}}"
S00088,影视,,第2轮,《我不是药神》从头放,vod_search,"{""action"": ""play"", ""query"": {""name"": ""我不是药神""}}"
S00089,影视,,第1轮,找点悬疑的剧,vod_search,"{""action"": ""search"", ""query"": {""and"": [{""field"": ""category"", ""value"": ""电视剧""}, {""field"": ""tag"", ""value"": ""悬疑""}]}}"
S00089,影视,,第2轮,评分高点的悬疑,vod_search,"{""action"": ""search"", ""query"": {""and"": [{""field"": ""category"", ""value"": ""电视剧""}, {""field"": ""tag"", ""value"": ""悬疑""}]}, ""sort"": {""rate"": {""order"": ""desc""}}}"
S00089,影视,,第3轮,国产的、悬疑,vod_search,"{""action"": ""search"", ""query"": {""and"": [{""field"": ""category"", ""value"": ""电视剧""}, {""field"": ""tag"", ""value"": ""悬疑""}, {""field"": ""area"", ""value"": ""国产""}]}}"
S00090,影视,,第1轮,找点喜剧的电影,vod_search,"{""action"": ""search"", ""query"": {""and"": [{""field"": ""category"", ""value"": ""电影""}, {""field"": ""tag"", ""value"": ""喜剧""}]}}"
S00090,影视,,第2轮,评分高点的喜剧,vod_search,"{""action"": ""search"", ""query"": {""and"": [{""field"": ""category"", ""value"": ""电影""}, {""field"": ""tag"", ""value"": ""喜剧""}]}, ""sort"": {""rate"": {""order"": ""desc""}}}"
S00090,影视,,第3轮,国产的、喜剧,vod_search,"{""action"": ""search"", ""query"": {""and"": [{""field"": ""category"", ""value"": ""电影""}, {""field"": ""tag"", ""value"": ""喜剧""}, {""field"": ""area"", ""value"": ""国产""}]}}"
S00091,影视,,第1轮,找点科幻的电影,vod_search,"{""action"": ""search"", ""query"": {""and"": [{""field"": ""category"", ""value"": ""电影""}, {""field"": ""tag"", ""value"": ""科幻""}]}}"
S00091,影视,,第2轮,评分高点的科幻,vod_search,"{""action"": ""search"", ""query"": {""and"": [{""field"": ""category"", ""value"": ""电影""}, {""field"": ""tag"", ""value"": ""科幻""}]}, ""sort"": {""rate"": {""order"": ""desc""}}}"
S00091,影视,,第3轮,国产的、科幻,vod_search,"{""action"": ""search"", ""query"": {""and"": [{""field"": ""category"", ""value"": ""电影""}, {""field"": ""tag"", ""value"": ""科幻""}, {""field"": ""area"", ""value"": ""国产""}]}}"
S00092,影视,,第1轮,找点历史的剧,vod_search,"{""action"": ""search"", ""query"": {""and"": [{""field"": ""category"", ""value"": ""电视剧""}, {""field"": ""tag"", ""value"": ""历史""}]}}"
S00092,影视,,第2轮,评分高点的历史,vod_search,"{""action"": ""search"", ""query"": {""and"": [{""field"": ""category"", ""value"": ""电视剧""}, {""field"": ""tag"", ""value"": ""历史""}]}, ""sort"": {""rate"": {""order"": ""desc""}}}"
S00092,影视,,第3轮,国产的、历史,vod_search,"{""action"": ""search"", ""query"": {""and"": [{""field"": ""category"", ""value"": ""电视剧""}, {""field"": ""tag"", ""value"": ""历史""}, {""field"": ""area"", ""value"": ""国产""}]}}"
S00093,影视,,第1轮,找点刑侦的剧,vod_search,"{""action"": ""search"", ""query"": {""and"": [{""field"": ""category"", ""value"": ""电视剧""}, {""field"": ""tag"", ""value"": ""刑侦""}]}}"
S00093,影视,,第2轮,评分高点的刑侦,vod_search,"{""action"": ""search"", ""query"": {""and"": [{""field"": ""category"", ""value"": ""电视剧""}, {""field"": ""tag"", ""value"": ""刑侦""}]}, ""sort"": {""rate"": {""order"": ""desc""}}}"
S00093,影视,,第3轮,国产的、刑侦,vod_search,"{""action"": ""search"", ""query"": {""and"": [{""field"": ""category"", ""value"": ""电视剧""}, {""field"": ""tag"", ""value"": ""刑侦""}, {""field"": ""area"", ""value"": ""国产""}]}}"
S00094,影视,,第1轮,找点修仙的剧,vod_search,"{""action"": ""search"", ""query"": {""and"": [{""field"": ""category"", ""value"": ""电视剧""}, {""field"": ""tag"", ""value"": ""修仙""}]}}"
S00094,影视,,第2轮,评分高点的修仙,vod_search,"{""action"": ""search"", ""query"": {""and"": [{""field"": ""category"", ""value"": ""电视剧""}, {""field"": ""tag"", ""value"": ""修仙""}]}, ""sort"": {""rate"": {""order"": ""desc""}}}"
S00094,影视,,第3轮,国产的、修仙,vod_search,"{""action"": ""search"", ""query"": {""and"": [{""field"": ""category"", ""value"": ""电视剧""}, {""field"": ""tag"", ""value"": ""修仙""}, {""field"": ""area"", ""value"": ""国产""}]}}"
S00095,影视,,第1轮,找点战争的电影,vod_search,"{""action"": ""search"", ""query"": {""and"": [{""field"": ""category"", ""value"": ""电影""}, {""field"": ""tag"", ""value"": ""战争""}]}}"
S00095,影视,,第2轮,评分高点的战争,vod_search,"{""action"": ""search"", ""query"": {""and"": [{""field"": ""category"", ""value"": ""电影""}, {""field"": ""tag"", ""value"": ""战争""}]}, ""sort"": {""rate"": {""order"": ""desc""}}}"
S00095,影视,,第3轮,国产的、战争,vod_search,"{""action"": ""search"", ""query"": {""and"": [{""field"": ""category"", ""value"": ""电影""}, {""field"": ""tag"", ""value"": ""战争""}, {""field"": ""area"", ""value"": ""国产""}]}}"
S00096,影视,,第1轮,找点都市的剧,vod_search,"{""action"": ""search"", ""query"": {""and"": [{""field"": ""category"", ""value"": ""电视剧""}, {""field"": ""tag"", ""value"": ""都市""}]}}"
S00096,影视,,第2轮,评分高点的都市,vod_search,"{""action"": ""search"", ""query"": {""and"": [{""field"": ""category"", ""value"": ""电视剧""}, {""field"": ""tag"", ""value"": ""都市""}]}, ""sort"": {""rate"": {""order"": ""desc""}}}"
S00096,影视,,第3轮,国产的、都市,vod_search,"{""action"": ""search"", ""query"": {""and"": [{""field"": ""category"", ""value"": ""电视剧""}, {""field"": ""tag"", ""value"": ""都市""}, {""field"": ""area"", ""value"": ""国产""}]}}"
S00097,影视,,第1轮,找点古装的剧,vod_search,"{""action"": ""search"", ""query"": {""and"": [{""field"": ""category"", ""value"": ""电视剧""}, {""field"": ""tag"", ""value"": ""古装""}]}}"
S00097,影视,,第2轮,评分高点的古装,vod_search,"{""action"": ""search"", ""query"": {""and"": [{""field"": ""category"", ""value"": ""电视剧""}, {""field"": ""tag"", ""value"": ""古装""}]}, ""sort"": {""rate"": {""order"": ""desc""}}}"
S00097,影视,,第3轮,国产的、古装,vod_search,"{""action"": ""search"", ""query"": {""and"": [{""field"": ""category"", ""value"": ""电视剧""}, {""field"": ""tag"", ""value"": ""古装""}, {""field"": ""area"", ""value"": ""国产""}]}}"
S00098,影视,,第1轮,找点爱情的电影,vod_search,"{""action"": ""search"", ""query"": {""and"": [{""field"": ""category"", ""value"": ""电影""}, {""field"": ""tag"", ""value"": ""爱情""}]}}"
S00098,影视,,第2轮,评分高点的爱情,vod_search,"{""action"": ""search"", ""query"": {""and"": [{""field"": ""category"", ""value"": ""电影""}, {""field"": ""tag"", ""value"": ""爱情""}]}, ""sort"": {""rate"": {""order"": ""desc""}}}"
S00098,影视,,第3轮,国产的、爱情,vod_search,"{""action"": ""search"", ""query"": {""and"": [{""field"": ""category"", ""value"": ""电影""}, {""field"": ""tag"", ""value"": ""爱情""}, {""field"": ""area"", ""value"": ""国产""}]}}"
S00099,影视,,第1轮,一个警察改行开餐厅,vod_fuzzy_search,"{""query"": ""一个警察改行开餐厅""}"
S00099,影视,,第2轮,一个警察改行开餐厅，悬疑的,vod_fuzzy_search,"{""query"": ""一个警察改行开餐厅 悬疑""}"
S00100,影视,,第1轮,女主是御姐司机,vod_fuzzy_search,"{""query"": ""女主是御姐司机""}"
S00100,影视,,第2轮,女主是御姐司机，悬疑的,vod_fuzzy_search,"{""query"": ""女主是御姐司机 悬疑""}"
S00101,影视,,第1轮,下雨天很多人收伞,vod_fuzzy_search,"{""query"": ""下雨天很多人收伞""}"
S00101,影视,,第2轮,下雨天很多人收伞，悬疑的,vod_fuzzy_search,"{""query"": ""下雨天很多人收伞 悬疑""}"
S00102,影视,,第1轮,森林里有只会说话的狐狸,vod_fuzzy_search,"{""query"": ""森林里有只会说话的狐狸""}"
S00102,影视,,第2轮,森林里有只会说话的狐狸，悬疑的,vod_fuzzy_search,"{""query"": ""森林里有只会说话的狐狸 悬疑""}"
S00103,影视,,第1轮,末世幸存者抱团取暖,vod_fuzzy_search,"{""query"": ""末世幸存者抱团取暖""}"
S00103,影视,,第2轮,末世幸存者抱团取暖，悬疑的,vod_fuzzy_search,"{""query"": ""末世幸存者抱团取暖 悬疑""}"
S00104,影视,,第1轮,两个不搭的侦探组队,vod_fuzzy_search,"{""query"": ""两个不搭的侦探组队""}"
S00104,影视,,第2轮,两个不搭的侦探组队，悬疑的,vod_fuzzy_search,"{""query"": ""两个不搭的侦探组队 悬疑""}"
S00105,影视,,第1轮,雪山脚下的小镇,vod_fuzzy_search,"{""query"": ""雪山脚下的小镇""}"
S00105,影视,,第2轮,雪山脚下的小镇，悬疑的,vod_fuzzy_search,"{""query"": ""雪山脚下的小镇 悬疑""}"
S00106,影视,,第1轮,一模一样的两家人,vod_fuzzy_search,"{""query"": ""一模一样的两家人""}"
S00106,影视,,第2轮,一模一样的两家人，悬疑的,vod_fuzzy_search,"{""query"": ""一模一样的两家人 悬疑""}"
S00107,影视,,第1轮,主角掉进古墓,vod_fuzzy_search,"{""query"": ""主角掉进古墓""}"
S00107,影视,,第2轮,主角掉进古墓，悬疑的,vod_fuzzy_search,"{""query"": ""主角掉进古墓 悬疑""}"
S00108,影视,,第1轮,时空循环反复一天,vod_fuzzy_search,"{""query"": ""时空循环反复一天""}"
S00108,影视,,第2轮,时空循环反复一天，悬疑的,vod_fuzzy_search,"{""query"": ""时空循环反复一天 悬疑""}"
S00109,影视,,第1轮,看完《三体》想找类似的,vod_relate_search,"{""query"": ""三体""}"
S00109,影视,,第2轮,《三体》这类轻松点的,vod_relate_search,"{""query"": ""三体 轻松""}"
S00110,影视,,第1轮,看完《庆余年》想找类似的,vod_relate_search,"{""query"": ""庆余年""}"
S00110,影视,,第2轮,《庆余年》这类轻松点的,vod_relate_search,"{""query"": ""庆余年 轻松""}"
S00111,影视,,第1轮,看完《狂飙》想找类似的,vod_relate_search,"{""query"": ""狂飙""}"
S00111,影视,,第2轮,《狂飙》这类轻松点的,vod_relate_search,"{""query"": ""狂飙 轻松""}"
S00112,影视,,第1轮,看完《琅琊榜》想找类似的,vod_relate_search,"{""query"": ""琅琊榜""}"
S00112,影视,,第2轮,《琅琊榜》这类轻松点的,vod_relate_search,"{""query"": ""琅琊榜 轻松""}"
S00113,影视,,第1轮,看完《人世间》想找类似的,vod_relate_search,"{""query"": ""人世间""}"
S00113,影视,,第2轮,《人世间》这类轻松点的,vod_relate_search,"{""query"": ""人世间 轻松""}"
S00114,影视,,第1轮,看完《山海情》想找类似的,vod_relate_search,"{""query"": ""山海情""}"
S00114,影视,,第2轮,《山海情》这类轻松点的,vod_relate_search,"{""query"": ""山海情 轻松""}"
S00115,影视,,第1轮,我看过的电影,vod_history,"{""category"": ""电影""}"
S00116,影视,,第1轮,我看过的电视剧,vod_history,"{""category"": ""电视剧""}"
S00117,影视,,第1轮,本周看的动画,vod_history,"{""category"": ""动画"", ""time"": ""本周""}"
S00118,影视,,第1轮,上周看的综艺,vod_history,"{""category"": ""综艺"", ""time"": ""上周""}"
S00119,影视,,第1轮,推荐点我喜欢看的科幻,vod_personalized_search,"{""category"": ""科幻""}"
S00120,影视,,第1轮,推荐点我喜欢看的悬疑,vod_personalized_search,"{""category"": ""悬疑""}"
S00121,影视,,第1轮,推荐点我喜欢看的喜剧,vod_personalized_search,"{""category"": ""喜剧""}"
S00122,影视,,第1轮,推荐点我喜欢看的动画,vod_personalized_search,"{""category"": ""动画""}"
S00123,影视,,第1轮,全平台找少儿动漫,vod_search_all,"{""action"": ""search"", ""query"": {""and"": [{""field"": ""tag"", ""value"": ""少儿动漫""}]}}"
S00124,影视,,第1轮,全平台找记录片,vod_search_all,"{""action"": ""search"", ""query"": {""and"": [{""field"": ""tag"", ""value"": ""记录片""}]}}"
S00125,影视,,第1轮,全平台找演唱会,vod_search_all,"{""action"": ""search"", ""query"": {""and"": [{""field"": ""tag"", ""value"": ""演唱会""}]}}"
S00126,影视,,第1轮,全平台找话剧现场,vod_search_all,"{""action"": ""search"", ""query"": {""and"": [{""field"": ""tag"", ""value"": ""话剧现场""}]}}"
S00127,影视,,第1轮,全平台找戏曲,vod_search_all,"{""action"": ""search"", ""query"": {""and"": [{""field"": ""tag"", ""value"": ""戏曲""}]}}"
S00128,音乐,,第1轮,放首《晴天》,music_song_search,"{""song"": [""晴天""]}"
S00129,音乐,,第1轮,放首《稻香》,music_song_search,"{""song"": [""稻香""]}"
S00129,音乐,,第2轮,循环放《稻香》,music_song_search,"{""song"": [""稻香""], ""tag"": [""循环""]}"
S00130,音乐,,第1轮,放首《孤勇者》,music_song_search,"{""song"": [""孤勇者""]}"
S00130,音乐,,第2轮,循环放《孤勇者》,music_song_search,"{""song"": [""孤勇者""], ""tag"": [""循环""]}"
S00131,音乐,,第1轮,放首《海阔天空》,music_song_search,"{""song"": [""海阔天空""]}"
S00131,音乐,,第2轮,循环放《海阔天空》,music_song_search,"{""song"": [""海阔天空""], ""tag"": [""循环""]}"
S00132,音乐,,第1轮,放首《泡沫》,music_song_search,"{""song"": [""泡沫""]}"
S00132,音乐,,第2轮,循环放《泡沫》,music_song_search,"{""song"": [""泡沫""], ""tag"": [""循环""]}"
S00133,音乐,,第1轮,放首《光年之外》,music_song_search,"{""song"": [""光年之外""]}"
S00133,音乐,,第2轮,循环放《光年之外》,music_song_search,"{""song"": [""光年之外""], ""tag"": [""循环""]}"
S00134,音乐,,第1轮,放首《夜空中最亮的星》,music_song_search,"{""song"": [""夜空中最亮的星""]}"
S00134,音乐,,第2轮,循环放《夜空中最亮的星》,music_song_search,"{""song"": [""夜空中最亮的星""], ""tag"": [""循环""]}"
S00135,音乐,,第1轮,放首《年少有为》,music_song_search,"{""song"": [""年少有为""]}"
S00135,音乐,,第2轮,循环放《年少有为》,music_song_search,"{""song"": [""年少有为""], ""tag"": [""循环""]}"
S00136,音乐,,第1轮,放首《富士山下》,music_song_search,"{""song"": [""富士山下""]}"
S00136,音乐,,第2轮,循环放《富士山下》,music_song_search,"{""song"": [""富士山下""], ""tag"": [""循环""]}"
S00137,音乐,,第1轮,放首《十年》,music_song_search,"{""song"": [""十年""]}"
S00137,音乐,,第2轮,循环放《十年》,music_song_search,"{""song"": [""十年""], ""tag"": [""循环""]}"
S00138,音乐,,第1轮,放首《平凡之路》,music_song_search,"{""song"": [""平凡之路""]}"
S00138,音乐,,第2轮,循环放《平凡之路》,music_song_search,"{""song"": [""平凡之路""], ""tag"": [""循环""]}"
S00139,音乐,,第1轮,放首《成都》,music_song_search,"{""song"": [""成都""]}"
S00139,音乐,,第2轮,循环放《成都》,music_song_search,"{""song"": [""成都""], ""tag"": [""循环""]}"
S00140,音乐,,第1轮,放首《体面》,music_song_search,"{""song"": [""体面""]}"
S00140,音乐,,第2轮,循环放《体面》,music_song_search,"{""song"": [""体面""], ""tag"": [""循环""]}"
S00141,音乐,,第1轮,放首《小幸运》,music_song_search,"{""song"": [""小幸运""]}"
S00141,音乐,,第2轮,循环放《小幸运》,music_song_search,"{""song"": [""小幸运""], ""tag"": [""循环""]}"
S00142,音乐,,第1轮,放首《追光者》,music_song_search,"{""song"": [""追光者""]}"
S00142,音乐,,第2轮,循环放《追光者》,music_song_search,"{""song"": [""追光者""], ""tag"": [""循环""]}"
S00143,音乐,,第1轮,放首《起风了》,music_song_search,"{""song"": [""起风了""]}"
S00143,音乐,,第2轮,循环放《起风了》,music_song_search,"{""song"": [""起风了""], ""tag"": [""循环""]}"
S00144,音乐,,第1轮,放首《贝加尔湖畔》,music_song_search,"{""song"": [""贝加尔湖畔""]}"
S00144,音乐,,第2轮,循环放《贝加尔湖畔》,music_song_search,"{""song"": [""贝加尔湖畔""], ""tag"": [""循环""]}"
S00145,音乐,,第1轮,放首《上海滩》,music_song_search,"{""song"": [""上海滩""]}"
S00145,音乐,,第2轮,循环放《上海滩》,music_song_search,"{""song"": [""上海滩""], ""tag"": [""循环""]}"
S00146,音乐,,第1轮,放首《烟花易冷》,music_song_search,"{""song"": [""烟花易冷""]}"
S00146,音乐,,第2轮,循环放《烟花易冷》,music_song_search,"{""song"": [""烟花易冷""], ""tag"": [""循环""]}"
S00147,音乐,,第1轮,放首《好久不见》,music_song_search,"{""song"": [""好久不见""]}"
S00147,音乐,,第2轮,循环放《好久不见》,music_song_search,"{""song"": [""好久不见""], ""tag"": [""循环""]}"
S00148,音乐,,第1轮,放首《演员》,music_song_search,"{""song"": [""演员""]}"
S00148,音乐,,第2轮,循环放《演员》,music_song_search,"{""song"": [""演员""], ""tag"": [""循环""]}"
S00149,音乐,,第1轮,放首《让我欢喜让我忧》,music_song_search,"{""song"": [""让我欢喜让我忧""]}"
S00149,音乐,,第2轮,循环放《让我欢喜让我忧》,music_song_search,"{""song"": [""让我欢喜让我忧""], ""tag"": [""循环""]}"
S00150,音乐,,第1轮,放首《将军令》,music_song_search,"{""song"": [""将军令""]}"
S00150,音乐,,第2轮,循环放《将军令》,music_song_search,"{""song"": [""将军令""], ""tag"": [""循环""]}"
S00151,音乐,,第1轮,放首《雨下一整晚》,music_song_search,"{""song"": [""雨下一整晚""]}"
S00151,音乐,,第2轮,循环放《雨下一整晚》,music_song_search,"{""song"": [""雨下一整晚""], ""tag"": [""循环""]}"
S00152,音乐,,第1轮,放首《刀 bro火海》,music_song_search,"{""song"": [""刀 bro火海""]}"
S00152,音乐,,第2轮,循环放《刀 bro火海》,music_song_search,"{""song"": [""刀 bro火海""], ""tag"": [""循环""]}"
S00153,音乐,,第1轮,放首《罗刹海市》,music_song_search,"{""song"": [""罗刹海市""]}"
S00153,音乐,,第2轮,循环放《罗刹海市》,music_song_search,"{""song"": [""罗刹海市""], ""tag"": [""循环""]}"
S00154,音乐,,第1轮,放首《南山南》,music_song_search,"{""song"": [""南山南""]}"
S00154,音乐,,第2轮,循环放《南山南》,music_song_search,"{""song"": [""南山南""], ""tag"": [""循环""]}"
S00155,音乐,,第1轮,放首《董小姐》,music_song_search,"{""song"": [""董小姐""]}"
S00155,音乐,,第2轮,循环放《董小姐》,music_song_search,"{""song"": [""董小姐""], ""tag"": [""循环""]}"
S00156,音乐,,第1轮,放首《花海》,music_song_search,"{""song"": [""花海""]}"
S00156,音乐,,第2轮,循环放《花海》,music_song_search,"{""song"": [""花海""], ""tag"": [""循环""]}"
S00157,音乐,,第1轮,放首《给一首歌的时间》,music_song_search,"{""song"": [""给一首歌的时间""]}"
S00157,音乐,,第2轮,循环放《给一首歌的时间》,music_song_search,"{""song"": [""给一首歌的时间""], ""tag"": [""循环""]}"
S00158,音乐,,第1轮,放首《双节棍》,music_song_search,"{""song"": [""双节棍""]}"
S00158,音乐,,第2轮,循环放《双节棍》,music_song_search,"{""song"": [""双节棍""], ""tag"": [""循环""]}"
S00159,音乐,,第1轮,放首《安静》,music_song_search,"{""song"": [""安静""]}"
S00159,音乐,,第2轮,循环放《安静》,music_song_search,"{""song"": [""安静""], ""tag"": [""循环""]}"
S00160,音乐,,第1轮,放首《珊瑚海》,music_song_search,"{""song"": [""珊瑚海""]}"
S00160,音乐,,第2轮,循环放《珊瑚海》,music_song_search,"{""song"": [""珊瑚海""], ""tag"": [""循环""]}"
S00161,音乐,,第1轮,放首《布拉格广场》,music_song_search,"{""song"": [""布拉格广场""]}"
S00161,音乐,,第2轮,循环放《布拉格广场》,music_song_search,"{""song"": [""布拉格广场""], ""tag"": [""循环""]}"
S00162,音乐,,第1轮,放首《逆光》,music_song_search,"{""song"": [""逆光""]}"
S00162,音乐,,第2轮,循环放《逆光》,music_song_search,"{""song"": [""逆光""], ""tag"": [""循环""]}"
S00163,音乐,,第1轮,放首《玫瑰花的葬礼》,music_song_search,"{""song"": [""玫瑰花的葬礼""]}"
S00163,音乐,,第2轮,循环放《玫瑰花的葬礼》,music_song_search,"{""song"": [""玫瑰花的葬礼""], ""tag"": [""循环""]}"
S00164,音乐,,第1轮,放首《老男孩》,music_song_search,"{""song"": [""老男孩""]}"
S00164,音乐,,第2轮,循环放《老男孩》,music_song_search,"{""song"": [""老男孩""], ""tag"": [""循环""]}"
S00165,音乐,,第1轮,放首《白桦林》,music_song_search,"{""song"": [""白桦林""]}"
S00165,音乐,,第2轮,循环放《白桦林》,music_song_search,"{""song"": [""白桦林""], ""tag"": [""循环""]}"
S00166,音乐,,第1轮,放首《荒漠甘泉》,music_song_search,"{""song"": [""荒漠甘泉""]}"
S00166,音乐,,第2轮,循环放《荒漠甘泉》,music_song_search,"{""song"": [""荒漠甘泉""], ""tag"": [""循环""]}"
S00167,音乐,,第1轮,放首《千年等一回》,music_song_search,"{""song"": [""千年等一回""]}"
S00167,音乐,,第2轮,循环放《千年等一回》,music_song_search,"{""song"": [""千年等一回""], ""tag"": [""循环""]}"
S00168,音乐,,第1轮,放点凤凰传奇的歌,music_song_search,"{""singer"": [""凤凰传奇""]}"
S00168,音乐,,第2轮,来首凤凰传奇最经典的,music_song_search,"{""singer"": [""凤凰传奇""], ""tag"": [""经典""]}"
S00169,音乐,,第1轮,放点陈粒的歌,music_song_search,"{""singer"": [""陈粒""]}"
S00169,音乐,,第2轮,来首陈粒最经典的,music_song_search,"{""singer"": [""陈粒""], ""tag"": [""经典""]}"
S00170,音乐,,第1轮,放点赵雷的歌,music_song_search,"{""singer"": [""赵雷""]}"
S00170,音乐,,第2轮,来首赵雷最经典的,music_song_search,"{""singer"": [""赵雷""], ""tag"": [""经典""]}"
S00171,音乐,,第1轮,放点宋冬野的歌,music_song_search,"{""singer"": [""宋冬野""]}"
S00171,音乐,,第2轮,来首宋冬野最经典的,music_song_search,"{""singer"": [""宋冬野""], ""tag"": [""经典""]}"
S00172,音乐,,第1轮,放点李荣昌的歌,music_song_search,"{""singer"": [""李荣昌""]}"
S00172,音乐,,第2轮,来首李荣昌最经典的,music_song_search,"{""singer"": [""李荣昌""], ""tag"": [""经典""]}"
S00173,音乐,,第1轮,放点汪峰的歌,music_song_search,"{""singer"": [""汪峰""]}"
S00173,音乐,,第2轮,来首汪峰最经典的,music_song_search,"{""singer"": [""汪峰""], ""tag"": [""经典""]}"
S00174,音乐,,第1轮,放点许巍的歌,music_song_search,"{""singer"": [""许巍""]}"
S00174,音乐,,第2轮,来首许巍最经典的,music_song_search,"{""singer"": [""许巍""], ""tag"": [""经典""]}"
S00175,音乐,,第1轮,放点林忆莲的歌,music_song_search,"{""singer"": [""林忆莲""]}"
S00175,音乐,,第2轮,来首林忆莲最经典的,music_song_search,"{""singer"": [""林忆莲""], ""tag"": [""经典""]}"
S00176,音乐,,第1轮,放点张剪影的歌,music_song_search,"{""singer"": [""张剪影""]}"
S00176,音乐,,第2轮,来首张剪影最经典的,music_song_search,"{""singer"": [""张剪影""], ""tag"": [""经典""]}"
S00177,音乐,,第1轮,放点李宇春的歌,music_song_search,"{""singer"": [""李宇春""]}"
S00177,音乐,,第2轮,来首李宇春最经典的,music_song_search,"{""singer"": [""李宇春""], ""tag"": [""经典""]}"
S00178,音乐,,第1轮,放点华晨宇的歌,music_song_search,"{""singer"": [""华晨宇""]}"
S00178,音乐,,第2轮,来首华晨宇最经典的,music_song_search,"{""singer"": [""华晨宇""], ""tag"": [""经典""]}"
S00179,音乐,,第1轮,放点张碧晨的歌,music_song_search,"{""singer"": [""张碧晨""]}"
S00179,音乐,,第2轮,来首张碧晨最经典的,music_song_search,"{""singer"": [""张碧晨""], ""tag"": [""经典""]}"
S00180,音乐,,第1轮,放点刘若英的歌,music_song_search,"{""singer"": [""刘若英""]}"
S00180,音乐,,第2轮,来首刘若英最经典的,music_song_search,"{""singer"": [""刘若英""], ""tag"": [""经典""]}"
S00181,音乐,,第1轮,放点田馥甄的歌,music_song_search,"{""singer"": [""田馥甄""]}"
S00181,音乐,,第2轮,来首田馥甄最经典的,music_song_search,"{""singer"": [""田馥甄""], ""tag"": [""经典""]}"
S00182,音乐,,第1轮,放点吴青峰的歌,music_song_search,"{""singer"": [""吴青峰""]}"
S00182,音乐,,第2轮,来首吴青峰最经典的,music_song_search,"{""singer"": [""吴青峰""], ""tag"": [""经典""]}"
S00183,音乐,,第1轮,放点黄飘的歌,music_song_search,"{""singer"": [""黄飘""]}"
S00183,音乐,,第2轮,来首黄飘最经典的,music_song_search,"{""singer"": [""黄飘""], ""tag"": [""经典""]}"
S00184,音乐,,第1轮,放点齐奏的歌,music_song_search,"{""singer"": [""齐奏""]}"
S00184,音乐,,第2轮,来首齐奏最经典的,music_song_search,"{""singer"": [""齐奏""], ""tag"": [""经典""]}"
S00185,音乐,,第1轮,放点罗大佑的歌,music_song_search,"{""singer"": [""罗大佑""]}"
S00185,音乐,,第2轮,来首罗大佑最经典的,music_song_search,"{""singer"": [""罗大佑""], ""tag"": [""经典""]}"
S00186,音乐,,第1轮,放点李宗盛的歌,music_song_search,"{""singer"": [""李宗盛""]}"
S00186,音乐,,第2轮,来首李宗盛最经典的,music_song_search,"{""singer"": [""李宗盛""], ""tag"": [""经典""]}"
S00187,音乐,,第1轮,放点陈慧娴的歌,music_song_search,"{""singer"": [""陈慧娴""]}"
S00187,音乐,,第2轮,来首陈慧娴最经典的,music_song_search,"{""singer"": [""陈慧娴""], ""tag"": [""经典""]}"
S00188,音乐,,第1轮,放点草蜢的歌,music_song_search,"{""singer"": [""草蜢""]}"
S00188,音乐,,第2轮,来首草蜢最经典的,music_song_search,"{""singer"": [""草蜢""], ""tag"": [""经典""]}"
S00189,音乐,,第1轮,放点Beyond的歌,music_song_search,"{""singer"": [""Beyond""]}"
S00189,音乐,,第2轮,来首Beyond最经典的,music_song_search,"{""singer"": [""Beyond""], ""tag"": [""经典""]}"
S00190,音乐,,第1轮,放点动力火车的歌,music_song_search,"{""singer"": [""动力火车""]}"
S00190,音乐,,第2轮,来首动力火车最经典的,music_song_search,"{""singer"": [""动力火车""], ""tag"": [""经典""]}"
S00191,音乐,,第1轮,放点无印良品的歌,music_song_search,"{""singer"": [""无印良品""]}"
S00191,音乐,,第2轮,来首无印良品最经典的,music_song_search,"{""singer"": [""无印良品""], ""tag"": [""经典""]}"
S00192,音乐,,第1轮,放点S.H.E的歌,music_song_search,"{""singer"": [""S.H.E""]}"
S00192,音乐,,第2轮,来首S.H.E最经典的,music_song_search,"{""singer"": [""S.H.E""], ""tag"": [""经典""]}"
S00193,音乐,,第1轮,放点林志炫的歌,music_song_search,"{""singer"": [""林志炫""]}"
S00193,音乐,,第2轮,来首林志炫最经典的,music_song_search,"{""singer"": [""林志炫""], ""tag"": [""经典""]}"
S00194,音乐,,第1轮,放点杨宗纬的歌,music_song_search,"{""singer"": [""杨宗纬""]}"
S00194,音乐,,第2轮,来首杨宗纬最经典的,music_song_search,"{""singer"": [""杨宗纬""], ""tag"": [""经典""]}"
S00195,音乐,,第1轮,放点周传雄的歌,music_song_search,"{""singer"": [""周传雄""]}"
S00195,音乐,,第2轮,来首周传雄最经典的,music_song_search,"{""singer"": [""周传雄""], ""tag"": [""经典""]}"
S00196,音乐,,第1轮,放点许嵩的歌,music_song_search,"{""singer"": [""许嵩""]}"
S00196,音乐,,第2轮,来首许嵩最经典的,music_song_search,"{""singer"": [""许嵩""], ""tag"": [""经典""]}"
S00197,音乐,,第1轮,放点汪苏泷的歌,music_song_search,"{""singer"": [""汪苏泷""]}"
S00197,音乐,,第2轮,来首汪苏泷最经典的,music_song_search,"{""singer"": [""汪苏泷""], ""tag"": [""经典""]}"
S00198,音乐,,第1轮,看《晴天》MV,music_song_mv_search,"{""song"": [""晴天""]}"
S00198,音乐,,第2轮,《晴天》MV 高清版,music_song_mv_search,"{""song"": [""晴天""]}"
S00199,音乐,,第1轮,看《稻香》MV,music_song_mv_search,"{""song"": [""稻香""]}"
S00199,音乐,,第2轮,《稻香》MV 高清版,music_song_mv_search,"{""song"": [""稻香""]}"
S00200,音乐,,第1轮,看《孤勇者》MV,music_song_mv_search,"{""song"": [""孤勇者""]}"
S00200,音乐,,第2轮,《孤勇者》MV 高清版,music_song_mv_search,"{""song"": [""孤勇者""]}"
S00201,音乐,,第1轮,看《海阔天空》MV,music_song_mv_search,"{""song"": [""海阔天空""]}"
S00201,音乐,,第2轮,《海阔天空》MV 高清版,music_song_mv_search,"{""song"": [""海阔天空""]}"
S00202,音乐,,第1轮,看《平凡之路》MV,music_song_mv_search,"{""song"": [""平凡之路""]}"
S00202,音乐,,第2轮,《平凡之路》MV 高清版,music_song_mv_search,"{""song"": [""平凡之路""]}"
S00203,音乐,,第1轮,QQ音乐放《晴天》,music_song_qqmusic_search,"{""keywords"": [""晴天""]}"
S00204,音乐,,第1轮,QQ音乐放《稻香》,music_song_qqmusic_search,"{""keywords"": [""稻香""]}"
S00205,音乐,,第1轮,QQ音乐放《孤勇者》,music_song_qqmusic_search,"{""keywords"": [""孤勇者""]}"
S00206,音乐,,第1轮,QQ音乐放《我太笨》,music_song_qqmusic_search,"{""keywords"": [""我太笨""]}"
S00207,音乐,,第1轮,随便放点,music_song_recommend,"{""retext"": ""随便放点""}"
S00208,音乐,,第1轮,随心听,music_song_recommend,"{""retext"": ""随心听""}"
S00209,音乐,,第1轮,来点放松的,music_song_recommend,"{""retext"": ""来点放松的""}"
S00210,音乐,,第1轮,开车听什么,music_song_recommend,"{""retext"": ""开车听什么""}"
S00211,音乐,,第1轮,我最近听的歌,music_song_history,"{""retext"": ""我最近听的歌""}"
S00212,音乐,,第1轮,昨天听的歌,music_song_history,"{""retext"": ""昨天听的歌""}"
S00213,音乐,,第1轮,上周的音乐播放记录,music_song_history,"{""retext"": ""上周的音乐播放记录""}"
S00214,音乐,,第1轮,我收藏的歌,music_song_favorite_search,"{""retext"": ""我收藏的歌""}"
S00215,音乐,,第1轮,收藏里的周杰伦,music_song_favorite_search,"{""retext"": ""收藏里的周杰伦""}"
S00216,音乐,,第1轮,收藏的民谣,music_song_favorite_search,"{""retext"": ""收藏的民谣""}"
S00217,音乐,,第1轮,K歌《泡沫》,music_ksong_search,"{""song"": [""泡沫""]}"
S00218,音乐,,第1轮,K歌《孤勇者》,music_ksong_search,"{""song"": [""孤勇者""]}"
S00219,音乐,,第1轮,K歌《平凡之路》,music_ksong_search,"{""song"": [""平凡之路""]}"
S00220,音乐,,第1轮,K歌《十年》,music_ksong_search,"{""song"": [""十年""]}"
S00221,音乐,,第1轮,K歌《演员》,music_ksong_search,"{""song"": [""演员""]}"
S00222,音乐,,第1轮,在CCTV15放点音乐,tvchannel_music_search,"{""retext"": ""CCTV15放音乐""}"
S00223,音乐,,第1轮,在湖南卫视放点音乐,tvchannel_music_search,"{""retext"": ""湖南卫视放音乐""}"
S00224,音乐,,第1轮,在东方卫视放点音乐,tvchannel_music_search,"{""retext"": ""东方卫视放音乐""}"
S00225,音乐,,第1轮,在江苏卫视放点音乐,tvchannel_music_search,"{""retext"": ""江苏卫视放音乐""}"
S00226,音乐,,第1轮,在浙江卫视放点音乐,tvchannel_music_search,"{""retext"": ""浙江卫视放音乐""}"
S00227,音乐,,第1轮,天青色等烟雨这句歌词的歌,music_song_search,"{""lyrics"": [""天青色等烟雨""]}"
S00228,音乐,,第1轮,歌词里有'最浪漫的事',music_song_search,"{""lyrics"": [""最浪漫的事""]}"
S00229,音乐,,第1轮,'夜空中最亮的星'的歌词,music_song_search,"{""lyrics"": [""夜空中最亮的星""]}"
S00230,有声,,第1轮,听《三体》,audio_search,"{""action"": ""play"", ""query"": ""三体""}"
S00230,有声,,第2轮,《三体》从头播,audio_search,"{""action"": ""play"", ""query"": ""三体""}"
S00231,有声,,第1轮,听《盗墓笔记》,audio_search,"{""action"": ""play"", ""query"": ""盗墓笔记""}"
S00231,有声,,第2轮,《盗墓笔记》从头播,audio_search,"{""action"": ""play"", ""query"": ""盗墓笔记""}"
S00232,有声,,第1轮,听《鬼吹灯》,audio_search,"{""action"": ""play"", ""query"": ""鬼吹灯""}"
S00232,有声,,第2轮,《鬼吹灯》从头播,audio_search,"{""action"": ""play"", ""query"": ""鬼吹灯""}"
S00233,有声,,第1轮,听《活着》,audio_search,"{""action"": ""play"", ""query"": ""活着""}"
S00233,有声,,第2轮,《活着》从头播,audio_search,"{""action"": ""play"", ""query"": ""活着""}"
S00234,有声,,第1轮,听《平凡的世界》,audio_search,"{""action"": ""play"", ""query"": ""平凡的世界""}"
S00234,有声,,第2轮,《平凡的世界》从头播,audio_search,"{""action"": ""play"", ""query"": ""平凡的世界""}"
S00235,有声,,第1轮,听《白鹿原》,audio_search,"{""action"": ""play"", ""query"": ""白鹿原""}"
S00235,有声,,第2轮,《白鹿原》从头播,audio_search,"{""action"": ""play"", ""query"": ""白鹿原""}"
S00236,有声,,第1轮,听《狼图腾》,audio_search,"{""action"": ""play"", ""query"": ""狼图腾""}"
S00236,有声,,第2轮,《狼图腾》从头播,audio_search,"{""action"": ""play"", ""query"": ""狼图腾""}"
S00237,有声,,第1轮,听《明朝那些事儿》,audio_search,"{""action"": ""play"", ""query"": ""明朝那些事儿""}"
S00237,有声,,第2轮,《明朝那些事儿》从头播,audio_search,"{""action"": ""play"", ""query"": ""明朝那些事儿""}"
S00238,有声,,第1轮,听《哈利波特》,audio_search,"{""action"": ""play"", ""query"": ""哈利波特""}"
S00238,有声,,第2轮,《哈利波特》从头播,audio_search,"{""action"": ""play"", ""query"": ""哈利波特""}"
S00239,有声,,第1轮,听《三国演义》,audio_search,"{""action"": ""play"", ""query"": ""三国演义""}"
S00239,有声,,第2轮,《三国演义》从头播,audio_search,"{""action"": ""play"", ""query"": ""三国演义""}"
S00240,有声,,第1轮,听《西游记》,audio_search,"{""action"": ""play"", ""query"": ""西游记""}"
S00240,有声,,第2轮,《西游记》从头播,audio_search,"{""action"": ""play"", ""query"": ""西游记""}"
S00241,有声,,第1轮,听《红楼梦》,audio_search,"{""action"": ""play"", ""query"": ""红楼梦""}"
S00241,有声,,第2轮,《红楼梦》从头播,audio_search,"{""action"": ""play"", ""query"": ""红楼梦""}"
S00242,有声,,第1轮,听《封神演义》,audio_search,"{""action"": ""play"", ""query"": ""封神演义""}"
S00242,有声,,第2轮,《封神演义》从头播,audio_search,"{""action"": ""play"", ""query"": ""封神演义""}"
S00243,有声,,第1轮,听《龙族》,audio_search,"{""action"": ""play"", ""query"": ""龙族""}"
S00243,有声,,第2轮,《龙族》从头播,audio_search,"{""action"": ""play"", ""query"": ""龙族""}"
S00244,有声,,第1轮,听《紫川》,audio_search,"{""action"": ""play"", ""query"": ""紫川""}"
S00244,有声,,第2轮,《紫川》从头播,audio_search,"{""action"": ""play"", ""query"": ""紫川""}"
S00245,有声,,第1轮,听《斗罗大陆》,audio_search,"{""action"": ""play"", ""query"": ""斗罗大陆""}"
S00245,有声,,第2轮,《斗罗大陆》从头播,audio_search,"{""action"": ""play"", ""query"": ""斗罗大陆""}"
S00246,有声,,第1轮,听《诛仙》,audio_search,"{""action"": ""play"", ""query"": ""诛仙""}"
S00246,有声,,第2轮,《诛仙》从头播,audio_search,"{""action"": ""play"", ""query"": ""诛仙""}"
S00247,有声,,第1轮,听《城南旧事》,audio_search,"{""action"": ""play"", ""query"": ""城南旧事""}"
S00247,有声,,第2轮,《城南旧事》从头播,audio_search,"{""action"": ""play"", ""query"": ""城南旧事""}"
S00248,有声,,第1轮,听《西游记后传》,audio_search,"{""action"": ""play"", ""query"": ""西游记后传""}"
S00248,有声,,第2轮,《西游记后传》从头播,audio_search,"{""action"": ""play"", ""query"": ""西游记后传""}"
S00249,有声,,第1轮,听《雪中悍刀行》,audio_search,"{""action"": ""play"", ""query"": ""雪中悍刀行""}"
S00249,有声,,第2轮,《雪中悍刀行》从头播,audio_search,"{""action"": ""play"", ""query"": ""雪中悍刀行""}"
S00250,有声,,第1轮,听《基督山伯爵》,audio_search,"{""action"": ""play"", ""query"": ""基督山伯爵""}"
S00250,有声,,第2轮,《基督山伯爵》从头播,audio_search,"{""action"": ""play"", ""query"": ""基督山伯爵""}"
S00251,有声,,第1轮,听《九州缥缈录》,audio_search,"{""action"": ""play"", ""query"": ""九州缥缈录""}"
S00251,有声,,第2轮,《九州缥缈录》从头播,audio_search,"{""action"": ""play"", ""query"": ""九州缥缈录""}"
S00252,有声,,第1轮,听《凡人修仙传》,audio_search,"{""action"": ""play"", ""query"": ""凡人修仙传""}"
S00252,有声,,第2轮,《凡人修仙传》从头播,audio_search,"{""action"": ""play"", ""query"": ""凡人修仙传""}"
S00253,有声,,第1轮,听《遮天》,audio_search,"{""action"": ""play"", ""query"": ""遮天""}"
S00253,有声,,第2轮,《遮天》从头播,audio_search,"{""action"": ""play"", ""query"": ""遮天""}"
S00254,有声,,第1轮,听《完美世界》,audio_search,"{""action"": ""play"", ""query"": ""完美世界""}"
S00254,有声,,第2轮,《完美世界》从头播,audio_search,"{""action"": ""play"", ""query"": ""完美世界""}"
S00255,有声,,第1轮,听《将夜》,audio_search,"{""action"": ""play"", ""query"": ""将夜""}"
S00255,有声,,第2轮,《将夜》从头播,audio_search,"{""action"": ""play"", ""query"": ""将夜""}"
S00256,有声,,第1轮,听《庆余年原著》,audio_search,"{""action"": ""play"", ""query"": ""庆余年原著""}"
S00256,有声,,第2轮,《庆余年原著》从头播,audio_search,"{""action"": ""play"", ""query"": ""庆余年原著""}"
S00257,有声,,第1轮,听《大奉打更人》,audio_search,"{""action"": ""play"", ""query"": ""大奉打更人""}"
S00257,有声,,第2轮,《大奉打更人》从头播,audio_search,"{""action"": ""play"", ""query"": ""大奉打更人""}"
S00258,有声,,第1轮,听《剑来》,audio_search,"{""action"": ""play"", ""query"": ""剑来""}"
S00258,有声,,第2轮,《剑来》从头播,audio_search,"{""action"": ""play"", ""query"": ""剑来""}"
S00259,有声,,第1轮,听《赘婿》,audio_search,"{""action"": ""play"", ""query"": ""赘婿""}"
S00259,有声,,第2轮,《赘婿》从头播,audio_search,"{""action"": ""play"", ""query"": ""赘婿""}"
S00260,有声,,第1轮,听《秦吏》,audio_search,"{""action"": ""play"", ""query"": ""秦吏""}"
S00260,有声,,第2轮,《秦吏》从头播,audio_search,"{""action"": ""play"", ""query"": ""秦吏""}"
S00261,有声,,第1轮,听《十日终焉》,audio_search,"{""action"": ""play"", ""query"": ""十日终焉""}"
S00261,有声,,第2轮,《十日终焉》从头播,audio_search,"{""action"": ""play"", ""query"": ""十日终焉""}"
S00262,有声,,第1轮,听《深空彼岸》,audio_search,"{""action"": ""play"", ""query"": ""深空彼岸""}"
S00262,有声,,第2轮,《深空彼岸》从头播,audio_search,"{""action"": ""play"", ""query"": ""深空彼岸""}"
S00263,有声,,第1轮,听《夜的命名术》,audio_search,"{""action"": ""play"", ""query"": ""夜的命名术""}"
S00263,有声,,第2轮,《夜的命名术》从头播,audio_search,"{""action"": ""play"", ""query"": ""夜的命名术""}"
S00264,有声,,第1轮,听《御兽之王》,audio_search,"{""action"": ""play"", ""query"": ""御兽之王""}"
S00264,有声,,第2轮,《御兽之王》从头播,audio_search,"{""action"": ""play"", ""query"": ""御兽之王""}"
S00265,有声,,第1轮,听《乱世曹军》,audio_search,"{""action"": ""play"", ""query"": ""乱世曹军""}"
S00265,有声,,第2轮,《乱世曹军》从头播,audio_search,"{""action"": ""play"", ""query"": ""乱世曹军""}"
S00266,有声,,第1轮,听《春幂》,audio_search,"{""action"": ""play"", ""query"": ""春幂""}"
S00266,有声,,第2轮,《春幂》从头播,audio_search,"{""action"": ""play"", ""query"": ""春幂""}"
S00267,有声,,第1轮,听《特别响特别近》,audio_search,"{""action"": ""play"", ""query"": ""特别响特别近""}"
S00267,有声,,第2轮,《特别响特别近》从头播,audio_search,"{""action"": ""play"", ""query"": ""特别响特别近""}"
S00268,有声,,第1轮,听《藏在手心里的宇宙》,audio_search,"{""action"": ""play"", ""query"": ""藏在手心里的宇宙""}"
S00268,有声,,第2轮,《藏在手心里的宇宙》从头播,audio_search,"{""action"": ""play"", ""query"": ""藏在手心里的宇宙""}"
S00269,有声,,第1轮,听《人间失格》,audio_search,"{""action"": ""play"", ""query"": ""人间失格""}"
S00269,有声,,第2轮,《人间失格》从头播,audio_search,"{""action"": ""play"", ""query"": ""人间失格""}"
S00270,有声,,第1轮,近一周听的书,audio_history,"{""action"": ""search"", ""category"": ""全部"", ""time"": ""近一周""}"
S00271,有声,,第1轮,昨天听的书,audio_history,"{""action"": ""search"", ""category"": ""有声书"", ""time"": ""昨天""}"
S00272,有声,,第1轮,之前听的书,audio_history,"{""action"": ""search"", ""category"": ""广播剧""}"
S00273,设备,,第1轮,把音量调大,numeric_adjust,"{""operation"": ""increase"", ""object"": ""音量""}"
S00273,设备,,第2轮,再大一点,numeric_adjust,"{""operation"": ""increase"", ""object"": ""音量"", ""value"": 80}"
S00274,设备,,第1轮,把亮度调大,numeric_adjust,"{""operation"": ""increase"", ""object"": ""亮度""}"
S00275,设备,,第1轮,把对比度调大,numeric_adjust,"{""operation"": ""increase"", ""object"": ""对比度""}"
S00276,设备,,第1轮,把音量调小,numeric_adjust,"{""operation"": ""decrease"", ""object"": ""音量""}"
S00277,设备,,第1轮,打开AI画质,common_control,"{""operation"": ""打开"", ""object"": ""AI画质""}"
S00278,设备,,第1轮,打开护眼模式,common_control,"{""operation"": ""打开"", ""object"": ""护眼模式""}"
S00279,设备,,第1轮,打开开机启动应用,common_control,"{""operation"": ""打开"", ""object"": ""开机启动应用""}"
S00280,设备,,第1轮,打开一键投屏,common_control,"{""operation"": ""打开"", ""object"": ""一键投屏""}"
S00281,设备,,第1轮,打开蓝牙遥控,common_control,"{""operation"": ""打开"", ""object"": ""蓝牙遥控""}"
S00282,设备,,第1轮,打开背光分区,display_control,"{""operation"": ""打开"", ""object"": ""背光分区""}"
S00282,设备,,第2轮,画面调冷一点,display_control,"{""operation"": ""调节"", ""object"": ""色温"", ""value"": ""冷""}"
S00283,设备,,第1轮,打开HDR,display_control,"{""operation"": ""打开"", ""object"": ""HDR""}"
S00284,设备,,第1轮,打开MEMC动态补偿,display_control,"{""operation"": ""打开"", ""object"": ""MEMC动态补偿""}"
S00285,设备,,第1轮,打开感光调节,display_control,"{""operation"": ""打开"", ""object"": ""感光调节""}"
S00286,设备,,第1轮,切换到儿童模式,mode_control,"{""operation"": ""进入"", ""object"": ""儿童模式""}"
S00287,设备,,第1轮,切换到老人模式,mode_control,"{""operation"": ""进入"", ""object"": ""老人模式""}"
S00288,设备,,第1轮,切换到游戏模式,mode_control,"{""operation"": ""进入"", ""object"": ""游戏模式""}"
S00289,设备,,第1轮,切换到影院模式,mode_control,"{""operation"": ""进入"", ""object"": ""影院模式""}"
S00290,设备,,第1轮,切到HDMI1信号源,source_switch,"{""operation"": ""切换"", ""object"": ""信号源"", ""value"": ""HDMI1""}"
S00291,设备,,第1轮,切到HDMI2信号源,source_switch,"{""operation"": ""切换"", ""object"": ""信号源"", ""value"": ""HDMI2""}"
S00292,设备,,第1轮,切到AV信号源,source_switch,"{""operation"": ""切换"", ""object"": ""信号源"", ""value"": ""AV""}"
S00293,设备,,第1轮,切到TV信号源,source_switch,"{""operation"": ""切换"", ""object"": ""信号源"", ""value"": ""TV""}"
S00294,设备,,第1轮,切到USB信号源,source_switch,"{""operation"": ""切换"", ""object"": ""信号源"", ""value"": ""USB""}"
S00295,设备,,第1轮,暂停,playback_control,"{""operation"": ""暂停"", ""object"": ""视频""}"
S00296,设备,,第1轮,快进5分钟,playback_control,"{""operation"": ""快进"", ""object"": ""视频""}"
S00297,设备,,第1轮,回放10秒,playback_control,"{""operation"": ""回退"", ""object"": ""视频""}"
S00298,设备,,第1轮,打开摄像头,smart_camera,"{""operation"": ""打开"", ""object"": ""摄像头""}"
S00299,设备,,第1轮,关闭摄像头,smart_camera,"{""operation"": ""关闭"", ""object"": ""摄像头""}"
S00300,设备,,第1轮,连接客厅WiFi,network_control,"{""operation"": ""连接"", ""object"": ""WiFi"", ""value"": ""客厅WiFi""}"
S00301,设备,,第1轮,断开WiFi,network_control,"{""operation"": ""连接"", ""object"": ""WiFi"", ""value"": null}"
S00301,体育,,第1轮,预约明天的英超,sports_match_reservation,"{""query"": ""明天英超""}"
S00302,设备,,第1轮,连接蓝牙音箱,network_control,"{""operation"": ""连接"", ""object"": ""蓝牙"", ""value"": null}"
S00302,体育,,第1轮,后天晚8点的直播,sports_match_reservation,"{""query"": ""后天晚8点""}"
S00303,设备,,第1轮,分屏一边一半,screen_layout,"{""operation"": ""设置"", ""object"": ""画面布局"", ""value"": ""分屏一边一半""}"
S00304,设备,,第1轮,画中画,screen_layout,"{""operation"": ""设置"", ""object"": ""画面布局"", ""value"": ""画中画""}"
S00305,设备,,第1轮,满屏显示,screen_layout,"{""operation"": ""设置"", ""object"": ""画面布局"", ""value"": ""满屏显示""}"
S00306,设备,,第1轮,打开3D环绕,audio_control,"{""operation"": ""打开"", ""object"": ""3D环绕""}"
S00307,设备,,第1轮,人声增强开,audio_control,"{""operation"": ""打开"", ""object"": ""人声增强""}"
S00308,设备,,第1轮,低音增强开,audio_control,"{""operation"": ""打开"", ""object"": ""低音增强""}"
S00309,设备,,第1轮,画面有点卡顿,solve_picture_sound_problem_control,"{""operation"": ""排除"", ""object"": ""画面有点卡顿""}"
S00310,设备,,第1轮,没声音了,solve_picture_sound_problem_control,"{""operation"": ""排除"", ""object"": ""没声音了""}"
S00311,设备,,第1轮,声音很吵,solve_picture_sound_problem_control,"{""operation"": ""排除"", ""object"": ""声音很吵""}"
S00312,设备,,第1轮,设置22:30定时关机,timer_control,"{""operation"": ""设置"", ""object"": ""定时关机"", ""date_time"": ""22:30""}"
S00313,设备,,第1轮,设置2小时后关机,timer_control,"{""operation"": ""设置"", ""object"": ""定时关机"", ""date_time"": ""2小时后""}"
S00314,设备,,第1轮,取消定时关机,timer_control,"{""operation"": ""取消"", ""object"": ""定时关机"", ""date_time"": """"}"
S00315,设备,,第1轮,打开演示模式,demo_control,"{""operation"": ""打开"", ""object"": ""演示模式""}"
S00316,设备,,第1轮,屏保设为风景,screensaver_control,"{""operation"": ""设置"", ""object"": ""屏保"", ""value"": ""风景""}"
S00317,设备,,第1轮,屏保换成时钟,screensaver_control,"{""operation"": ""设置"", ""object"": ""屏保"", ""value"": ""时钟""}"
S00318,设备,,第1轮,关机,power_control,"{""operation"": ""关机"", ""object"": ""电视""}"
S00319,设备,,第1轮,重启,power_control,"{""operation"": ""重启"", ""object"": ""电视""}"
S00320,设备,,第1轮,旋转成竖屏,screen_lift_rotation,"{""operation"": ""旋转"", ""object"": ""屏幕"", ""value"": ""竖屏""}"
S00321,设备,,第1轮,转成横屏,screen_lift_rotation,"{""operation"": ""旋转"", ""object"": ""屏幕"", ""value"": ""横屏""}"
S00322,教育,,第1轮,找初一物理的课,edu_search,"{""query"": ""初一物理""}"
S00322,教育,,第2轮,初一物理的教学视频,edu_search,"{""query"": ""初一物理 教学视频""}"
S00323,教育,,第1轮,找初二物理的课,edu_search,"{""query"": ""初二物理""}"
S00323,教育,,第2轮,初二物理的教学视频,edu_search,"{""query"": ""初二物理 教学视频""}"
S00324,教育,,第1轮,找高中化学的课,edu_search,"{""query"": ""高中化学""}"
S00324,教育,,第2轮,高中化学的教学视频,edu_search,"{""query"": ""高中化学 教学视频""}"
S00325,教育,,第1轮,找初中化学的课,edu_search,"{""query"": ""初中化学""}"
S00325,教育,,第2轮,初中化学的教学视频,edu_search,"{""query"": ""初中化学 教学视频""}"
S00326,教育,,第1轮,找高中物理的课,edu_search,"{""query"": ""高中物理""}"
S00326,教育,,第2轮,高中物理的教学视频,edu_search,"{""query"": ""高中物理 教学视频""}"
S00327,教育,,第1轮,找英语启蒙的课,edu_search,"{""query"": ""英语启蒙""}"
S00327,教育,,第2轮,英语启蒙的教学视频,edu_search,"{""query"": ""英语启蒙 教学视频""}"
S00328,教育,,第1轮,找自然拼读的课,edu_search,"{""query"": ""自然拼读""}"
S00328,教育,,第2轮,自然拼读的教学视频,edu_search,"{""query"": ""自然拼读 教学视频""}"
S00329,教育,,第1轮,找拼音的课,edu_search,"{""query"": ""拼音""}"
S00329,教育,,第2轮,拼音的教学视频,edu_search,"{""query"": ""拼音 教学视频""}"
S00330,教育,,第1轮,找识字阅读的课,edu_search,"{""query"": ""识字阅读""}"
S00330,教育,,第2轮,识字阅读的教学视频,edu_search,"{""query"": ""识字阅读 教学视频""}"
S00331,教育,,第1轮,找唐诗的课,edu_search,"{""query"": ""唐诗""}"
S00331,教育,,第2轮,唐诗的教学视频,edu_search,"{""query"": ""唐诗 教学视频""}"
S00332,教育,,第1轮,找弟子规的课,edu_search,"{""query"": ""弟子规""}"
S00332,教育,,第2轮,弟子规的教学视频,edu_search,"{""query"": ""弟子规 教学视频""}"
S00333,教育,,第1轮,找珠心算的课,edu_search,"{""query"": ""珠心算""}"
S00333,教育,,第2轮,珠心算的教学视频,edu_search,"{""query"": ""珠心算 教学视频""}"
S00334,教育,,第1轮,找看图写话的课,edu_search,"{""query"": ""看图写话""}"
S00334,教育,,第2轮,看图写话的教学视频,edu_search,"{""query"": ""看图写话 教学视频""}"
S00335,教育,,第1轮,找小学奥数的课,edu_search,"{""query"": ""小学奥数""}"
S00335,教育,,第2轮,小学奥数的教学视频,edu_search,"{""query"": ""小学奥数 教学视频""}"
S00336,教育,,第1轮,找初一英语的课,edu_search,"{""query"": ""初一英语""}"
S00336,教育,,第2轮,初一英语的教学视频,edu_search,"{""query"": ""初一英语 教学视频""}"
S00337,教育,,第1轮,找九年级数学的课,edu_search,"{""query"": ""九年级数学""}"
S00337,教育,,第2轮,九年级数学的教学视频,edu_search,"{""query"": ""九年级数学 教学视频""}"
S00338,教育,,第1轮,找八年级英语的课,edu_search,"{""query"": ""八年级英语""}"
S00338,教育,,第2轮,八年级英语的教学视频,edu_search,"{""query"": ""八年级英语 教学视频""}"
S00339,教育,,第1轮,找高二数学的课,edu_search,"{""query"": ""高二数学""}"
S00339,教育,,第2轮,高二数学的教学视频,edu_search,"{""query"": ""高二数学 教学视频""}"
S00340,教育,,第1轮,找高三物理的课,edu_search,"{""query"": ""高三物理""}"
S00340,教育,,第2轮,高三物理的教学视频,edu_search,"{""query"": ""高三物理 教学视频""}"
S00341,教育,,第1轮,找化学实验的课,edu_search,"{""query"": ""化学实验""}"
S00341,教育,,第2轮,化学实验的教学视频,edu_search,"{""query"": ""化学实验 教学视频""}"
S00342,教育,,第1轮,找生物提高的课,edu_search,"{""query"": ""生物提高""}"
S00342,教育,,第2轮,生物提高的教学视频,edu_search,"{""query"": ""生物提高 教学视频""}"
S00343,教育,,第1轮,找历史必修的课,edu_search,"{""query"": ""历史必修""}"
S00343,教育,,第2轮,历史必修的教学视频,edu_search,"{""query"": ""历史必修 教学视频""}"
S00344,教育,,第1轮,找地理基础的课,edu_search,"{""query"": ""地理基础""}"
S00344,教育,,第2轮,地理基础的教学视频,edu_search,"{""query"": ""地理基础 教学视频""}"
S00345,教育,,第1轮,找政治选修的课,edu_search,"{""query"": ""政治选修""}"
S00345,教育,,第2轮,政治选修的教学视频,edu_search,"{""query"": ""政治选修 教学视频""}"
S00346,教育,,第1轮,找音乐鉴赏的课,edu_search,"{""query"": ""音乐鉴赏""}"
S00346,教育,,第2轮,音乐鉴赏的教学视频,edu_search,"{""query"": ""音乐鉴赏 教学视频""}"
S00347,教育,,第1轮,找美术基础的课,edu_search,"{""query"": ""美术基础""}"
S00347,教育,,第2轮,美术基础的教学视频,edu_search,"{""query"": ""美术基础 教学视频""}"
S00348,教育,,第1轮,找书法教程的课,edu_search,"{""query"": ""书法教程""}"
S00348,教育,,第2轮,书法教程的教学视频,edu_search,"{""query"": ""书法教程 教学视频""}"
S00349,教育,,第1轮,找安全知识的课,edu_search,"{""query"": ""安全知识""}"
S00349,教育,,第2轮,安全知识的教学视频,edu_search,"{""query"": ""安全知识 教学视频""}"
S00350,教育,,第1轮,找科学启蒙的课,edu_search,"{""query"": ""科学启蒙""}"
S00350,教育,,第2轮,科学启蒙的教学视频,edu_search,"{""query"": ""科学启蒙 教学视频""}"
S00351,教育,,第1轮,找生活常识的课,edu_search,"{""query"": ""生活常识""}"
S00351,教育,,第2轮,生活常识的教学视频,edu_search,"{""query"": ""生活常识 教学视频""}"
S00352,教育,,第1轮,教孩子认识数字,edu_fuzzy_search,"{""query"": ""教孩子认识数字""}"
S00353,教育,,第1轮,孩子看的古诗动画,edu_fuzzy_search,"{""query"": ""孩子看的古诗动画""}"
S00354,教育,,第1轮,教拼音的视频,edu_fuzzy_search,"{""query"": ""教拼音的视频""}"
S00355,教育,,第1轮,练看图写话,edu_fuzzy_search,"{""query"": ""练看图写话""}"
S00356,体育,,第1轮,英超的赛程,sports_match_search,"{""query"": ""英超""}"
S00356,体育,,第2轮,英超下一轮对阵,sports_match_search,"{""query"": ""英超 下一轮""}"
S00357,体育,,第1轮,西甲的赛程,sports_match_search,"{""query"": ""西甲""}"
S00357,体育,,第2轮,西甲下一轮对阵,sports_match_search,"{""query"": ""西甲 下一轮""}"
S00358,体育,,第1轮,中超的赛程,sports_match_search,"{""query"": ""中超""}"
S00358,体育,,第2轮,中超下一轮对阵,sports_match_search,"{""query"": ""中超 下一轮""}"
S00359,体育,,第1轮,CBA的赛程,sports_match_search,"{""query"": ""CBA""}"
S00359,体育,,第2轮,CBA下一轮对阵,sports_match_search,"{""query"": ""CBA 下一轮""}"
S00360,体育,,第1轮,欧冠的赛程,sports_match_search,"{""query"": ""欧冠""}"
S00360,体育,,第2轮,欧冠下一轮对阵,sports_match_search,"{""query"": ""欧冠 下一轮""}"
S00361,体育,,第1轮,中超积分榜,sports_rank_search,"{""sport_game"": ""中超"", ""sport_rank_type"": ""积分榜""}"
S00362,体育,,第1轮,英超射手榜,sports_rank_search,"{""sport_game"": ""英超"", ""sport_rank_type"": ""射手榜""}"
S00363,体育,,第1轮,CBA积分榜,sports_rank_search,"{""sport_game"": ""CBA"", ""sport_rank_type"": ""积分榜""}"
S00364,体育,,第1轮,西甲助攻榜,sports_rank_search,"{""sport_game"": ""西甲"", ""sport_rank_type"": ""助攻榜""}"
S00365,体育,,第1轮,湖人队资料,sports_team_search,"{""sport_team"": ""湖人""}"
S00366,体育,,第1轮,勇士队资料,sports_team_search,"{""sport_team"": ""勇士""}"
S00367,体育,,第1轮,凯尔特人队资料,sports_team_search,"{""sport_team"": ""凯尔特人""}"
S00368,体育,,第1轮,雄鹿队资料,sports_team_search,"{""sport_team"": ""雄鹿""}"
S00369,体育,,第1轮,掘金队资料,sports_team_search,"{""sport_team"": ""掘金""}"
S00370,体育,,第1轮,太阳队资料,sports_team_search,"{""sport_team"": ""太阳""}"
S00371,体育,,第1轮,预测皇马的比赛结果,sports_match_forecast,"{""query"": ""皇马""}"
S00372,体育,,第1轮,预测巴萨的比赛结果,sports_match_forecast,"{""query"": ""巴萨""}"
S00373,体育,,第1轮,预测湖人的比赛结果,sports_match_forecast,"{""query"": ""湖人""}"
S00374,体育,,第1轮,预测勇士的比赛结果,sports_match_forecast,"{""query"": ""勇士""}"
S00375,体育,,第1轮,预约下周的决赛,sports_match_reservation,"{""query"": ""下周的决赛""}"
S00376,体育,,第1轮,预约今晚的直播,sports_match_reservation,"{""query"": ""今晚的直播""}"
S00377,体育,,第1轮,预约周末的焦点战,sports_match_reservation,"{""query"": ""周末的焦点战""}"
S00378,体育,,第1轮,比赛回放,sports_vod_search,"{""query"": ""比赛回放""}"
S00379,体育,,第1轮,进球集锦,sports_vod_search,"{""query"": ""进球集锦""}"
S00380,体育,,第1轮,全场录像,sports_vod_search,"{""query"": ""全场录像""}"
S00381,体育,,第1轮,上轮谁进的球,sports_match_event_qa_search,"{""query"": ""上轮谁进的球""}"
S00382,体育,,第1轮,谁先开球,sports_match_event_qa_search,"{""query"": ""谁先开球""}"
S00383,体育,,第1轮,点球是谁,sports_match_event_qa_search,"{""query"": ""点球是谁""}"
S00384,体育,,第1轮,首发名单,sports_match_lineup_search,"{""query"": ""首发名单""}"
S00385,体育,,第1轮,双方阵容,sports_match_lineup_search,"{""query"": ""双方阵容""}"
S00386,体育,,第1轮,替补名单,sports_match_lineup_search,"{""query"": ""替补名单""}"
S00387,体育,,第1轮,比赛赛况,sports_match_event_card_search,"{""query"": ""比赛赛况""}"
S00388,体育,,第1轮,关键时刻比分,sports_match_event_card_search,"{""query"": ""关键时刻比分""}"
S00389,体育,,第1轮,赛事卡片,sports_match_event_card_search,"{""query"": ""赛事卡片""}"
S00390,体育,,第1轮,技术统计,sports_match_statistics_card_search,"{""query"": ""技术统计""}"
S00391,体育,,第1轮,控球率,sports_match_statistics_card_search,"{""query"": ""控球率""}"
S00392,体育,,第1轮,射门次数,sports_match_statistics_card_search,"{""query"": ""射门次数""}"
S00393,少儿,,第1轮,看《汪汪队立大功》,educ_search_all,"{""query"": ""汪汪队立大功""}"
S00393,少儿,,第2轮,《汪汪队立大功》换一集,educ_search_all,"{""query"": ""汪汪队立大功 换一集""}"
S00394,少儿,,第1轮,看《海底小纵队》,educ_search_all,"{""query"": ""海底小纵队""}"
S00394,少儿,,第2轮,《海底小纵队》换一集,educ_search_all,"{""query"": ""海底小纵队 换一集""}"
S00395,少儿,,第1轮,看《超级飞侠》,educ_search_all,"{""query"": ""超级飞侠""}"
S00395,少儿,,第2轮,《超级飞侠》换一集,educ_search_all,"{""query"": ""超级飞侠 换一集""}"
S00396,少儿,,第1轮,看《小猪佩奇》,educ_search_all,"{""query"": ""小猪佩奇""}"
S00396,少儿,,第2轮,《小猪佩奇》换一集,educ_search_all,"{""query"": ""小猪佩奇 换一集""}"
S00397,少儿,,第1轮,看《熊出没》,educ_search_all,"{""query"": ""熊出没""}"
S00397,少儿,,第2轮,《熊出没》换一集,educ_search_all,"{""query"": ""熊出没 换一集""}"
S00398,少儿,,第1轮,看《奥特曼》,educ_search_all,"{""query"": ""奥特曼""}"
S00398,少儿,,第2轮,《奥特曼》换一集,educ_search_all,"{""query"": ""奥特曼 换一集""}"
S00399,少儿,,第1轮,看《大耳朵图图》,educ_search_all,"{""query"": ""大耳朵图图""}"
S00399,少儿,,第2轮,《大耳朵图图》换一集,educ_search_all,"{""query"": ""大耳朵图图 换一集""}"
S00400,少儿,,第1轮,看《葫芦娃》,educ_search_all,"{""query"": ""葫芦娃""}"
S00400,少儿,,第2轮,《葫芦娃》换一集,educ_search_all,"{""query"": ""葫芦娃 换一集""}"
S00401,少儿,,第1轮,看《宝宝巴士儿歌》,educ_search_all,"{""query"": ""宝宝巴士儿歌""}"
S00401,少儿,,第2轮,《宝宝巴士儿歌》换一集,educ_search_all,"{""query"": ""宝宝巴士儿歌 换一集""}"
S00402,少儿,,第1轮,看《巧虎》,educ_search_all,"{""query"": ""巧虎""}"
S00402,少儿,,第2轮,《巧虎》换一集,educ_search_all,"{""query"": ""巧虎 换一集""}"
S00403,少儿,,第1轮,看《汪汪队》,educ_search_all,"{""query"": ""汪汪队""}"
S00403,少儿,,第2轮,《汪汪队》换一集,educ_search_all,"{""query"": ""汪汪队 换一集""}"
S00404,少儿,,第1轮,看《恐龙世界》,educ_search_all,"{""query"": ""恐龙世界""}"
S00404,少儿,,第2轮,《恐龙世界》换一集,educ_search_all,"{""query"": ""恐龙世界 换一集""}"
S00405,少儿,,第1轮,看《车库少年》,educ_search_all,"{""query"": ""车库少年""}"
S00405,少儿,,第2轮,《车库少年》换一集,educ_search_all,"{""query"": ""车库少年 换一集""}"
S00406,少儿,,第1轮,看《白雪公主》,educ_search_all,"{""query"": ""白雪公主""}"
S00406,少儿,,第2轮,《白雪公主》换一集,educ_search_all,"{""query"": ""白雪公主 换一集""}"
S00407,少儿,,第1轮,看《米奇俱乐部》,educ_search_all,"{""query"": ""米奇俱乐部""}"
S00407,少儿,,第2轮,《米奇俱乐部》换一集,educ_search_all,"{""query"": ""米奇俱乐部 换一集""}"
S00408,少儿,,第1轮,看《萌可》,educ_search_all,"{""query"": ""萌可""}"
S00408,少儿,,第2轮,《萌可》换一集,educ_search_all,"{""query"": ""萌可 换一集""}"
S00409,少儿,,第1轮,看《奇米奇》,educ_search_all,"{""query"": ""奇米奇""}"
S00409,少儿,,第2轮,《奇米奇》换一集,educ_search_all,"{""query"": ""奇米奇 换一集""}"
S00410,少儿,,第1轮,看《巴拉巴拉小魔仙》,educ_search_all,"{""query"": ""巴拉巴拉小魔仙""}"
S00410,少儿,,第2轮,《巴拉巴拉小魔仙》换一集,educ_search_all,"{""query"": ""巴拉巴拉小魔仙 换一集""}"
S00411,少儿,,第1轮,英语启蒙动画,educ_search,"{""retext"": ""英语启蒙动画"", ""query"": ""英语启蒙动画""}"
S00412,少儿,,第1轮,成语故事动画,educ_search,"{""retext"": ""成语故事动画"", ""query"": ""成语故事动画""}"
S00413,少儿,,第1轮,儿歌视频,educ_search,"{""retext"": ""儿歌视频"", ""query"": ""儿歌视频""}"
S00414,少儿,,第1轮,认识颜色动画,educ_search,"{""retext"": ""认识颜色动画"", ""query"": ""认识颜色动画""}"
S00415,少儿,,第1轮,给3岁宝宝看,educ_fuzzy_search,"{""query"": ""给3岁宝宝看""}"
S00416,少儿,,第1轮,画风很可爱的那种,educ_fuzzy_search,"{""query"": ""画风很可爱的那种""}"
S00417,少儿,,第1轮,和汪汪队类似的,educ_relate_recommend,"{""query"": ""汪汪队""}"
S00418,少儿,,第1轮,和小猪佩奇类似的,educ_relate_recommend,"{""query"": ""小猪佩奇""}"
S00419,少儿,,第1轮,和巧虎类似的,educ_relate_recommend,"{""query"": ""巧虎""}"
S00420,少儿,,第1轮,这周娃看的,educ_history,"{""time"": ""这周""}"
S00421,少儿,,第1轮,昨天娃看的,educ_history,"{""time"": ""昨天""}"
S00422,少儿,,第1轮,上周娃看的,educ_history,"{""time"": ""上周""}"
S00423,问答,,第1轮,《三体》讲什么,fan_knowledge_agent,"{""messages"": [{""role"": ""user"", ""content"": ""《三体》讲什么""}]}"
S00424,问答,,第1轮,红楼梦作者是谁,fan_knowledge_agent,"{""messages"": [{""role"": ""user"", ""content"": ""红楼梦作者是谁""}]}"
S00425,问答,,第1轮,今天天气怎么样,fan_knowledge_agent,"{""messages"": [{""role"": ""user"", ""content"": ""今天天气怎么样""}]}"
S00426,问答,,第1轮,什么是大模型,fan_knowledge_agent,"{""messages"": [{""role"": ""user"", ""content"": ""什么是大模型""}]}"
S00427,问答,,第1轮,怎么提高记忆力,fan_knowledge_agent,"{""messages"": [{""role"": ""user"", ""content"": ""怎么提高记忆力""}]}"
S00428,问答,,第1轮,珠峰多高,fan_knowledge_agent,"{""messages"": [{""role"": ""user"", ""content"": ""珠峰多高""}]}"
S00429,问答,,第1轮,人有多少细胞,fan_knowledge_agent,"{""messages"": [{""role"": ""user"", ""content"": ""人有多少细胞""}]}"
S00430,问答,,第1轮,Python和Java区别,fan_knowledge_agent,"{""messages"": [{""role"": ""user"", ""content"": ""Python和Java区别""}]}"
S00431,问答,,第1轮,怎么做红烧肉,fan_knowledge_agent,"{""messages"": [{""role"": ""user"", ""content"": ""怎么做红烧肉""}]}"
S00432,问答,,第1轮,太阳系有几大行星,fan_knowledge_agent,"{""messages"": [{""role"": ""user"", ""content"": ""太阳系有几大行星""}]}"
S12346,影视,,第1轮,播放《甄嬛传新编》,vod_search,"{""action"": ""play"", ""query"": {""name"": ""甄嬛传新编""}}"
S12346,影视,,第2轮,看《甄嬛传新编》第三集,vod_search,"{""action"": ""play"", ""query"": {""name"": ""甄嬛传新编"", ""episode"": 3}}"
S12346,影视,,第3轮,《甄嬛传新编》从中间看,vod_search,"{""action"": ""play"", ""query"": {""name"": ""甄嬛传新编""}}"
S12347,影视,,第1轮,播放《新白娘子传奇》,vod_search,"{""action"": ""play"", ""query"": {""name"": ""新白娘子传奇""}}"
S12347,影视,,第2轮,看《新白娘子传奇》第三集,vod_search,"{""action"": ""play"", ""query"": {""name"": ""新白娘子传奇"", ""episode"": 3}}"
S12347,影视,,第3轮,《新白娘子传奇》从中间看,vod_search,"{""action"": ""play"", ""query"": {""name"": ""新白娘子传奇""}}"
S12348,影视,,第1轮,播放《还珠格格》,vod_search,"{""action"": ""play"", ""query"": {""name"": ""还珠格格""}}"
S12348,影视,,第2轮,看《还珠格格》第三集,vod_search,"{""action"": ""play"", ""query"": {""name"": ""还珠格格"", ""episode"": 3}}"
S12348,影视,,第3轮,《还珠格格》从中间看,vod_search,"{""action"": ""play"", ""query"": {""name"": ""还珠格格""}}"
S12349,影视,,第1轮,播放《射雕英雄传》,vod_search,"{""action"": ""play"", ""query"": {""name"": ""射雕英雄传""}}"
S12349,影视,,第2轮,看《射雕英雄传》第三集,vod_search,"{""action"": ""play"", ""query"": {""name"": ""射雕英雄传"", ""episode"": 3}}"
S12349,影视,,第3轮,《射雕英雄传》从中间看,vod_search,"{""action"": ""play"", ""query"": {""name"": ""射雕英雄传""}}"
S12350,影视,,第1轮,播放《倚天屠龙记》,vod_search,"{""action"": ""play"", ""query"": {""name"": ""倚天屠龙记""}}"
S12350,影视,,第2轮,看《倚天屠龙记》第三集,vod_search,"{""action"": ""play"", ""query"": {""name"": ""倚天屠龙记"", ""episode"": 3}}"
S12350,影视,,第3轮,《倚天屠龙记》从中间看,vod_search,"{""action"": ""play"", ""query"": {""name"": ""倚天屠龙记""}}"
S12351,影视,,第1轮,播放《神雕侠侣》,vod_search,"{""action"": ""play"", ""query"": {""name"": ""神雕侠侣""}}"
S12351,影视,,第2轮,看《神雕侠侣》第三集,vod_search,"{""action"": ""play"", ""query"": {""name"": ""神雕侠侣"", ""episode"": 3}}"
S12351,影视,,第3轮,《神雕侠侣》从中间看,vod_search,"{""action"": ""play"", ""query"": {""name"": ""神雕侠侣""}}"
S12352,影视,,第1轮,播放《天龙八部》,vod_search,"{""action"": ""play"", ""query"": {""name"": ""天龙八部""}}"
S12352,影视,,第2轮,看《天龙八部》第三集,vod_search,"{""action"": ""play"", ""query"": {""name"": ""天龙八部"", ""episode"": 3}}"
S12352,影视,,第3轮,《天龙八部》从中间看,vod_search,"{""action"": ""play"", ""query"": {""name"": ""天龙八部""}}"
S12353,影视,,第1轮,播放《鹿鼎记》,vod_search,"{""action"": ""play"", ""query"": {""name"": ""鹿鼎记""}}"
S12353,影视,,第2轮,看《鹿鼎记》第三集,vod_search,"{""action"": ""play"", ""query"": {""name"": ""鹿鼎记"", ""episode"": 3}}"
S12353,影视,,第3轮,《鹿鼎记》从中间看,vod_search,"{""action"": ""play"", ""query"": {""name"": ""鹿鼎记""}}"
S12354,影视,,第1轮,播放《延禧攻略》,vod_search,"{""action"": ""play"", ""query"": {""name"": ""延禧攻略""}}"
S12354,影视,,第2轮,看《延禧攻略》第三集,vod_search,"{""action"": ""play"", ""query"": {""name"": ""延禧攻略"", ""episode"": 3}}"
S12354,影视,,第3轮,《延禧攻略》从中间看,vod_search,"{""action"": ""play"", ""query"": {""name"": ""延禧攻略""}}"
S12355,影视,,第1轮,播放《如懿传》,vod_search,"{""action"": ""play"", ""query"": {""name"": ""如懿传""}}"
S12355,影视,,第2轮,看《如懿传》第三集,vod_search,"{""action"": ""play"", ""query"": {""name"": ""如懿传"", ""episode"": 3}}"
S12355,影视,,第3轮,《如懿传》从中间看,vod_search,"{""action"": ""play"", ""query"": {""name"": ""如懿传""}}"
S12356,影视,,第1轮,播放《香蜜沉沉烬如霜》,vod_search,"{""action"": ""play"", ""query"": {""name"": ""香蜜沉沉烬如霜""}}"
S12356,影视,,第2轮,看《香蜜沉沉烬如霜》第三集,vod_search,"{""action"": ""play"", ""query"": {""name"": ""香蜜沉沉烬如霜"", ""episode"": 3}}"
S12356,影视,,第3轮,《香蜜沉沉烬如霜》从中间看,vod_search,"{""action"": ""play"", ""query"": {""name"": ""香蜜沉沉烬如霜""}}"
S12357,影视,,第1轮,播放《三生三世十里桃花》,vod_search,"{""action"": ""play"", ""query"": {""name"": ""三生三世十里桃花""}}"
S12357,影视,,第2轮,看《三生三世十里桃花》第三集,vod_search,"{""action"": ""play"", ""query"": {""name"": ""三生三世十里桃花"", ""episode"": 3}}"
S12357,影视,,第3轮,《三生三世十里桃花》从中间看,vod_search,"{""action"": ""play"", ""query"": {""name"": ""三生三世十里桃花""}}"
S12358,影视,,第1轮,播放《花千骨》,vod_search,"{""action"": ""play"", ""query"": {""name"": ""花千骨""}}"
S12358,影视,,第2轮,看《花千骨》第三集,vod_search,"{""action"": ""play"", ""query"": {""name"": ""花千骨"", ""episode"": 3}}"
S12358,影视,,第3轮,《花千骨》从中间看,vod_search,"{""action"": ""play"", ""query"": {""name"": ""花千骨""}}"
S12359,影视,,第1轮,播放《仙剑奇侠传》,vod_search,"{""action"": ""play"", ""query"": {""name"": ""仙剑奇侠传""}}"
S12359,影视,,第2轮,看《仙剑奇侠传》第三集,vod_search,"{""action"": ""play"", ""query"": {""name"": ""仙剑奇侠传"", ""episode"": 3}}"
S12359,影视,,第3轮,《仙剑奇侠传》从中间看,vod_search,"{""action"": ""play"", ""query"": {""name"": ""仙剑奇侠传""}}"
S12360,影视,,第1轮,播放《青云志》,vod_search,"{""action"": ""play"", ""query"": {""name"": ""青云志""}}"
S12360,影视,,第2轮,看《青云志》第三集,vod_search,"{""action"": ""play"", ""query"": {""name"": ""青云志"", ""episode"": 3}}"
S12360,影视,,第3轮,《青云志》从中间看,vod_search,"{""action"": ""play"", ""query"": {""name"": ""青云志""}}"
S12361,影视,,第1轮,播放《微微一笑很倾城》,vod_search,"{""action"": ""play"", ""query"": {""name"": ""微微一笑很倾城""}}"
S12361,影视,,第2轮,看《微微一笑很倾城》第三集,vod_search,"{""action"": ""play"", ""query"": {""name"": ""微微一笑很倾城"", ""episode"": 3}}"
S12361,影视,,第3轮,《微微一笑很倾城》从中间看,vod_search,"{""action"": ""play"", ""query"": {""name"": ""微微一笑很倾城""}}"
S12362,影视,,第1轮,播放《香蜜》,vod_search,"{""action"": ""play"", ""query"": {""name"": ""香蜜""}}"
S12362,影视,,第2轮,看《香蜜》第三集,vod_search,"{""action"": ""play"", ""query"": {""name"": ""香蜜"", ""episode"": 3}}"
S12362,影视,,第3轮,《香蜜》从中间看,vod_search,"{""action"": ""play"", ""query"": {""name"": ""香蜜""}}"
S12363,影视,,第1轮,播放《琉璃》,vod_search,"{""action"": ""play"", ""query"": {""name"": ""琉璃""}}"
S12363,影视,,第2轮,看《琉璃》第三集,vod_search,"{""action"": ""play"", ""query"": {""name"": ""琉璃"", ""episode"": 3}}"
S12363,影视,,第3轮,《琉璃》从中间看,vod_search,"{""action"": ""play"", ""query"": {""name"": ""琉璃""}}"
S12364,影视,,第1轮,播放《陈情令》,vod_search,"{""action"": ""play"", ""query"": {""name"": ""陈情令""}}"
S12364,影视,,第2轮,看《陈情令》第三集,vod_search,"{""action"": ""play"", ""query"": {""name"": ""陈情令"", ""episode"": 3}}"
S12364,影视,,第3轮,《陈情令》从中间看,vod_search,"{""action"": ""play"", ""query"": {""name"": ""陈情令""}}"
S12365,影视,,第1轮,播放《山河令》,vod_search,"{""action"": ""play"", ""query"": {""name"": ""山河令""}}"
S12365,影视,,第2轮,看《山河令》第三集,vod_search,"{""action"": ""play"", ""query"": {""name"": ""山河令"", ""episode"": 3}}"
S12365,影视,,第3轮,《山河令》从中间看,vod_search,"{""action"": ""play"", ""query"": {""name"": ""山河令""}}"
S12366,影视,,第1轮,播放《玉骨遥》,vod_search,"{""action"": ""play"", ""query"": {""name"": ""玉骨遥""}}"
S12366,影视,,第2轮,看《玉骨遥》第三集,vod_search,"{""action"": ""play"", ""query"": {""name"": ""玉骨遥"", ""episode"": 3}}"
S12366,影视,,第3轮,《玉骨遥》从中间看,vod_search,"{""action"": ""play"", ""query"": {""name"": ""玉骨遥""}}"
S12367,影视,,第1轮,播放《星汉灿烂》,vod_search,"{""action"": ""play"", ""query"": {""name"": ""星汉灿烂""}}"
S12367,影视,,第2轮,看《星汉灿烂》第三集,vod_search,"{""action"": ""play"", ""query"": {""name"": ""星汉灿烂"", ""episode"": 3}}"
S12367,影视,,第3轮,《星汉灿烂》从中间看,vod_search,"{""action"": ""play"", ""query"": {""name"": ""星汉灿烂""}}"
S12368,影视,,第1轮,播放《长歌行》,vod_search,"{""action"": ""play"", ""query"": {""name"": ""长歌行""}}"
S12368,影视,,第2轮,看《长歌行》第三集,vod_search,"{""action"": ""play"", ""query"": {""name"": ""长歌行"", ""episode"": 3}}"
S12368,影视,,第3轮,《长歌行》从中间看,vod_search,"{""action"": ""play"", ""query"": {""name"": ""长歌行""}}"
S12369,影视,,第1轮,播放《且试天下》,vod_search,"{""action"": ""play"", ""query"": {""name"": ""且试天下""}}"
S12369,影视,,第2轮,看《且试天下》第三集,vod_search,"{""action"": ""play"", ""query"": {""name"": ""且试天下"", ""episode"": 3}}"
S12369,影视,,第3轮,《且试天下》从中间看,vod_search,"{""action"": ""play"", ""query"": {""name"": ""且试天下""}}"
S12370,影视,,第1轮,播放《招摇》,vod_search,"{""action"": ""play"", ""query"": {""name"": ""招摇""}}"
S12370,影视,,第2轮,看《招摇》第三集,vod_search,"{""action"": ""play"", ""query"": {""name"": ""招摇"", ""episode"": 3}}"
S12370,影视,,第3轮,《招摇》从中间看,vod_search,"{""action"": ""play"", ""query"": {""name"": ""招摇""}}"
S12371,影视,,第1轮,播放《少年歌行》,vod_search,"{""action"": ""play"", ""query"": {""name"": ""少年歌行""}}"
S12371,影视,,第2轮,看《少年歌行》第三集,vod_search,"{""action"": ""play"", ""query"": {""name"": ""少年歌行"", ""episode"": 3}}"
S12371,影视,,第3轮,《少年歌行》从中间看,vod_search,"{""action"": ""play"", ""query"": {""name"": ""少年歌行""}}"
S12372,影视,,第1轮,播放《莲花楼外传》,vod_search,"{""action"": ""play"", ""query"": {""name"": ""莲花楼外传""}}"
S12372,影视,,第2轮,看《莲花楼外传》第三集,vod_search,"{""action"": ""play"", ""query"": {""name"": ""莲花楼外传"", ""episode"": 3}}"
S12372,影视,,第3轮,《莲花楼外传》从中间看,vod_search,"{""action"": ""play"", ""query"": {""name"": ""莲花楼外传""}}"
S12373,影视,,第1轮,播放《大宋少年志2》,vod_search,"{""action"": ""play"", ""query"": {""name"": ""大宋少年志2""}}"
S12373,影视,,第2轮,看《大宋少年志2》第三集,vod_search,"{""action"": ""play"", ""query"": {""name"": ""大宋少年志2"", ""episode"": 3}}"
S12373,影视,,第3轮,《大宋少年志2》从中间看,vod_search,"{""action"": ""play"", ""query"": {""name"": ""大宋少年志2""}}"
S12374,影视,,第1轮,播放《新白娘子传奇2026》,vod_search,"{""action"": ""play"", ""query"": {""name"": ""新白娘子传奇2026""}}"
S12374,影视,,第2轮,看《新白娘子传奇2026》第三集,vod_search,"{""action"": ""play"", ""query"": {""name"": ""新白娘子传奇2026"", ""episode"": 3}}"
S12374,影视,,第3轮,《新白娘子传奇2026》从中间看,vod_search,"{""action"": ""play"", ""query"": {""name"": ""新白娘子传奇2026""}}"
S12375,影视,,第1轮,看《天下无贼》,vod_search,"{""action"": ""play"", ""query"": {""name"": ""天下无贼""}}"
S12376,影视,,第1轮,看《无间道》,vod_search,"{""action"": ""play"", ""query"": {""name"": ""无间道""}}"
S12377,影视,,第1轮,看《英雄本色》,vod_search,"{""action"": ""play"", ""query"": {""name"": ""英雄本色""}}"
S12378,影视,,第1轮,看《赌神》,vod_search,"{""action"": ""play"", ""query"": {""name"": ""赌神""}}"
S12379,影视,,第1轮,看《倩女幽魂》,vod_search,"{""action"": ""play"", ""query"": {""name"": ""倩女幽魂""}}"
S12380,影视,,第1轮,看《新龙门客栈》,vod_search,"{""action"": ""play"", ""query"": {""name"": ""新龙门客栈""}}"
S12381,影视,,第1轮,看《黄飞鸿》,vod_search,"{""action"": ""play"", ""query"": {""name"": ""黄飞鸿""}}"
S12382,影视,,第1轮,看《叶问》,vod_search,"{""action"": ""play"", ""query"": {""name"": ""叶问""}}"
S12383,影视,,第1轮,看《赤壁》,vod_search,"{""action"": ""play"", ""query"": {""name"": ""赤壁""}}"
S12384,影视,,第1轮,看《大话西游》,vod_search,"{""action"": ""play"", ""query"": {""name"": ""大话西游""}}"
S12385,影视,,第1轮,看《月光宝盒》,vod_search,"{""action"": ""play"", ""query"": {""name"": ""月光宝盒""}}"
S12386,影视,,第1轮,看《仙履奇缘》,vod_search,"{""action"": ""play"", ""query"": {""name"": ""仙履奇缘""}}"
S12387,影视,,第1轮,看《无间道2》,vod_search,"{""action"": ""play"", ""query"": {""name"": ""无间道2""}}"
S12388,影视,,第1轮,看《东邪西毒》,vod_search,"{""action"": ""play"", ""query"": {""name"": ""东邪西毒""}}"
S12389,影视,,第1轮,看《东成西就》,vod_search,"{""action"": ""play"", ""query"": {""name"": ""东成西就""}}"
S12390,影视,,第1轮,看《赌侠》,vod_search,"{""action"": ""play"", ""query"": {""name"": ""赌侠""}}"
S12391,影视,,第1轮,看《黄飞鸿2》,vod_search,"{""action"": ""play"", ""query"": {""name"": ""黄飞鸿2""}}"
S12392,影视,,第1轮,看《叶问3》,vod_search,"{""action"": ""play"", ""query"": {""name"": ""叶问3""}}"
S12393,影视,,第1轮,一个外卖员成了侠客,vod_fuzzy_search,"{""query"": ""一个外卖员成了侠客""}"
S12393,影视,,第2轮,一个外卖员成了侠客，重点讲亲情,vod_fuzzy_search,"{""query"": ""一个外卖员成了侠客 亲情""}"
S12394,影视,,第1轮,双子座的双向奔赴,vod_fuzzy_search,"{""query"": ""双子座的双向奔赴""}"
S12394,影视,,第2轮,双子座的双向奔赴，重点讲亲情,vod_fuzzy_search,"{""query"": ""双子座的双向奔赴 亲情""}"
S12395,影视,,第1轮,雨夜的便利店,vod_fuzzy_search,"{""query"": ""雨夜的便利店""}"
S12395,影视,,第2轮,雨夜的便利店，重点讲亲情,vod_fuzzy_search,"{""query"": ""雨夜的便利店 亲情""}"
S12396,影视,,第1轮,一家失忆的金店,vod_fuzzy_search,"{""query"": ""一家失忆的金店""}"
S12396,影视,,第2轮,一家失忆的金店，重点讲亲情,vod_fuzzy_search,"{""query"": ""一家失忆的金店 亲情""}"
S12397,音乐,,第1轮,放首《冬天里的一把火》,music_song_search,"{""song"": [""冬天里的一把火""]}"
S12398,音乐,,第1轮,放首《我的中国心》,music_song_search,"{""song"": [""我的中国心""]}"
S12399,音乐,,第1轮,放首《对不起我爱你》,music_song_search,"{""song"": [""对不起我爱你""]}"
S12400,音乐,,第1轮,放首《爱如潮水》,music_song_search,"{""song"": [""爱如潮水""]}"
S12401,音乐,,第1轮,放首《相思风雨中》,music_song_search,"{""song"": [""相思风雨中""]}"
S12402,音乐,,第1轮,放首《发如雪》,music_song_search,"{""song"": [""发如雪""]}"
S12403,音乐,,第1轮,放首《菊花台》,music_song_search,"{""song"": [""菊花台""]}"
S12404,音乐,,第1轮,放首《东风破》,music_song_search,"{""song"": [""东风破""]}"
S12405,音乐,,第1轮,放首《梦一场》,music_song_search,"{""song"": [""梦一场""]}"
S12406,音乐,,第1轮,放首《偏执》,music_song_search,"{""song"": [""偏执""]}"
S12407,音乐,,第1轮,放首《说散就散》,music_song_search,"{""song"": [""说散就散""]}"
S12408,音乐,,第1轮,放首《该怎么收场》,music_song_search,"{""song"": [""该怎么收场""]}"
S12409,音乐,,第1轮,放首《爱情买卖》,music_song_search,"{""song"": [""爱情买卖""]}"
S12410,音乐,,第1轮,放首《花西子》,music_song_search,"{""song"": [""花西子""]}"
S12411,音乐,,第1轮,放首《夜照亮》,music_song_search,"{""song"": [""夜照亮""]}"
S12412,音乐,,第1轮,放首《一荤一素》,music_song_search,"{""song"": [""一荤一素""]}"
S12413,音乐,,第1轮,放首《这一生关于你的风景》,music_song_search,"{""song"": [""这一生关于你的风景""]}"
S12414,音乐,,第1轮,放首《追梦赤子心》,music_song_search,"{""song"": [""追梦赤子心""]}"
S12415,音乐,,第1轮,放首《明天会更好》,music_song_search,"{""song"": [""明天会更好""]}"
S12416,音乐,,第1轮,放首《愿你千般好》,music_song_search,"{""song"": [""愿你千般好""]}"
S12417,音乐,,第1轮,放首《人间小团圆》,music_song_search,"{""song"": [""人间小团圆""]}"
S12418,音乐,,第1轮,放首《尘埃落定》,music_song_search,"{""song"": [""尘埃落定""]}"
S12419,音乐,,第1轮,放首《海阔天空2》,music_song_search,"{""song"": [""海阔天空2""]}"
S12420,音乐,,第1轮,放首《夜的第七章》,music_song_search,"{""song"": [""夜的第七章""]}"
S12421,音乐,,第1轮,放首《七里香外传》,music_song_search,"{""song"": [""七里香外传""]}"
S12422,音乐,,第1轮,放首《青花瓷外传》,music_song_search,"{""song"": [""青花瓷外传""]}"
S12423,音乐,,第1轮,来点苏打绿,music_song_search,"{""singer"": [""苏打绿""]}"
S12423,音乐,,第2轮,苏打绿的成名曲,music_song_search,"{""singer"": [""苏打绿""], ""tag"": [""成名""]}"
S12424,音乐,,第1轮,来点小虎队,music_song_search,"{""singer"": [""小虎队""]}"
S12424,音乐,,第2轮,小虎队的成名曲,music_song_search,"{""singer"": [""小虎队""], ""tag"": [""成名""]}"
S12425,音乐,,第1轮,来点BEYOND,music_song_search,"{""singer"": [""BEYOND""]}"
S12425,音乐,,第2轮,BEYOND的成名曲,music_song_search,"{""singer"": [""BEYOND""], ""tag"": [""成名""]}"
S12426,音乐,,第1轮,来点草蜢,music_song_search,"{""singer"": [""草蜢""]}"
S12426,音乐,,第2轮,草蜢的成名曲,music_song_search,"{""singer"": [""草蜢""], ""tag"": [""成名""]}"
S12427,音乐,,第1轮,来点伍佰,music_song_search,"{""singer"": [""伍佰""]}"
S12427,音乐,,第2轮,伍佰的成名曲,music_song_search,"{""singer"": [""伍佰""], ""tag"": [""成名""]}"
S12428,音乐,,第1轮,来点动力火车,music_song_search,"{""singer"": [""动力火车""]}"
S12428,音乐,,第2轮,动力火车的成名曲,music_song_search,"{""singer"": [""动力火车""], ""tag"": [""成名""]}"
S12429,音乐,,第1轮,来点信乐团,music_song_search,"{""singer"": [""信乐团""]}"
S12429,音乐,,第2轮,信乐团的成名曲,music_song_search,"{""singer"": [""信乐团""], ""tag"": [""成名""]}"
S12430,音乐,,第1轮,来点周传雄,music_song_search,"{""singer"": [""周传雄""]}"
S12430,音乐,,第2轮,周传雄的成名曲,music_song_search,"{""singer"": [""周传雄""], ""tag"": [""成名""]}"
S12431,音乐,,第1轮,来点丁当,music_song_search,"{""singer"": [""丁当""]}"
S12431,音乐,,第2轮,丁当的成名曲,music_song_search,"{""singer"": [""丁当""], ""tag"": [""成名""]}"
S12432,音乐,,第1轮,来点家家,music_song_search,"{""singer"": [""家家""]}"
S12432,音乐,,第2轮,家家的成名曲,music_song_search,"{""singer"": [""家家""], ""tag"": [""成名""]}"
S12433,音乐,,第1轮,来点小刚,music_song_search,"{""singer"": [""小刚""]}"
S12433,音乐,,第2轮,小刚的成名曲,music_song_search,"{""singer"": [""小刚""], ""tag"": [""成名""]}"
S12434,音乐,,第1轮,来点伍佰2,music_song_search,"{""singer"": [""伍佰2""]}"
S12434,音乐,,第2轮,伍佰2的成名曲,music_song_search,"{""singer"": [""伍佰2""], ""tag"": [""成名""]}"
S12436,音乐,,第1轮,来点阿杜,music_song_search,"{""singer"": [""阿杜""]}"
S12436,音乐,,第2轮,阿杜的成名曲,music_song_search,"{""singer"": [""阿杜""], ""tag"": [""成名""]}"
S12437,音乐,,第1轮,来点阿牛,music_song_search,"{""singer"": [""阿牛""]}"
S12437,音乐,,第2轮,阿牛的成名曲,music_song_search,"{""singer"": [""阿牛""], ""tag"": [""成名""]}"
S12438,音乐,,第1轮,来点郭峰,music_song_search,"{""singer"": [""郭峰""]}"
S12438,音乐,,第2轮,郭峰的成名曲,music_song_search,"{""singer"": [""郭峰""], ""tag"": [""成名""]}"
S12439,音乐,,第1轮,来点崔健,music_song_search,"{""singer"": [""崔健""]}"
S12439,音乐,,第2轮,崔健的成名曲,music_song_search,"{""singer"": [""崔健""], ""tag"": [""成名""]}"
S12440,音乐,,第1轮,来点老狼,music_song_search,"{""singer"": [""老狼""]}"
S12440,音乐,,第2轮,老狼的成名曲,music_song_search,"{""singer"": [""老狼""], ""tag"": [""成名""]}"
S12441,音乐,,第1轮,来点朴树,music_song_search,"{""singer"": [""朴树""]}"
S12441,音乐,,第2轮,朴树的成名曲,music_song_search,"{""singer"": [""朴树""], ""tag"": [""成名""]}"
S12442,音乐,,第1轮,来点张震岳,music_song_search,"{""singer"": [""张震岳""]}"
S12442,音乐,,第2轮,张震岳的成名曲,music_song_search,"{""singer"": [""张震岳""], ""tag"": [""成名""]}"
S12443,有声,,第1轮,听《小王子》,audio_search,"{""action"": ""play"", ""query"": ""小王子""}"
S12444,有声,,第1轮,听《老人与海》,audio_search,"{""action"": ""play"", ""query"": ""老人与海""}"
S12445,有声,,第1轮,听《安娜卡列尼娜》,audio_search,"{""action"": ""play"", ""query"": ""安娜卡列尼娜""}"
S12446,有声,,第1轮,听《简爱》,audio_search,"{""action"": ""play"", ""query"": ""简爱""}"
S12447,有声,,第1轮,听《飘》,audio_search,"{""action"": ""play"", ""query"": ""飘""}"
S12448,有声,,第1轮,听《傲慢与偏见》,audio_search,"{""action"": ""play"", ""query"": ""傲慢与偏见""}"
S12449,有声,,第1轮,听《百年孤独》,audio_search,"{""action"": ""play"", ""query"": ""百年孤独""}"
S12450,有声,,第1轮,听《边城》,audio_search,"{""action"": ""play"", ""query"": ""边城""}"
S12451,有声,,第1轮,听《围城》,audio_search,"{""action"": ""play"", ""query"": ""围城""}"
S12452,有声,,第1轮,听《子夜》,audio_search,"{""action"": ""play"", ""query"": ""子夜""}"
S12453,有声,,第1轮,听《白夜行》,audio_search,"{""action"": ""play"", ""query"": ""白夜行""}"
S12454,有声,,第1轮,听《解忧杂货店》,audio_search,"{""action"": ""play"", ""query"": ""解忧杂货店""}"
S12455,有声,,第1轮,听《追风筝的人》,audio_search,"{""action"": ""play"", ""query"": ""追风筝的人""}"
S12456,有声,,第1轮,听《岛上书店》,audio_search,"{""action"": ""play"", ""query"": ""岛上书店""}"
S12457,有声,,第1轮,听《摆渡人》,audio_search,"{""action"": ""play"", ""query"": ""摆渡人""}"
S12458,有声,,第1轮,听《局外人》,audio_search,"{""action"": ""play"", ""query"": ""局外人""}"
S12459,有声,,第1轮,听《人类简史》,audio_search,"{""action"": ""play"", ""query"": ""人类简史""}"
S12460,有声,,第1轮,听《时间简史》,audio_search,"{""action"": ""play"", ""query"": ""时间简史""}"
S12461,有声,,第1轮,听《红楼梦新》,audio_search,"{""action"": ""play"", ""query"": ""红楼梦新""}"
S12462,有声,,第1轮,听《平凡2》,audio_search,"{""action"": ""play"", ""query"": ""平凡2""}"
S12463,有声,,第1轮,去年听的,audio_history,"{""action"": ""search"", ""category"": ""全部"", ""time"": ""去年""}"
S12464,有声,,第1轮,三月听的,audio_history,"{""action"": ""search"", ""category"": ""有声书"", ""time"": ""三月""}"
S12465,设备,,第1轮,打开氛围灯,common_control,"{""operation"": ""打开"", ""object"": ""氛围灯""}"
S12466,设备,,第1轮,恢复出厂设置,power_control,"{""operation"": ""恢复出厂"", ""object"": ""电视""}"
S12467,设备,,第1轮,摄像头自动追踪,smart_camera,"{""operation"": ""打开"", ""object"": ""摄像头""}"
S12468,设备,,第1轮,屏保换城市夜景,screensaver_control,"{""operation"": ""设置"", ""object"": ""屏保"", ""value"": ""城市夜景""}"
S12469,设备,,第1轮,翻转屏幕90度,screen_lift_rotation,"{""operation"": ""旋转"", ""object"": ""屏幕"", ""value"": ""90度""}"
S12470,设备,,第1轮,打开演示demo,demo_control,"{""operation"": ""打开"", ""object"": ""演示demo""}"
S12471,少儿,,第1轮,宝宝看恐龙全集,educ_search_all,"{""query"": ""恐龙""}"
S12472,少儿,,第1轮,小学生识字的动画,educ_search,"{""query"": ""识字""}"
S12473,少儿,,第1轮,情绪管理动画,educ_fuzzy_search,"{""query"": ""情绪管理""}"
S12474,少儿,,第1轮,和熊出没一样,educ_relate_recommend,"{""query"": ""熊出没""}"
S12475,少儿,,第1轮,今天娃看的,educ_history,"{""time"": ""今天""}"
S12476,体育,,第1轮,明天上午的比赛,sports_match_search,"{""query"": ""明天上午""}"
S12477,体育,,第1轮,预约周日的比赛,sports_match_reservation,"{""query"": ""周日""}"
S12478,教育,,第2轮,初二的物理题讲解,edu_search,"{""query"": ""初二的物理""}"
S12479,教育,,第1轮,孩子英语启蒙,edu_fuzzy_search,"{""query"": ""英语启蒙""}"
S9D001,设备,,第1轮,打开艺术面板demo,demo_control,"{""operation"": ""打开"", ""object"": ""艺术面板demo""}"
