会话id,业务,组号,轮数,query,期望工具,期望参数,源行号
影视-组1,影视,1,第1轮,最近有啥好看的电影,vod_personalized_search,"{""category"":""电影""}",2
影视-组1,影视,1,第2轮,想看悬疑的,vod_search,"{""action"":""search"",""retext"":""搜索好看的悬疑电影"",""query"":{""and"":[{""field"":""category"",""value"":""电影""},{""field"":""tag"",""value"":""悬疑""}]}}",3
影视-组1,影视,1,第3轮,国内的有没有,vod_search_all,"{""action"":""search"",""retext"":""搜索国内好看的悬疑电影"",""query"":{""and"":[{""field"":""category"",""value"":""电影""},{""field"":""tag"",""value"":""悬疑""},{""field"":""area"",""value"":""国内""}]}}",4
影视-组1,影视,1,第4轮,评分高一点,vod_search_all,"{""action"":""search"",""retext"":""搜索国内评分高的悬疑电影"",""query"":{""and"":[{""field"":""category"",""value"":""电影""},{""field"":""tag"",""value"":""悬疑""},{""field"":""area"",""value"":""国内""}]},""sort"":{""rate"":{""order"":""desc""}}}",5
影视-组1,影视,1,第5轮,日语的,vod_search_all,"{""action"":""search"",""retext"":""搜索国内评分高的日语悬疑电影"",""query"":{""and"":[{""field"":""category"",""value"":""电影""},{""field"":""tag"",""value"":""悬疑""},{""field"":""area"",""value"":""国内""},{""field"":""language"",""value"":""日语""}]},""sort"":{""rate"":{""order"":""desc""}}}",6
影视-组2,影视,2,第1轮,有什么古装剧在播,vod_search,"{""action"":""search"",""retext"":""搜索正在播出的古装剧"",""query"":{""and"":[{""field"":""category"",""value"":""电视剧""},{""field"":""tag"",""value"":""古装""},{""field"":""is_over"",""value"":0}]}}",7
影视-组2,影视,2,第2轮,最近开播的那种,vod_search,"{""action"":""search"",""retext"":""搜索最近开播的古装剧"",""query"":{""and"":[{""field"":""category"",""value"":""电视剧""},{""field"":""tag"",""value"":""古装""},{""field"":""is_over"",""value"":0}]},""sort"":{""new"":{""order"":""desc""}}}",8
影视-组2,影视,2,第3轮,女主演技好点的,vod_fuzzy_search,"{""query"":""最近开播、女主演技好的古装剧""}",9
影视-组2,影视,2,第4轮,集数别太长的,vod_fuzzy_search,"{""query"":""最近开播、女主演技好且集数较短的古装剧""}",10
影视-组2,影视,2,第5轮,有没有免费的,vod_fuzzy_search,"{""query"":""免费、集数较短、女主演技好的最近开播古装剧""}",11
影视-组3,影视,3,第1轮,想看点搞笑综艺,vod_search,"{""action"":""search"",""retext"":""搜索搞笑综艺"",""query"":{""and"":[{""field"":""category"",""value"":""综艺""},{""field"":""tag"",""value"":""搞笑""}]}}",12
影视-组3,影视,3,第2轮,周六播出的,vod_fuzzy_search,"{""query"":""周六播出的搞笑综艺""}",13
影视-组3,影视,3,第3轮,有明星嘉宾的,vod_fuzzy_search,"{""query"":""周六播出且有明星嘉宾的搞笑综艺""}",14
影视-组3,影视,3,第4轮,新一季的,vod_fuzzy_search,"{""query"":""周六播出、有明星嘉宾的最新一季搞笑综艺""}",15
影视-组3,影视,3,第5轮,能免费看的,vod_fuzzy_search,"{""query"":""可免费观看、周六播出、有明星嘉宾的最新一季搞笑综艺""}",16
影视-组4,影视,4,第1轮,推荐几部动作片,vod_search,"{""action"":""search"",""retext"":""推荐动作电影"",""query"":{""and"":[{""field"":""category"",""value"":""电影""},{""field"":""tag"",""value"":""动作""}]}}",17
影视-组4,影视,4,第2轮,好莱坞的,vod_search_all,"{""action"":""search"",""retext"":""推荐好莱坞动作电影"",""query"":{""and"":[{""field"":""category"",""value"":""电影""},{""field"":""tag"",""value"":""动作""},{""field"":""company"",""value"":""好莱坞""}]}}",18
影视-组4,影视,4,第3轮,去年上映的,vod_search_all,"{""action"":""search"",""retext"":""搜索2025年上映的好莱坞动作电影"",""query"":{""and"":[{""field"":""category"",""value"":""电影""},{""field"":""tag"",""value"":""动作""},{""field"":""company"",""value"":""好莱坞""},{""field"":""release_time"",""to"":""20251231"",""from"":""20250101""}]}}",19
影视-组4,影视,4,第4轮,票房高的,vod_fuzzy_search,"{""query"":""2025年上映且票房高的好莱坞动作电影""}",20
影视-组4,影视,4,第5轮,有普通话配音,vod_fuzzy_search,"{""query"":""有普通话配音、2025年上映且票房高的好莱坞动作电影""}",21
影视-组5,影视,5,第1轮,有啥好看的韩剧,vod_search_all,"{""action"":""search"",""retext"":""推荐好看的韩剧"",""query"":{""and"":[{""field"":""category"",""value"":""电视剧""},{""field"":""area"",""value"":""韩国""}]},""sort"":{""rate"":{""order"":""desc""}}}",22
影视-组5,影视,5,第2轮,已经完结的,vod_search_all,"{""action"":""search"",""retext"":""搜索已完结韩剧"",""query"":{""and"":[{""field"":""category"",""value"":""电视剧""},{""field"":""area"",""value"":""韩国""},{""field"":""is_over"",""value"":1}]}}",23
影视-组5,影视,5,第3轮,口碑特别好的,vod_search_all,"{""action"":""search"",""retext"":""搜索已完结且口碑好的韩剧"",""query"":{""and"":[{""field"":""category"",""value"":""电视剧""},{""field"":""area"",""value"":""韩国""},{""field"":""is_over"",""value"":1}]},""sort"":{""rate"":{""order"":""desc""}}}",24
影视-组5,影视,5,第4轮,男主帅气点的,vod_fuzzy_search,"{""query"":""已完结、口碑好且男主帅气的韩剧""}",25
影视-组5,影视,5,第5轮,免费能看的,vod_fuzzy_search,"{""query"":""可免费观看、已完结、口碑好且男主帅气的韩剧""}",26
影视-组6,影视,6,第1轮,想看美食纪录片,vod_search,"{""action"":""search"",""retext"":""搜索美食纪录片"",""query"":{""and"":[{""field"":""category"",""value"":""纪录片""},{""field"":""tag"",""value"":""美食""}]}}",27
影视-组6,影视,6,第2轮,国产的,vod_search_all,"{""action"":""search"",""retext"":""搜索国产美食纪录片"",""query"":{""and"":[{""field"":""category"",""value"":""纪录片""},{""field"":""tag"",""value"":""美食""},{""field"":""area"",""value"":""中国""}]}}",28
影视-组6,影视,6,第3轮,最近更新的,vod_search_all,"{""action"":""search"",""retext"":""搜索最近更新的国产美食纪录片"",""query"":{""and"":[{""field"":""category"",""value"":""纪录片""},{""field"":""tag"",""value"":""美食""},{""field"":""area"",""value"":""中国""}]},""sort"":{""new"":{""order"":""desc""}}}",29
影视-组6,影视,6,第4轮,评分9分以上的,vod_search_all,"{""action"":""search"",""retext"":""搜索评分9分以上、最近更新的国产美食纪录片"",""query"":{""and"":[{""field"":""category"",""value"":""纪录片""},{""field"":""tag"",""value"":""美食""},{""field"":""area"",""value"":""中国""},{""field"":""rate"",""to"":10,""from"":9}]},""sort"":{""new"":{""order"":""desc""}}}",30
影视-组6,影视,6,第5轮,在上海拍的,vod_fuzzy_search,"{""query"":""在上海拍摄、评分9分以上且最近更新的国产美食纪录片""}",31
影视-组7,影视,7,第1轮,有啥好看的科幻片,vod_search,"{""action"":""search"",""retext"":""推荐科幻电影"",""query"":{""and"":[{""field"":""category"",""value"":""电影""},{""field"":""tag"",""value"":""科幻""}]}}",32
影视-组7,影视,7,第2轮,国外的,vod_search_all,"{""action"":""search"",""retext"":""推荐国外科幻电影"",""query"":{""and"":[{""field"":""category"",""value"":""电影""},{""field"":""tag"",""value"":""科幻""},{""field"":""area"",""value"":""国外""}]}}",33
影视-组7,影视,7,第3轮,近三年的,vod_search_all,"{""action"":""search"",""retext"":""推荐近三年的国外科幻电影"",""query"":{""and"":[{""field"":""category"",""value"":""电影""},{""field"":""tag"",""value"":""科幻""},{""field"":""area"",""value"":""国外""},{""field"":""release_time"",""to"":""20260831"",""from"":""20230831""}]}}",34
影视-组7,影视,7,第4轮,视觉震撼的,vod_fuzzy_search,"{""query"":""近三年、国外且视觉震撼的科幻电影""}",35
影视-组7,影视,7,第5轮,适合带娃看的,vod_fuzzy_search,"{""query"":""近三年、国外、视觉震撼且适合带孩子观看的科幻电影""}",36
影视-组8,影视,8,第1轮,推荐国产恐怖片,vod_search_all,"{""action"":""search"",""retext"":""推荐国产恐怖电影"",""query"":{""and"":[{""field"":""category"",""value"":""电影""},{""field"":""tag"",""value"":""恐怖""},{""field"":""area"",""value"":""中国""}]}}",37
影视-组8,影视,8,第2轮,今年上映的,vod_search_all,"{""action"":""search"",""retext"":""搜索2026年上映的国产恐怖电影"",""query"":{""and"":[{""field"":""category"",""value"":""电影""},{""field"":""tag"",""value"":""恐怖""},{""field"":""area"",""value"":""中国""},{""field"":""release_time"",""to"":""20261231"",""from"":""20260101""}]}}",38
影视-组8,影视,8,第3轮,不太吓人的,vod_fuzzy_search,"{""query"":""2026年上映、不太吓人的国产恐怖电影""}",39
影视-组8,影视,8,第4轮,剧情好点的,vod_fuzzy_search,"{""query"":""2026年上映、不太吓人且剧情好的国产恐怖电影""}",40
影视-组8,影视,8,第5轮,时长一个半小时,vod_fuzzy_search,"{""query"":""时长约90分钟、2026年上映、不太吓人且剧情好的国产恐怖电影""}",41
影视-组9,影视,9,第1轮,想看宫崎骏的动画,vod_search_all,"{""action"":""search"",""retext"":""搜索宫崎骏的动画"",""query"":{""and"":[{""field"":""director"",""value"":""宫崎骏""},{""field"":""category"",""value"":""动画片""}]}}",42
影视-组9,影视,9,第2轮,日本的那版,vod_search_all,"{""action"":""search"",""retext"":""搜索日本的宫崎骏动画"",""query"":{""and"":[{""field"":""director"",""value"":""宫崎骏""},{""field"":""category"",""value"":""动画片""},{""field"":""area"",""value"":""日本""}]}}",43
影视-组9,影视,9,第3轮,治愈系的,vod_search_all,"{""action"":""search"",""retext"":""搜索日本、治愈系的宫崎骏动画"",""query"":{""and"":[{""field"":""director"",""value"":""宫崎骏""},{""field"":""category"",""value"":""动画片""},{""field"":""area"",""value"":""日本""},{""field"":""tag"",""value"":""治愈""}]}}",44
影视-组9,影视,9,第4轮,有国语版吗,vod_search_all,"{""action"":""search"",""retext"":""搜索有国语版的日本治愈系宫崎骏动画"",""query"":{""and"":[{""field"":""director"",""value"":""宫崎骏""},{""field"":""category"",""value"":""动画片""},{""field"":""area"",""value"":""日本""},{""field"":""tag"",""value"":""治愈""},{""field"":""language"",""value"":""国语""}]}}",45
影视-组9,影视,9,第5轮,高清画质的,vod_search_all,"{""action"":""search"",""retext"":""搜索高清国语版日本治愈系宫崎骏动画"",""query"":{""and"":[{""field"":""director"",""value"":""宫崎骏""},{""field"":""category"",""value"":""动画片""},{""field"":""area"",""value"":""日本""},{""field"":""tag"",""value"":""治愈""},{""field"":""language"",""value"":""国语""},{""field"":""definition"",""value"":""is_4k""}]}}",46
影视-组10,影视,10,第1轮,有啥二战题材电影,vod_search,"{""action"":""search"",""retext"":""搜索二战题材电影"",""query"":{""and"":[{""field"":""category"",""value"":""电影""},{""field"":""tag"",""value"":""二战""}]}}",47
影视-组10,影视,10,第2轮,美国的,vod_search_all,"{""action"":""search"",""retext"":""搜索美国二战题材电影"",""query"":{""and"":[{""field"":""category"",""value"":""电影""},{""field"":""tag"",""value"":""二战""},{""field"":""area"",""value"":""美国""}]}}",48
影视-组10,影视,10,第3轮,经典老片,vod_search_all,"{""action"":""search"",""retext"":""搜索美国经典二战电影"",""query"":{""and"":[{""field"":""category"",""value"":""电影""},{""field"":""tag"",""value"":""二战""},{""field"":""tag"",""value"":""经典""},{""field"":""area"",""value"":""美国""}]}}",49
影视-组10,影视,10,第4轮,有中文字幕,vod_fuzzy_search,"{""query"":""有中文字幕的美国经典二战老电影""}",50
影视-组10,影视,10,第5轮,黑白的那种也行,vod_fuzzy_search,"{""query"":""有中文字幕的美国经典二战老电影，黑白片也可以""}",51
影视-组11,影视,11,第1轮,有个电影的主角是机器人小孩，叫啥来着,vod_fuzzy_search,"{""query"":""主角是机器人小孩的电影""}",52
影视-组11,影视,11,第2轮,斯皮尔伯格导演的,vod_search,"{""action"":""search"",""retext"":""斯皮尔伯格导演的机器人小孩电影"",""query"":{""and"":[{""field"":""director"",""value"":""斯皮尔伯格""},{""field"":""category"",""value"":""电影""}]}}",53
影视-组11,影视,11,第3轮,结局他妈妈回来了吗,vod_fuzzy_search,"{""query"":""斯皮尔伯格机器人小孩电影的结局他妈妈回来了吗""}",54
影视-组11,影视,11,第4轮,这电影哪年的,vod_fuzzy_search,"{""query"":""斯皮尔伯格机器人小孩电影是哪年的""}",55
影视-组11,影视,11,第5轮,我想看免费版的,vod_search,"{""action"":""search"",""retext"":""斯皮尔伯格导演的免费机器人小孩电影"",""query"":{""and"":[{""field"":""director"",""value"":""斯皮尔伯格""},{""field"":""category"",""value"":""电影""},{""field"":""is_fee"",""value"":0}]}}",56
影视-组12,影视,12,第1轮,有没有甜甜的恋爱剧,vod_search,"{""action"":""search"",""retext"":""甜甜的恋爱剧"",""query"":{""and"":[{""field"":""category"",""value"":""电视剧""},{""field"":""tag"",""value"":""爱情""}]}}",57
影视-组12,影视,12,第2轮,要高甜不虐的,vod_fuzzy_search,"{""query"":""高甜不虐的恋爱剧""}",58
影视-组12,影视,12,第3轮,大团圆结局的那种,vod_fuzzy_search,"{""query"":""高甜不虐、大团圆结局的恋爱剧""}",59
影视-组12,影视,12,第4轮,女主漂亮点的,vod_fuzzy_search,"{""query"":""女主漂亮、高甜不虐且大团圆结局的恋爱剧""}",60
影视-组12,影视,12,第5轮,高清版的,vod_fuzzy_search,"{""query"":""女主漂亮、高甜不虐且大团圆结局的高清恋爱剧""}",61
影视-组13,影视,13,第1轮,有没有金庸小说改编的剧,vod_search_all,"{""action"":""search"",""retext"":""金庸小说改编的剧"",""query"":{""and"":[{""field"":""writer"",""value"":""金庸""},{""field"":""creation_source"",""value"":""小说改编""},{""field"":""category"",""value"":""电视剧""}]}}",62
影视-组13,影视,13,第2轮,内地版的,vod_search_all,"{""action"":""search"",""retext"":""内地版金庸小说改编的剧"",""query"":{""and"":[{""field"":""writer"",""value"":""金庸""},{""field"":""creation_source"",""value"":""小说改编""},{""field"":""category"",""value"":""电视剧""},{""field"":""area"",""value"":""内地""}]}}",63
影视-组13,影视,13,第3轮,射雕三部曲的,vod_fuzzy_search,"{""query"":""内地版金庸射雕三部曲改编剧""}",64
影视-组13,影视,13,第4轮,打斗场面好看的,vod_fuzzy_search,"{""query"":""内地版金庸射雕三部曲改编、打斗场面好看的剧""}",65
影视-组13,影视,13,第5轮,评分高的,vod_fuzzy_search,"{""query"":""内地版金庸射雕三部曲改编、打斗场面好看且评分高的剧""}",66
影视-组14,影视,14,第1轮,有没有特别搞笑的喜剧片,vod_search,"{""action"":""search"",""retext"":""特别搞笑的喜剧片"",""query"":{""and"":[{""field"":""category"",""value"":""电影""},{""field"":""tag"",""value"":""搞笑""}]}}",67
影视-组14,影视,14,第2轮,沈腾演的有吗,vod_search,"{""action"":""search"",""retext"":""沈腾演的搞笑喜剧片"",""query"":{""and"":[{""field"":""category"",""value"":""电影""},{""field"":""tag"",""value"":""搞笑""},{""field"":""actor"",""value"":""沈腾""}]}}",68
影视-组14,影视,14,第3轮,适合一家人看的,vod_fuzzy_search,"{""query"":""适合一家人看的沈腾搞笑喜剧片""}",69
影视-组14,影视,14,第4轮,要国产的,vod_search_all,"{""action"":""search"",""retext"":""沈腾演的国产搞笑喜剧片"",""query"":{""and"":[{""field"":""category"",""value"":""电影""},{""field"":""tag"",""value"":""搞笑""},{""field"":""actor"",""value"":""沈腾""},{""field"":""area"",""value"":""中国""}]}}",70
影视-组14,影视,14,第5轮,最近上映的有吗,vod_search_all,"{""action"":""search"",""retext"":""沈腾演的最近上映的国产搞笑喜剧片"",""query"":{""and"":[{""field"":""category"",""value"":""电影""},{""field"":""tag"",""value"":""搞笑""},{""field"":""actor"",""value"":""沈腾""},{""field"":""area"",""value"":""中国""},{""field"":""release_time"",""from"":""20260701"",""to"":""20261231""}]}}",71
影视-组15,影视,15,第1轮,还有没有像人世间这样的剧,vod_relate_search,"{""query"":{""and"":[{""field"":""title"",""value"":""人世间""},{""field"":""category"",""value"":""电视剧""}]}}",72
影视-组15,影视,15,第2轮,讲亲情的,vod_fuzzy_search,"{""query"":""像人世间这样讲亲情的年代剧""}",73
影视-组15,影视,15,第3轮,背景年代早一点的,vod_fuzzy_search,"{""query"":""像人世间这样讲亲情、背景年代早一点的年代剧""}",74
影视-组15,影视,15,第4轮,集数多点的也行,vod_fuzzy_search,"{""query"":""像人世间这样讲亲情、背景年代早一点且集数多的年代剧""}",75
影视-组15,影视,15,第5轮,要已经完结的,vod_fuzzy_search,"{""query"":""像人世间这样讲亲情、背景年代早一点、集数多且已完结的年代剧""}",76
影视-组16,影视,16,第1轮,胡歌的经典电视剧,vod_search,"{""action"":""search"",""retext"":""胡歌的经典电视剧"",""query"":{""and"":[{""field"":""actor"",""value"":""胡歌""},{""field"":""category"",""value"":""电视剧""}]},""sort"":{""rate"":{""order"":""desc""}}}",77
影视-组16,影视,16,第2轮,古装的,vod_search,"{""action"":""search"",""retext"":""胡歌的经典古装电视剧"",""query"":{""and"":[{""field"":""actor"",""value"":""胡歌""},{""field"":""category"",""value"":""电视剧""},{""field"":""tag"",""value"":""古装""}]}}",78
影视-组16,影视,16,第3轮,收视率高的,vod_fuzzy_search,"{""query"":""胡歌收视率高的经典古装电视剧""}",79
影视-组16,影视,16,第4轮,权谋类的,vod_fuzzy_search,"{""query"":""胡歌收视率高的经典古装权谋电视剧""}",80
影视-组16,影视,16,第5轮,我要看高清版,vod_fuzzy_search,"{""query"":""胡歌收视率高的经典古装权谋电视剧高清版""}",81
影视-组17,影视,17,第1轮,最近有啥悬疑片,vod_search,"{""action"":""search"",""retext"":""最近的悬疑片"",""query"":{""and"":[{""field"":""category"",""value"":""电影""},{""field"":""tag"",""value"":""悬疑""}]},""sort"":{""new"":{""order"":""desc""}}}",82
影视-组17,影视,17,第2轮,要烧脑反转多的,vod_fuzzy_search,"{""query"":""烧脑反转多的悬疑片""}",83
影视-组17,影视,17,第3轮,国产的有吗,vod_search_all,"{""action"":""search"",""retext"":""烧脑反转多的国产悬疑片"",""query"":{""and"":[{""field"":""category"",""value"":""电影""},{""field"":""tag"",""value"":""悬疑""},{""field"":""area"",""value"":""中国""}]}}",84
影视-组17,影视,17,第4轮,评分8分以上的,vod_search_all,"{""action"":""search"",""retext"":""烧脑反转多、评分8分以上的国产悬疑片"",""query"":{""and"":[{""field"":""category"",""value"":""电影""},{""field"":""tag"",""value"":""悬疑""},{""field"":""area"",""value"":""中国""},{""field"":""rate"",""from"":8,""to"":10}]}}",85
影视-组17,影视,17,第5轮,片长两个小时内的,vod_fuzzy_search,"{""query"":""烧脑反转多、评分8分以上、片长两小时内的国产悬疑片""}",86
影视-组18,影视,18,第1轮,适合小学生看的电影,vod_search_all,"{""action"":""search"",""retext"":""适合小学生看的电影"",""query"":{""and"":[{""field"":""category"",""value"":""电影""},{""field"":""age_range"",""from"":7,""to"":12}]}}",87
影视-组18,影视,18,第2轮,七八岁能看的,vod_search_all,"{""action"":""search"",""retext"":""适合七八岁小孩看的电影"",""query"":{""and"":[{""field"":""category"",""value"":""电影""},{""field"":""age_range"",""from"":7,""to"":8}]}}",88
影视-组18,影视,18,第3轮,时长一个半小时左右的,vod_fuzzy_search,"{""query"":""适合七八岁小孩看的时长一个半小时左右的电影""}",89
影视-组18,影视,18,第4轮,有点教育意义的,vod_fuzzy_search,"{""query"":""适合七八岁小孩看的时长一个半小时左右且有教育意义的电影""}",90
影视-组18,影视,18,第5轮,有免费的没,vod_search_all,"{""action"":""search"",""retext"":""适合七八岁小孩看的免费电影"",""query"":{""and"":[{""field"":""category"",""value"":""电影""},{""field"":""age_range"",""from"":7,""to"":8},{""field"":""is_fee"",""value"":0}]}}",91
影视-组19,影视,19,第1轮,有啥好看的破案剧,vod_search,"{""action"":""search"",""retext"":""好看的破案剧"",""query"":{""and"":[{""field"":""category"",""value"":""电视剧""},{""field"":""tag"",""value"":""破案""}]},""sort"":{""rate"":{""order"":""desc""}}}",92
影视-组19,影视,19,第2轮,都市背景的,vod_fuzzy_search,"{""query"":""都市背景的破案剧""}",93
影视-组19,影视,19,第3轮,真实案件改编的,vod_search_all,"{""action"":""search"",""retext"":""真实案件改编的都市破案剧"",""query"":{""and"":[{""field"":""category"",""value"":""电视剧""},{""field"":""tag"",""value"":""破案""},{""field"":""creation_source"",""value"":""真实案件改编""}]}}",94
影视-组19,影视,19,第4轮,国产的,vod_search_all,"{""action"":""search"",""retext"":""国产真实案件改编的都市破案剧"",""query"":{""and"":[{""field"":""category"",""value"":""电视剧""},{""field"":""tag"",""value"":""破案""},{""field"":""creation_source"",""value"":""真实案件改编""},{""field"":""area"",""value"":""中国""}]}}",95
影视-组19,影视,19,第5轮,评分高的,vod_search_all,"{""action"":""search"",""retext"":""评分高的国产真实案件改编都市破案剧"",""query"":{""and"":[{""field"":""category"",""value"":""电视剧""},{""field"":""tag"",""value"":""破案""},{""field"":""creation_source"",""value"":""真实案件改编""},{""field"":""area"",""value"":""中国""}]},""sort"":{""rate"":{""order"":""desc""}}}",96
影视-组20,影视,20,第1轮,推荐几部动作片,vod_search,"{""action"":""search"",""retext"":""推荐几部动作片"",""query"":{""and"":[{""field"":""category"",""value"":""电影""},{""field"":""tag"",""value"":""动作""}]}}",97
影视-组20,影视,20,第2轮,枪战激烈的,vod_fuzzy_search,"{""query"":""枪战激烈的动作片""}",98
影视-组20,影视,20,第3轮,好莱坞的,vod_search_all,"{""action"":""search"",""retext"":""枪战激烈的好莱坞动作片"",""query"":{""and"":[{""field"":""category"",""value"":""电影""},{""field"":""tag"",""value"":""动作""},{""field"":""company"",""value"":""好莱坞""}]}}",99
影视-组20,影视,20,第4轮,史泰龙施瓦辛格这种老牌影星的,vod_search_all,"{""action"":""search"",""retext"":""史泰龙或施瓦辛格演的枪战激烈的好莱坞动作片"",""query"":{""and"":[{""field"":""category"",""value"":""电影""},{""field"":""tag"",""value"":""动作""},{""field"":""company"",""value"":""好莱坞""},{""field"":""actor"",""values"":[""史泰龙"",""施瓦辛格""],""operator"":""or""}]}}",100
影视-组20,影视,20,第5轮,有中文配音的吗,vod_search_all,"{""action"":""search"",""retext"":""史泰龙或施瓦辛格演的有中文配音的枪战激烈好莱坞动作片"",""query"":{""and"":[{""field"":""category"",""value"":""电影""},{""field"":""tag"",""value"":""动作""},{""field"":""company"",""value"":""好莱坞""},{""field"":""actor"",""values"":[""史泰龙"",""施瓦辛格""],""operator"":""or""},{""field"":""language"",""value"":""中文""}]}}",101
少儿-组1,少儿,1,第1轮,有适合小孩学英语的动画吗,educ_search,"{""retext"":""搜索适合孩子学英语的动画"",""query"":{""and"":[{""field"":""language"",""value"":""英语""},{""field"":""content_type"",""value"":""动画""}]}}",102
少儿-组1,少儿,1,第2轮,学龄前的,educ_search,"{""retext"":""搜索适合学龄前孩子学英语的动画"",""query"":{""and"":[{""field"":""language"",""value"":""英语""},{""field"":""age_range"",""to"":6,""from"":3},{""field"":""content_type"",""value"":""动画""}]}}",103
少儿-组1,少儿,1,第3轮,中文的,educ_search,"{""retext"":""搜索中文版学龄前英语启蒙动画"",""query"":{""and"":[{""field"":""title"",""value"":""英语启蒙""},{""field"":""language"",""value"":""中文""},{""field"":""age_range"",""to"":6,""from"":3},{""field"":""content_type"",""value"":""动画""}]}}",104
少儿-组1,少儿,1,第4轮,免费的,educ_search,"{""retext"":""搜索免费中文版学龄前英语启蒙动画"",""query"":{""and"":[{""field"":""title"",""value"":""英语启蒙""},{""field"":""language"",""value"":""中文""},{""field"":""age_range"",""to"":6,""from"":3},{""field"":""content_type"",""value"":""动画""},{""field"":""is_fee"",""value"":0}]}}",105
少儿-组1,少儿,1,第5轮,可以跟读的,educ_fuzzy_search,"{""query"":""可跟读的免费中文版学龄前英语启蒙动画""}",106
少儿-组2,少儿,2,第1轮,有啥3岁小孩听的儿歌,music_song_search,"{""retext"":""推荐适合3岁孩子的儿歌"",""tag"":[""儿歌"",""3岁""]}",107
少儿-组2,少儿,2,第2轮,能跟唱的,music_song_search,"{""retext"":""推荐适合3岁孩子跟唱的儿歌"",""tag"":[""儿歌"",""3岁"",""跟唱""]}",108
少儿-组2,少儿,2,第3轮,中文的那版,music_song_search,"{""retext"":""推荐适合3岁孩子跟唱的中文版儿歌"",""tag"":[""儿歌"",""3岁"",""跟唱"",""中文""]}",109
少儿-组2,少儿,2,第4轮,适合5到6岁的,music_song_search,"{""retext"":""推荐适合5到6岁孩子跟唱的中文版儿歌"",""tag"":[""儿歌"",""5到6岁"",""跟唱"",""中文""]}",110
少儿-组2,少儿,2,第5轮,去年的,music_song_search,"{""retext"":""推荐2025年的、适合5到6岁孩子跟唱的中文版儿歌"",""tag"":[""儿歌"",""2025年"",""5到6岁"",""跟唱"",""中文""]}",111
少儿-组3,少儿,3,第1轮,推荐点恐龙科普动画,educ_search,"{""retext"":""推荐恐龙科普动画"",""query"":{""and"":[{""field"":""children_third_genre"",""value"":""恐龙""},{""field"":""children_second_genre"",""value"":""科普""},{""field"":""content_type"",""value"":""动画""}]}}",112
少儿-组3,少儿,3,第2轮,适合8岁男孩的,educ_search,"{""retext"":""推荐适合8岁男孩的恐龙科普动画"",""query"":{""and"":[{""field"":""children_third_genre"",""value"":""恐龙""},{""field"":""children_second_genre"",""value"":""科普""},{""field"":""gender"",""value"":""男""},{""field"":""age_range"",""to"":8,""from"":8},{""field"":""content_type"",""value"":""动画""}]}}",113
少儿-组3,少儿,3,第3轮,有国产的吗,educ_search_all,"{""retext"":""推荐适合8岁男孩的国产恐龙科普动画"",""query"":{""and"":[{""field"":""children_third_genre"",""value"":""恐龙""},{""field"":""children_second_genre"",""value"":""科普""},{""field"":""country"",""value"":""中国""},{""field"":""gender"",""value"":""男""},{""field"":""age_range"",""to"":8,""from"":8},{""field"":""content_type"",""value"":""动画""}]}}",114
少儿-组3,少儿,3,第4轮,一季以上的,educ_fuzzy_search,"{""query"":""一季以上、适合8岁男孩的国产恐龙科普动画""}",115
少儿-组3,少儿,3,第5轮,换一个其他类型的,educ_fuzzy_search,"{""query"":""换一个其他类型、适合8岁男孩的国产科普动画""}",116
少儿-组4,少儿,4,第1轮,我想看双语绘本,educ_search,"{""retext"":""搜索双语绘本"",""query"":{""and"":[{""field"":""children_second_genre"",""value"":""绘本""},{""field"":""language"",""values"":[""中文"",""英文""],""operator"":""and""}]}}",117
少儿-组4,少儿,4,第2轮,适合睡前听的,audio_search,"{""action"":""search"",""query"":""搜索适合睡前听的双语绘本""}",118
少儿-组4,少儿,4,第3轮,有声朗读的,audio_search,"{""action"":""search"",""query"":""搜索适合睡前听、有声朗读的双语绘本""}",119
少儿-组4,少儿,4,第4轮,女声配音的,audio_search,"{""action"":""search"",""query"":""搜索适合睡前听、女声有声朗读的双语绘本""}",120
少儿-组4,少儿,4,第5轮,换个故事吧,audio_search,"{""action"":""search"",""query"":""换一个适合睡前听、女声有声朗读的双语绘本故事""}",121
少儿-组5,少儿,5,第1轮,教小孩安全知识的动画,educ_search,"{""retext"":""教小孩安全知识的动画"",""query"":{""and"":[{""field"":""title"",""value"":""安全知识""},{""field"":""content_type"",""value"":""动画""}]}}",122
少儿-组5,少儿,5,第2轮,讲交通安全的,educ_search,"{""retext"":""讲交通安全的小孩安全知识动画"",""query"":{""and"":[{""field"":""title"",""value"":""交通安全""},{""field"":""content_type"",""value"":""动画""}]}}",123
少儿-组5,少儿,5,第3轮,适合3到6岁的,educ_search,"{""retext"":""讲交通安全、适合3到6岁小孩的安全知识动画"",""query"":{""and"":[{""field"":""title"",""value"":""交通安全""},{""field"":""age_range"",""from"":3,""to"":6},{""field"":""content_type"",""value"":""动画""}]}}",124
少儿-组5,少儿,5,第4轮,有字幕的,educ_fuzzy_search,"{""query"":""讲交通安全、适合3到6岁小孩、有字幕的安全知识动画""}",125
少儿-组5,少儿,5,第5轮,免费的,educ_fuzzy_search,"{""query"":""免费的、讲交通安全、适合3到6岁小孩、有字幕的安全知识动画""}",126
少儿-组6,少儿,6,第1轮,适合小男孩的动画片,educ_search,"{""retext"":""适合小男孩的动画片"",""query"":{""and"":[{""field"":""gender"",""value"":""男""},{""field"":""content_type"",""value"":""动画""}]}}",127
少儿-组6,少儿,6,第2轮,奶龙这种类型的,educ_relate_recommend,"{""query"":{""and"":[{""field"":""title"",""value"":""奶龙""},{""field"":""content_type"",""value"":""动画""}]}}",128
少儿-组6,少儿,6,第3轮,打斗别太暴力的,educ_fuzzy_search,"{""query"":""像奶龙这样、打斗别太暴力的适合小男孩的动画""}",129
少儿-组6,少儿,6,第4轮,国产的有吗,educ_search_all,"{""retext"":""像奶龙这样、打斗别太暴力的国产动画"",""query"":{""and"":[{""field"":""title"",""value"":""奶龙""},{""field"":""country"",""value"":""中国""},{""field"":""content_type"",""value"":""动画""}]}}",130
少儿-组6,少儿,6,第5轮,免费能看的,educ_fuzzy_search,"{""query"":""免费的、像奶龙这样、打斗别太暴力的国产动画""}",131
设备控制-组1,设备控制,1,第1轮,设置定时关机,timer_control,"{""operation"":""打开"",""object"":""关机"",""value"":"""",""device"":"""",""location"":"""",""date_time"":""定时""}",132
设备控制-组1,设备控制,1,第2轮,两个小时后,timer_control,"{""operation"":""打开"",""object"":""关机"",""value"":"""",""device"":"""",""location"":"""",""date_time"":""2小时""}",133
设备控制-组1,设备控制,1,第3轮,改成3个小时,timer_control,"{""operation"":""打开"",""object"":""关机"",""value"":"""",""device"":"""",""location"":"""",""date_time"":""3小时""}",134
设备控制-组1,设备控制,1,第4轮,取消,timer_control,"{""operation"":""关闭"",""object"":""关机"",""value"":"""",""device"":"""",""location"":""""}",135
设备控制-组1,设备控制,1,第5轮,设成10点,timer_control,"{""operation"":""打开"",""object"":""关机"",""value"":"""",""device"":"""",""location"":"""",""date_time"":""10:00""}",136
设备控制-组2,设备控制,2,第1轮,把音量调大点,numeric_adjust,"{""operation"":""提高"",""object"":""音量"",""value"":"""",""device"":"""",""location"":""""}",137
设备控制-组2,设备控制,2,第2轮,再大一点,numeric_adjust,"{""operation"":""提高"",""object"":""音量"",""value"":"""",""device"":"""",""location"":""""}",138
设备控制-组2,设备控制,2,第3轮,调到30吧,numeric_adjust,"{""operation"":""设置"",""object"":""音量"",""value"":""30"",""device"":"""",""location"":""""}",139
设备控制-组2,设备控制,2,第4轮,再调大点,numeric_adjust,"{""operation"":""提高"",""object"":""音量"",""value"":"""",""device"":"""",""location"":""""}",140
设备控制-组2,设备控制,2,第5轮,调小点吧,numeric_adjust,"{""operation"":""降低"",""object"":""音量"",""value"":"""",""device"":"""",""location"":""""}",141
设备控制-组3,设备控制,3,第1轮,色度太低了,numeric_adjust,"{""operation"":""提高"",""object"":""色度"",""value"":"""",""device"":"""",""location"":""""}",142
设备控制-组3,设备控制,3,第2轮,太高点,numeric_adjust,"{""operation"":""提高"",""object"":""色度"",""value"":"""",""device"":"""",""location"":""""}",143
设备控制-组3,设备控制,3,第3轮,调一下对比度,numeric_adjust,"{""operation"":""设置"",""object"":""对比度"",""value"":"""",""device"":"""",""location"":""""}",144
设备控制-组3,设备控制,3,第4轮,调高点,numeric_adjust,"{""operation"":""提高"",""object"":""对比度"",""value"":"""",""device"":"""",""location"":""""}",145
设备控制-组3,设备控制,3,第5轮,改成调亮度,numeric_adjust,"{""operation"":""设置"",""object"":""亮度"",""value"":"""",""device"":"""",""location"":""""}",146
设备控制-组4,设备控制,4,第1轮,电视画面调亮点,numeric_adjust,"{""operation"":""提高"",""object"":""亮度"",""value"":"""",""device"":"""",""location"":""""}",147
设备控制-组4,设备控制,4,第2轮,调暗点,numeric_adjust,"{""operation"":""降低"",""object"":""亮度"",""value"":"""",""device"":"""",""location"":""""}",148
设备控制-组4,设备控制,4,第3轮,太暗了,numeric_adjust,"{""operation"":""提高"",""object"":""亮度"",""value"":"""",""device"":"""",""location"":""""}",149
设备控制-组4,设备控制,4,第4轮,再调亮点,numeric_adjust,"{""operation"":""提高"",""object"":""亮度"",""value"":"""",""device"":"""",""location"":""""}",150
设备控制-组4,设备控制,4,第5轮,调到最大,numeric_adjust,"{""operation"":""设置"",""object"":""亮度"",""value"":""最大"",""device"":"""",""location"":""""}",151
设备控制-组5,设备控制,5,第1轮,清晰度不太够,numeric_adjust,"{""operation"":""提高"",""object"":""清晰度"",""value"":"""",""device"":"""",""location"":""""}",152
设备控制-组5,设备控制,5,第2轮,再高一点,numeric_adjust,"{""operation"":""提高"",""object"":""清晰度"",""value"":"""",""device"":"""",""location"":""""}",153
设备控制-组5,设备控制,5,第3轮,还能再清晰点吗,numeric_adjust,"{""operation"":""提高"",""object"":""清晰度"",""value"":"""",""device"":"""",""location"":""""}",154
设备控制-组5,设备控制,5,第4轮,设成最大值吧,numeric_adjust,"{""operation"":""设置"",""object"":""清晰度"",""value"":""100%"",""device"":"""",""location"":""""}",155
设备控制-组5,设备控制,5,第5轮,往回调小一点,numeric_adjust,"{""operation"":""降低"",""object"":""清晰度"",""value"":"""",""device"":"""",""location"":""""}",156
设备控制-组6,设备控制,6,第1轮,画面看起来有点暗,numeric_adjust,"{""operation"":""提高"",""object"":""亮度"",""value"":"""",""device"":"""",""location"":""""}",157
设备控制-组6,设备控制,6,第2轮,还是有点暗,numeric_adjust,"{""operation"":""提高"",""object"":""亮度"",""value"":"""",""device"":"""",""location"":""""}",158
设备控制-组6,设备控制,6,第3轮,再亮一点,numeric_adjust,"{""operation"":""提高"",""object"":""亮度"",""value"":"""",""device"":"""",""location"":""""}",159
设备控制-组6,设备控制,6,第4轮,调到最高,numeric_adjust,"{""operation"":""设置"",""object"":""亮度"",""value"":""100%"",""device"":"""",""location"":""""}",160
设备控制-组6,设备控制,6,第5轮,下调一点,numeric_adjust,"{""operation"":""降低"",""object"":""亮度"",""value"":"""",""device"":"""",""location"":""""}",161
教育-组1,教育,1,第1轮,有三年级的数学课吗,edu_search,"{""query"":{""and"":[{""field"":""grade"",""value"":""三年级""},{""field"":""first_subject"",""value"":""数学""},{""field"":""k12_category"",""values"":[""同步课"",""同步拓展课""],""operator"":""or""}]}}",162
教育-组1,教育,1,第2轮,北师大版的,edu_search,"{""query"":{""and"":[{""field"":""grade"",""value"":""三年级""},{""field"":""first_subject"",""value"":""数学""},{""field"":""material_version"",""value"":""北师大版""},{""field"":""k12_category"",""values"":[""同步课"",""同步拓展课""],""operator"":""or""}]}}",163
教育-组1,教育,1,第3轮,免费的,edu_slow_search_data_search,"{""title"":""免费北师大版三年级数学课"",""grade"":""三年级"",""first_subject"":""数学"",""material_version"":""北师大版"",""is_fee"":0}",164
教育-组1,教育,1,第4轮,初中二年级的,edu_slow_search_data_search,"{""title"":""免费北师大版八年级数学课"",""grade"":""八年级"",""first_subject"":""数学"",""material_version"":""北师大版"",""is_fee"":0}",165
教育-组1,教育,1,第5轮,有老师讲解的,edu_slow_search_data_search,"{""title"":""有老师讲解的免费北师大版八年级数学课"",""grade"":""八年级"",""first_subject"":""数学"",""material_version"":""北师大版"",""is_fee"":0}",166
教育-组2,教育,2,第1轮,想学英语口语,edu_slow_search_data_search,"{""title"":""英语口语课程""}",167
教育-组2,教育,2,第2轮,外教教的,edu_slow_search_data_search,"{""title"":""外教授课的英语口语课程""}",168
教育-组2,教育,2,第3轮,一对一的,edu_slow_search_data_search,"{""title"":""外教一对一英语口语课程""}",169
教育-组2,教育,2,第4轮,价格实惠点,edu_slow_search_data_search,"{""title"":""价格实惠的外教一对一英语口语课程""}",170
教育-组2,教育,2,第5轮,不收费的,edu_slow_search_data_search,"{""title"":""免费的外教一对一英语口语课程""}",171
教育-组3,教育,3,第1轮,有少儿编程课吗,edu_slow_search_data_search,"{""title"":""少儿编程课程""}",172
教育-组3,教育,3,第2轮,Python入门的,edu_slow_search_data_search,"{""title"":""少儿Python入门编程课程""}",173
教育-组3,教育,3,第3轮,零基础能学,edu_slow_search_data_search,"{""title"":""适合零基础的少儿Python入门编程课程""}",174
教育-组3,教育,3,第4轮,带实战项目,edu_slow_search_data_search,"{""title"":""带实战项目、适合零基础的少儿Python入门编程课程""}",175
教育-组3,教育,3,第5轮,有试听课的,edu_slow_search_data_search,"{""title"":""有试听课且带实战项目的零基础少儿Python入门编程课程""}",176
教育-组4,教育,4,第1轮,小学必背古诗有哪些,fan_knowledge_agent,"{""messages"":[{""role"":""user"",""content"":""小学必背古诗有哪些""}],""riskRespStrategy"":""all_replace""}",177
教育-组4,教育,4,第2轮,带讲解的,edu_slow_search_data_search,"{""title"":""带讲解的小学必背古诗课程""}",178
教育-组4,教育,4,第3轮,动画形式的,edu_slow_search_data_search,"{""title"":""动画形式、带讲解的小学必背古诗课程""}",179
教育-组4,教育,4,第4轮,有朗读示范,edu_slow_search_data_search,"{""title"":""有朗读示范的动画版小学必背古诗课程""}",180
教育-组4,教育,4,第5轮,按年级分类,edu_slow_search_data_search,"{""title"":""按年级分类、有朗读示范的动画版小学必背古诗课程""}",181
教育-组5,教育,5,第1轮,有啥初中化学的课,edu_search,"{""query"":{""and"":[{""field"":""grade"",""value"":""九年级""},{""field"":""first_subject"",""value"":""化学""},{""field"":""k12_category"",""values"":[""同步课"",""同步拓展课""],""operator"":""or""}]}}",182
教育-组5,教育,5,第2轮,有实验演示的,edu_slow_search_data_search,"{""title"":""有实验演示的初中化学课"",""grade"":""九年级"",""first_subject"":""化学""}",183
教育-组5,教育,5,第3轮,讲得细一点的,edu_slow_search_data_search,"{""title"":""讲得细、有实验演示的初中化学课"",""grade"":""九年级"",""first_subject"":""化学""}",184
教育-组5,教育,5,第4轮,初三下册的有没有,edu_slow_search_data_search,"{""title"":""初三下册、讲得细、有实验演示的化学课"",""grade"":""九年级"",""semester"":""下半学期"",""first_subject"":""化学""}",185
教育-组5,教育,5,第5轮,免费能看的,edu_slow_search_data_search,"{""title"":""免费的初三下册、讲得细、有实验演示的化学课"",""grade"":""九年级"",""semester"":""下半学期"",""first_subject"":""化学"",""is_fee"":0}",186
教育-组6,教育,6,第1轮,有没有中考复习的视频,edu_fuzzy_search,"{""query"":""中考复习视频""}",187
教育-组6,教育,6,第2轮,真题讲解的,edu_fuzzy_search,"{""query"":""真题讲解的中考复习视频""}",188
教育-组6,教育,6,第3轮,全学科都有的,edu_fuzzy_search,"{""query"":""全学科、真题讲解的中考复习视频""}",189
教育-组6,教育,6,第4轮,权威标准的,edu_slow_search_data_search,"{""title"":""权威标准的中考全学科真题讲解复习课""}",190
教育-组6,教育,6,第5轮,适合青岛地区的,edu_slow_search_data_search,"{""title"":""适合青岛地区的权威标准中考全学科真题讲解复习课""}",191
音乐-组1,音乐,1,第1轮,推荐几首流行歌,music_song_search,"{""retext"":""推荐流行歌曲"",""tag"":[""流行""]}",192
音乐-组1,音乐,1,第2轮,华语的,music_song_search,"{""retext"":""推荐华语流行歌曲"",""tag"":[""华语"",""流行""]}",193
音乐-组1,音乐,1,第3轮,男歌手唱的,music_song_search,"{""retext"":""推荐华语男歌手的流行歌曲"",""gender"":[""男""],""tag"":[""华语"",""流行""]}",194
音乐-组1,音乐,1,第4轮,最新的,music_song_search,"{""retext"":""推荐最新的华语男歌手流行歌曲"",""gender"":[""男""],""tag"":[""华语"",""流行"",""最新""]}",195
音乐-组1,音乐,1,第5轮,免费能听的,music_song_search,"{""retext"":""推荐免费收听的最新华语男歌手流行歌曲"",""gender"":[""男""],""version"":[""免费版""],""tag"":[""华语"",""流行"",""最新""]}",196
音乐-组2,音乐,2,第1轮,放点周杰伦的歌,music_song_search,"{""retext"":""播放周杰伦的歌"",""singer"":[""周杰伦""]}",197
音乐-组2,音乐,2,第2轮,最有名的那首,music_song_search,"{""retext"":""播放周杰伦最有名的歌"",""singer"":[""周杰伦""],""tag"":[""经典""]}",198
音乐-组2,音乐,2,第3轮,2026年的,music_song_search,"{""retext"":""播放周杰伦2026年最有名的歌"",""singer"":[""周杰伦""],""tag"":[""2026年"",""经典""]}",199
音乐-组2,音乐,2,第4轮,歌名是英文的那个,music_song_search,"{""retext"":""播放周杰伦2026年最有名且歌名为英文的歌"",""singer"":[""周杰伦""],""tag"":[""2026年"",""经典"",""英文歌名""]}",200
音乐-组2,音乐,2,第5轮,换成张靓颖的吧,music_song_search,"{""retext"":""播放张靓颖2026年歌名为英文的知名歌曲"",""singer"":[""张靓颖""],""tag"":[""2026年"",""经典"",""英文歌名""]}",201
音乐-组3,音乐,3,第1轮,想听点摇滚乐,music_song_search,"{""retext"":""推荐摇滚乐"",""tag"":[""摇滚""]}",202
音乐-组3,音乐,3,第2轮,国外乐队的,music_song_search,"{""retext"":""推荐国外乐队的摇滚乐"",""tag"":[""摇滚"",""国外乐队""]}",203
音乐-组3,音乐,3,第3轮,演唱会现场版,music_song_search,"{""retext"":""推荐国外乐队的演唱会现场版摇滚乐"",""version"":[""live版""],""tag"":[""摇滚"",""国外乐队"",""演唱会""]}",204
音乐-组3,音乐,3,第4轮,高音质的,music_song_search,"{""retext"":""推荐高音质的国外乐队演唱会现场版摇滚乐"",""version"":[""live版""],""tag"":[""摇滚"",""国外乐队"",""演唱会"",""高音质""]}",205
音乐-组3,音乐,3,第5轮,清唱版,music_song_search,"{""retext"":""推荐国外乐队的清唱版摇滚乐"",""tag"":[""摇滚"",""国外乐队"",""清唱""]}",206
音乐-组4,音乐,4,第1轮,有简单的英文儿歌吗,music_song_search,"{""retext"":""推荐简单的英文儿歌"",""tag"":[""英文"",""儿歌"",""简单""]}",207
音乐-组4,音乐,4,第2轮,适合零基础的,music_song_search,"{""retext"":""推荐适合零基础的简单英文儿歌"",""tag"":[""英文"",""儿歌"",""简单"",""零基础""]}",208
音乐-组4,音乐,4,第3轮,律动感强的,music_song_search,"{""retext"":""推荐适合零基础、律动感强的简单英文儿歌"",""tag"":[""英文"",""儿歌"",""简单"",""零基础"",""律动感强""]}",209
音乐-组4,音乐,4,第4轮,歌词简单的,music_song_search,"{""retext"":""推荐适合零基础、律动感强且歌词简单的英文儿歌"",""tag"":[""英文"",""儿歌"",""零基础"",""律动感强"",""歌词简单""]}",210
音乐-组4,音乐,4,第5轮,带中文翻译,music_song_search,"{""retext"":""推荐带中文翻译、适合零基础、律动感强且歌词简单的英文儿歌"",""tag"":[""英文"",""儿歌"",""零基础"",""律动感强"",""歌词简单"",""中文翻译""]}",211
音乐-组5,音乐,5,第1轮,推荐几首伤感的歌,music_song_search,"{""retext"":""推荐几首伤感的歌"",""tag"":[""伤感""]}",212
音乐-组5,音乐,5,第2轮,失恋听的那种,music_song_search,"{""retext"":""推荐失恋听的那种伤感歌"",""tag"":[""伤感"",""失恋""]}",213
音乐-组5,音乐,5,第3轮,华语老歌有吗,music_song_search,"{""retext"":""推荐失恋听的那种华语老歌"",""tag"":[""伤感"",""失恋"",""华语"",""经典""]}",214
音乐-组5,音乐,5,第4轮,免费能听的,music_song_search,"{""retext"":""推荐免费收听的失恋听的华语伤感老歌"",""tag"":[""伤感"",""失恋"",""华语"",""经典""],""version"":[""免费版""]}",215
音乐-组5,音乐,5,第5轮,女歌手唱的,music_song_search,"{""retext"":""推荐女歌手唱的免费失恋华语伤感老歌"",""gender"":[""女""],""version"":[""免费版""],""tag"":[""伤感"",""失恋"",""华语"",""经典""]}",216
音乐-组6,音乐,6,第1轮,KTV必点的歌,music_song_search,"{""retext"":""KTV必点的歌"",""tag"":[""KTV""]}",217
音乐-组6,音乐,6,第2轮,容易唱的,music_song_search,"{""retext"":""KTV必点的容易唱的歌"",""tag"":[""KTV"",""易唱""]}",218
音乐-组6,音乐,6,第3轮,高音别太难,music_song_search,"{""retext"":""KTV必点的容易唱且高音别太难的歌"",""tag"":[""KTV"",""易唱"",""低音好唱""]}",219
音乐-组6,音乐,6,第4轮,有双人对唱的吗,music_song_search,"{""retext"":""KTV必点的容易唱、高音别太难的双人对唱歌"",""tag"":[""KTV"",""易唱"",""低音好唱"",""对唱""]}",220
音乐-组6,音乐,6,第5轮,要普通话版,music_song_search,"{""retext"":""KTV必点的容易唱、高音别太难的普通话双人对唱歌"",""tag"":[""KTV"",""易唱"",""低音好唱"",""对唱"",""普通话""]}",221
体育-组1,体育,1,第1轮,有啥足球比赛视频,sports_vod_search,"{""query"":{""field"":""sport_name"",""value"":""足球""}}",222
体育-组1,体育,1,第2轮,英超的,sports_vod_search,"{""query"":{""and"":[{""field"":""sport_name"",""value"":""足球""},{""field"":""sport_game"",""value"":""英超""}]}}",223
体育-组1,体育,1,第3轮,半决赛那场,sports_match_search,"{""query"":{""and"":[{""field"":""sport_name"",""value"":""足球""},{""field"":""sport_game"",""value"":""英超""},{""field"":""sport_competition_phase"",""value"":""半决赛""}]}}",224
体育-组1,体育,1,第4轮,7月21日踢的,sports_match_search,"{""query"":{""and"":[{""field"":""sport_name"",""value"":""足球""},{""field"":""sport_game"",""value"":""英超""},{""field"":""sport_competition_phase"",""value"":""半决赛""},{""field"":""sport_time"",""value"":""20260721""}]}}",225
体育-组1,体育,1,第5轮,谁赢了,sports_match_data_search,"{""intent"":""sports_match_info_search"",""query"":""谁赢了""}",226
体育-组2,体育,2,第1轮,推荐点篮球比赛视频,sports_vod_search,"{""query"":{""field"":""sport_name"",""value"":""篮球""}}",227
体育-组2,体育,2,第2轮,CBA的,sports_vod_search,"{""query"":{""and"":[{""field"":""sport_name"",""value"":""篮球""},{""field"":""sport_game"",""value"":""CBA""}]}}",228
体育-组2,体育,2,第3轮,季后赛阶段,sports_match_search,"{""query"":{""and"":[{""field"":""sport_name"",""value"":""篮球""},{""field"":""sport_game"",""value"":""CBA""},{""field"":""sport_competition_phase"",""value"":""季后赛""}]}}",229
体育-组2,体育,2,第4轮,在广州打的那场,sports_match_search,"{""query"":{""and"":[{""field"":""sport_name"",""value"":""篮球""},{""field"":""sport_game"",""value"":""CBA""},{""field"":""sport_competition_phase"",""value"":""季后赛""},{""field"":""sport_team_home"",""value"":""广州""}]}}",230
体育-组2,体育,2,第5轮,新疆队的,sports_match_search,"{""query"":{""and"":[{""field"":""sport_name"",""value"":""篮球""},{""field"":""sport_game"",""value"":""CBA""},{""field"":""sport_competition_phase"",""value"":""季后赛""},{""field"":""sport_team_home"",""value"":""广州""},{""field"":""sport_team_guest"",""value"":""新疆""}]}}",231
体育-组3,体育,3,第1轮,有没有网球的视频,sports_vod_search,"{""query"":{""field"":""sport_name"",""value"":""网球""}}",232
体育-组3,体育,3,第2轮,大满贯的,sports_vod_search,"{""query"":{""and"":[{""field"":""sport_name"",""value"":""网球""},{""field"":""sport_game"",""value"":""大满贯""}]}}",233
体育-组3,体育,3,第3轮,看决赛轮,sports_match_search,"{""query"":{""and"":[{""field"":""sport_name"",""value"":""网球""},{""field"":""sport_game"",""value"":""大满贯""},{""field"":""sport_competition_phase"",""value"":""决赛""}]}}",234
体育-组3,体育,3,第4轮,昨晚打的,sports_match_search,"{""query"":{""and"":[{""field"":""sport_name"",""value"":""网球""},{""field"":""sport_game"",""value"":""大满贯""},{""field"":""sport_competition_phase"",""value"":""决赛""},{""field"":""sport_time"",""value"":""20260830""}]}}",235
体育-组3,体育,3,第5轮,郑钦文那场,sports_match_search,"{""query"":{""and"":[{""field"":""sport_name"",""value"":""网球""},{""field"":""sport_game"",""value"":""大满贯""},{""field"":""sport_competition_phase"",""value"":""决赛""},{""field"":""sport_time"",""value"":""20260830""},{""field"":""sport_star"",""value"":""郑钦文""}]}}",236
体育-组4,体育,4,第1轮,世界杯的比赛,sports_match_search,"{""query"":{""field"":""sport_game"",""value"":""世界杯""}}",237
体育-组4,体育,4,第2轮,在哪里举办的,fan_knowledge_agent,"{""messages"":[{""role"":""user"",""content"":""世界杯在哪里举办的""}],""riskRespStrategy"":""all_replace""}",238
体育-组4,体育,4,第3轮,最后谁夺冠了,fan_knowledge_agent,"{""messages"":[{""role"":""user"",""content"":""世界杯最后谁夺冠了""}],""riskRespStrategy"":""all_replace""}",239
体育-组4,体育,4,第4轮,金球奖得主是谁,fan_knowledge_agent,"{""messages"":[{""role"":""user"",""content"":""世界杯金球奖得主是谁""}],""riskRespStrategy"":""all_replace""}",240
体育-组4,体育,4,第5轮,哪天进行的决赛,sports_match_search,"{""query"":{""and"":[{""field"":""sport_game"",""value"":""2026年世界杯""},{""field"":""sport_competition_phase"",""value"":""决赛""}]}}",241
体育-组5,体育,5,第1轮,本周的NBA集锦,sports_vod_search,"{""query"":{""and"":[{""field"":""sport_name"",""value"":""篮球""},{""field"":""sport_game"",""value"":""NBA""}]}}",242
体育-组5,体育,5,第2轮,勇士队的,sports_vod_search,"{""query"":{""and"":[{""field"":""sport_name"",""value"":""篮球""},{""field"":""sport_game"",""value"":""NBA""},{""field"":""sport_team"",""value"":""勇士""}]}}",243
体育-组5,体育,5,第3轮,有十佳球的,sports_vod_search,"{""query"":{""and"":[{""field"":""sport_name"",""value"":""篮球""},{""field"":""sport_game"",""value"":""NBA""},{""field"":""sport_team"",""value"":""勇士""},{""field"":""sport_competition_phase"",""value"":""十佳球""}]}}",244
体育-组5,体育,5,第4轮,库里的,sports_vod_search,"{""query"":{""and"":[{""field"":""sport_name"",""value"":""篮球""},{""field"":""sport_game"",""value"":""NBA""},{""field"":""sport_team"",""value"":""勇士""},{""field"":""sport_star"",""value"":""库里""}]}}",245
体育-组5,体育,5,第5轮,免费能看的,sports_vod_search,"{""query"":{""and"":[{""field"":""sport_name"",""value"":""篮球""},{""field"":""sport_game"",""value"":""NBA""},{""field"":""sport_team"",""value"":""勇士""},{""field"":""sport_star"",""value"":""库里""}]}}",246
体育-组6,体育,6,第1轮,奥运会乒乓球比赛视频,sports_vod_search,"{""query"":{""and"":[{""field"":""sport_name"",""value"":""乒乓球""},{""field"":""sport_game"",""value"":""奥运会""}]}}",247
体育-组6,体育,6,第2轮,男单决赛,sports_vod_search,"{""query"":{""and"":[{""field"":""sport_name"",""value"":""乒乓球""},{""field"":""sport_game"",""value"":""奥运会""},{""field"":""sport_competition_phase"",""value"":""男单决赛""}]}}",248
体育-组6,体育,6,第3轮,樊振东那场,sports_vod_search,"{""query"":{""and"":[{""field"":""sport_name"",""value"":""乒乓球""},{""field"":""sport_game"",""value"":""奥运会""},{""field"":""sport_competition_phase"",""value"":""男单决赛""},{""field"":""sport_star"",""value"":""樊振东""}]}}",249
体育-组6,体育,6,第4轮,我要看完整视频,sports_vod_search,"{""query"":{""and"":[{""field"":""sport_name"",""value"":""乒乓球""},{""field"":""sport_game"",""value"":""奥运会""},{""field"":""sport_competition_phase"",""value"":""男单决赛""},{""field"":""sport_star"",""value"":""樊振东""}]}}",250
体育-组6,体育,6,第5轮,高清的,sports_vod_search,"{""query"":{""and"":[{""field"":""sport_name"",""value"":""乒乓球""},{""field"":""sport_game"",""value"":""奥运会""},{""field"":""sport_competition_phase"",""value"":""男单决赛""},{""field"":""sport_star"",""value"":""樊振东""}]}}",251
