业务域,query,意图,期望工具,期望参数,是否合理,备注,处理,,,,,,,,,,,
少儿,教孩子情绪管理的绘本动画,multi_tab_search,educ_search_all,"{
""retext"": ""教孩子情绪管理的绘本动画"",
""query"": {
""and"": [
{
""or"": [
{
""field"": ""children_third_genre"",
""value"": ""情绪管理""
},
{
""field"": ""training_objectives"",
""value"": ""情绪管理""
}
]
},
{
""field"": ""children_second_genre"",
""value"": ""绘本""
},
{
""field"": ""content_type"",
""value"": ""动画""
}
]
}
}",,,,,,,,,,,,,,
少儿,0到3岁宝宝看的启蒙动画,multi_tab_search,educ_search,"{
""retext"": ""0到3岁宝宝看的启蒙动画"",
""query"": {
""and"": [
{
""field"": ""title"",
""value"": ""启蒙""
},
{
""field"": ""age_range"",
""from"": 0,
""to"": 3
},
{
""field"": ""content_type"",
""value"": ""动画""
}
]
}
}",不合理,query不应包含~，否则经过改写补全会去除标点改变语义,修改去除~改为文字,,,,,,,,,,,
少儿,10 到 12 岁儿童的经典卡通,multi_tab_search,educ_search,"{
""retext"": ""10 到 12 岁儿童的经典卡通"",
""query"": {
""and"": [
{
""field"": ""children_second_genre"",
""value"": ""经典""
},
{
""field"": ""content_type"",
""value"": ""卡通""
},
{
""field"": ""age_range"",
""from"": 10,
""to"": 12
}
]
}
}",,,,,,,,,,,,,,
少儿,2010年到2019年比较火的冒险动画片,multi_tab_search,educ_search_all,"{
    ""retext"": ""2010年2019年比较火的冒险动画片"",
    ""query"": {
        ""and"": [
            {
                ""field"": ""children_third_genre"",
                ""value"": ""冒险""
            },
            {
                ""field"": ""content_type"",
                ""value"": ""动画""
            },
            {
                ""field"": ""release_time"",
                ""from"": ""20100101"",
                ""to"": ""20191231""
            }
        ]
    }
}",,,,,,,,,,,,,,
少儿,2025年的免费重生动漫,multi_tab_search,educ_search_all,"{
""retext"": ""2025年的免费重生动漫"",
""query"": {
""and"": [
{
""field"": ""title"",
""value"": ""重生""
},
{
""field"": ""release_time"",
""from"": ""20250101"",
""to"": ""20251231""
},
{
""field"": ""children_second_genre"",
""value"": ""动漫""
},
{
""field"": ""is_fee"",
""value"": 0
}
]
}
}",,,,,,,,,,,,,,
少儿,22年至今播出的科幻冒险动画,multi_tab_search,educ_search_all,"{
    ""retext"": ""22年至今播出的科幻冒险动画"",
    ""query"": {
        ""and"": [
            {
                ""field"": ""children_third_genre"",
                ""value"": ""科幻""
            },
            {
                ""field"": ""children_third_genre"",
                ""value"": ""冒险""
            },
            {
                ""field"": ""content_type"",
                ""value"": ""动画""
            },
            {
                ""field"": ""release_time"",
                ""from"": ""20220101"",
                ""to"": ""20260824""
            }
        ]
    }
}",,,,,,,,,,,,,,
少儿,23年以后的动画片,multi_tab_search,educ_search_all,"{
    ""retext"": ""23年以后的动画片"",
    ""query"": {
        ""and"": [
            {
                ""field"": ""content_type"",
                ""value"": ""动画""
            },
            {
                ""field"": ""release_time"",
                ""from"": ""20230101"",
                ""to"": ""20260824""
            }
        ]
    }
}",,,,,,,,,,,,,,
少儿,4到5岁逻辑思维启蒙动画,multi_tab_search,educ_search,"{
""retext"": ""4到5岁逻辑思维启蒙动画"",
""query"": {
""and"": [
{
""field"": ""title"",
""value"": ""逻辑思维启蒙""
},
{
""field"": ""content_type"",
""value"": ""动画""
},
{
""field"": ""age_range"",
""from"": 4,
""to"": 5
}
]
}
}",不合理,query不应包含~，否则经过改写补全会去除标点改变语义。而且逻辑思维是children_third_genre的枚举值之一，归于title不合理,"修改去除~改为文字

逻辑思维启蒙  为一个词带有title相关标签所以为title",,,,,,,,,,,
少儿,6到7岁儿童适合的成长主题动画,confirm_vague_search,educ_fuzzy_search,"{""query"": ""6到7岁儿童适合的成长主题动画""}",不合理,说明为何进慢链路,少儿无承接 成长的标签,,,,,,,,,,,
少儿,9岁小女孩喜欢看的动画片,multi_tab_search,educ_search,"{
""retext"": ""9岁小女孩喜欢看的动画"",
""query"": {
""and"": [
{
""field"": ""content_type"",
""value"": ""动画""
},
{
""field"": ""gender"",
""value"": ""女""
},
{
""field"": ""age_range"",
""from"": 9,
""to"": 9
}
]
}
}",不合理,"应为{
""field"": ""content_type"",
""value"": ""动画片""
}辛苦说明下说明动画和动画片的差别，归一规则","动画与动画片都会映射为相同搜索条件

语料动画片会被改写为 动画  ",,,,,,,,,,,
少儿,按我家娃的喜好推荐一些动画,confirm_personalized_recommend,educ_fuzzy_search,"{""query"": ""按我家娃的喜好推荐一些动画""}",,,,,,,,,,,,,,
少儿,奥特曼免费的不要钱的,multi_tab_search,educ_search,"{
""retext"": ""奥特曼免费的不要钱的"",
""query"": {
""and"": [
{
""field"": ""title"",
""value"": ""奥特曼""
},
{
""field"": ""is_fee"",
""value"": 0
}
]
}
}",,,,,,,,,,,,,,
少儿,帮我播放钶龙战记,multi_tab_search,educ_search,"{
""retext"": ""帮我播放钶龙战记"",
""query"": {
""field"": ""title"",
""value"": ""钶龙战记""
}
}",,,,,,,,,,,,,,
少儿,帮我搜索2023年推出的动漫作品,multi_tab_search,educ_search_all,"{ 
""retext"": ""帮我搜索2023年推出的动漫作品"", 
""query"": { 
""and"": [ 
{ 
""field"": ""release_time"", 
""from"": ""20230101"", 
""to"": ""20231231"" 
}, 
{ 
""field"": ""children_second_genre"", 
""value"": ""动漫"" 
} 
] 
} 
}",,,,,,,,,,,,,,
少儿,帮我调到免费的长征先锋,multi_tab_search,educ_search,"{
""retext"": ""帮我调到免费的长征先锋"",
""query"": {
""and"": [
{
""field"": ""title"",
""value"": ""长征先锋""
},
{
""field"": ""is_fee"",
""value"": 0
}
]
}
}",,,,,,,,,,,,,,
少儿,帮我找一个动画片儿背古诗的,multi_tab_search,educ_search,"{ 
""retext"": ""帮我找一个动画片儿背古诗的"", 
""query"": { 
""and"": [ 
{ 
""field"": ""children_third_genre"", 
""value"": ""古诗"" 
}, 
{ 
""field"": ""content_type"", 
""value"": ""动画"" 
} 
] 
} 
}",不合理,"应该为{ 
""field"": ""children_third_genre"", 
""value"": ""古诗词"" 
}枚举值为古诗词",枚举中包含 古诗和古诗词 ,,,,,,,,,,,
少儿,帮我找《佩奇》。,multi_tab_search,educ_search,"{
""retext"": ""帮我找《佩奇》。"",
""query"": {
""field"": ""title"",
""value"": ""小猪佩奇""
}
}",,,,,,,,,,,,,,
少儿,芭比系列全部免费,multi_tab_search,educ_search,"{
""retext"": ""芭比系列全部免费"",
""query"": {
""and"": [
{
""field"": ""title"",
""value"": ""芭比""
},
{
""field"": ""is_fee"",
""value"": 0
}
]
}
}",,,,,,,,,,,,,,
少儿,贝瓦儿歌开始,multi_tab_search,educ_search,"{
""retext"": ""贝瓦儿歌开始"",
""query"": {
""field"": ""title"",
""value"": ""贝瓦儿歌""
}
}",,,,,,,,,,,,,,
少儿,彼得兔全屏播放,multi_tab_search,educ_search,"{ 
""retext"": ""彼得兔全屏播放"", 
""query"": { 
""field"": ""title"", 
""value"": ""彼得兔"" 
} 
}",存疑,是否为多意图,,,,,,,,,,,,
少儿,播放艾莎公主或安娜公主,multi_tab_search,educ_search,"{
  ""retext"": ""播放艾莎公主和安娜公主"",
  ""query"": {
  ""or"": [
  {
  ""field"": ""role"",
  ""value"": ""艾莎公主""
  },
  {
  ""field"": ""role"",
  ""value"": ""安娜公主""
  },
  {
  ""field"": ""title"",
  ""value"": ""艾莎公主""
  },
  {
  ""field"": ""title"",
  ""value"": ""安娜公主""
  }
  ]
  }
 }",,,,,,,,,,,,,,
少儿,播放奥特曼卡片,multi_tab_search,educ_search,"{
""retext"": ""播放奥特曼卡片"",
""query"": {
""field"": ""title"",
""value"": ""奥特曼卡片""
}
}",,,,,,,,,,,,,,
少儿,播放阿拉丁神灯故事,multi_tab_search,educ_search,"{
""retext"": ""播放阿拉丁神灯故事"",
""query"": {
""and"": [
{
""field"": ""title"",
""value"": ""阿拉丁神灯""
},
{
""field"": ""children_second_genre"",
""value"": ""故事""
}
]
}
}",,,,,,,,,,,,,,
少儿,播放阿巳与小铃铛的故事,multi_tab_search,educ_search,"{ 
""retext"": ""播放阿巳与小铃铛的故事"", 
""query"": { 
""and"": [ 
{ 
""field"": ""title"", 
""value"": ""阿巳与小铃铛"" 
}, 
{ 
""field"": ""children_second_genre"", 
""value"": ""故事"" 
} 
] 
} 
}",,,,,,,,,,,,,,
少儿,播放宝宝巴士奇妙学古诗,multi_tab_search,educ_search,"{ 
""retext"": ""播放宝宝巴士奇妙学古诗"", 
""query"": { 
""field"": ""title"", 
""value"": ""宝宝巴士奇妙学古诗"" 
} 
}",,,,,,,,,,,,,,
少儿,播放宝宝动画片,multi_tab_search,educ_search,"{ 
""retext"": ""播放宝宝动画片"", 
""query"": { 
""field"": ""content_type"", 
""value"": ""动画"" 
} 
}",不合理,宝宝没有支持字段,进慢链路,,,,,,,,,,,
少儿,播放暴暴龙,multi_tab_search,educ_search,"{
""retext"": ""播放暴暴龙"",
""query"": {
""or"": [
{
""field"": ""role"",
""value"": ""暴暴龙""
},
{
""field"": ""title"",
""value"": ""暴暴龙""
}
]
}
}",,,,,,,,,,,,,,
少儿,播放宝贝JOJO之认知启蒙,educ_keyword_search,educ_search,"{
""retext"": ""播放宝贝JOJO之认知启蒙"",
""query"": {
""or"": [
{
""field"": ""title"",
""value"": ""认知启蒙""
},
{
""field"": ""title"",
""value"": ""超级宝贝jojo""
}
]
}
}",不合理,"应为{
""field"": ""title"",
""value"": ""超级宝贝jojo之认知启蒙""
}",争议，取消,,,,,,,,,,,
少儿,播放爆裂飞车二,multi_tab_search,educ_search,"{
""retext"": ""播放爆裂飞车二"",
""query"": {
""field"": ""title"",
""value"": ""爆裂飞车2""
}
}",不合理,应与影视统一，涉及第几部、第几集、第几季的说法,同影视一致 待schema修改后同步修改,,,,,,,,,,,
少儿,播放巴巴爸爸的视频,multi_tab_search,educ_search,"{ 
""retext"": ""播放巴巴爸爸的视频"", 
""query"": { 
""field"": ""title"", 
""value"": ""巴巴爸爸"" 
} 
}",,,,,,,,,,,,,,
少儿,播放爸爸去哪儿的视频,multi_tab_search,educ_search,"{ 
""retext"": ""播放爸爸去哪儿的视频"", 
""query"": { 
""field"": ""title"", 
""value"": ""爸爸去哪儿"" 
} 
}",,,,,,,,,,,,,,
少儿,播放布鲁伊中文版不用会员,multi_tab_search,educ_search,"{
""retext"": ""播放布鲁伊中文版不用会员"",
""query"": {
""and"": [
{
""field"": ""title"",
""value"": ""布鲁伊""
},
{
""field"": ""language"",
""value"": ""中文版""
},
{
""field"": ""is_fee"",
""value"": 0
}
]
}
}",,,,,,,,,,,,,,
少儿,播放不要会员的开心锤锤,multi_tab_search,educ_search,"{
""retext"": ""播放不要会员的开心锤锤"",
""query"": {
""and"": [
{
""field"": ""title"",
""value"": ""开心锤锤""
},
{
""field"": ""is_fee"",
""value"": 0
}
]
}
}",不合理,"开心锤锤的归一规则不明确，应改为{
""field"": ""title"",
""value"": ""锤锤""
}",改写query语料,,,,,,,,,,,
少儿,播放成人动画片开心锤锤免费,multi_tab_search,educ_search,"{
""retext"": ""播放成人动画片开心锤锤免费"",
""query"": {
""and"": [
{
""field"": ""title"",
""value"": ""开心锤锤""
},
{
""field"": ""content_type"",
""value"": ""动画片""
},
{
""field"": ""is_fee"",
""value"": 0
}
]
}
}",不合理,"应为{
""field"": ""content_type"",
""value"": ""动画片""
},",同意修改,,,,,,,,,,,
少儿,播放丑小鸭,multi_tab_search,educ_search,"{ 
""retext"": ""播放丑小鸭"", 
""query"": { 
""field"": ""title"", 
""value"": ""丑小鸭"" 
} 
}",,,,,,,,,,,,,,
少儿,播放第三集小马宝莉,multi_tab_search,educ_search,"{ 
""retext"": ""播放第三集小马宝莉"", 
""query"": { 
""field"": ""title"", 
""value"": ""小马宝莉"" 
} 
}",不合理,应和影视统一第几集的提参，如无支持的字段应进慢链路,同影视一致,,,,,,,,,,,
少儿,播放超级宝贝JOJO,multi_tab_search,educ_search,"{ 
""retext"": ""播放超级宝贝jojo"", 
""query"": { 
""field"": ""title"", 
""value"": ""超级宝贝jojo"" 
} 
}",不合理,没有”第一个“支持的字段，应进慢链路,retext修改为 改写后的结果  无其他问题,,,,,,,,,,,
少儿,播放斗罗大陆动漫版,multi_tab_search,educ_search,"{ 
""retext"": ""播放斗罗大陆动漫版"", 
""query"": { 
""and"": [ 
{ 
""field"": ""title"", 
""value"": ""斗罗大陆"" 
}, 
{ 
""field"": ""children_second_genre"", 
""value"": ""动漫"" 
} 
] 
} 
}",,,,,,,,,,,,,,
少儿,播放斗罗大陆动漫版,multi_tab_search,educ_search,"{ 
""retext"": ""播放斗罗大陆动漫版"", 
""query"": { 
""and"": [ 
{ 
""field"": ""title"", 
""value"": ""斗罗大陆"" 
}, 
{ 
""field"": ""children_second_genre"", 
""value"": ""动漫"" 
} 
] 
} 
}",不合理,同39重复,删掉,,,,,,,,,,,
少儿,播放儿童消防车,educ_keyword_search,educ_search,"{ 
""retext"": ""播放儿童消防车"", 
""query"": { 
""field"": ""title"", 
""value"": ""消防车"" 
} 
}",不合理,"应为{ 
""field"": ""title"", 
""value"": ""儿童消防车"" 
} 并且children_third_genre也有消防车这个枚举值",有争议，剔除,,,,,,,,,,,
少儿,播放搞笑视频光头强,multi_tab_search,educ_search,"{ 
""retext"": ""播放搞笑视频光头强"", 
""query"": { 
""and"": [ 
{ 
""or"": [ 
{ 
""field"": ""role"", 
""value"": ""光头强"" 
}, 
{ 
""field"": ""title"", 
""value"": ""光头强"" 
} 
] 
}, 
{ 
""field"": ""children_third_genre"", 
""value"": ""搞笑"" 
} 
] 
} 
}",,,,,,,,,,,,,,
少儿,播放鬼灭之刃普通话版,multi_tab_search,educ_search,"{ 
""retext"": ""播放鬼灭之刃普通话版"", 
""query"": { 
""and"": [ 
{ 
""field"": ""title"", 
""value"": ""鬼灭之刃"" 
}, 
{ 
""field"": ""language"", 
""value"": ""普通话"" 
} 
] 
} 
}",,,,,,,,,,,,,,
少儿,播放国语版汪汪队电影,multi_tab_search,educ_search,"{ 
""retext"": ""播放国语版汪汪队电影"", 
""query"": { 
""and"": [ 
{ 
""field"": ""title"", 
""value"": ""汪汪队"" 
}, 
{ 
""field"": ""children_second_genre"", 
""value"": ""电影"" 
}, 
{ 
""field"": ""language"", 
""value"": ""国语版"" 
} 
] 
} 
}",,,,,,,,,,,,,,
少儿,播放海底小纵队第五季立刻播放,multi_tab_search,educ_search,"{ 
""retext"": ""播放海底小纵队第五季立刻播放"", 
""query"": { 
""and"": [ 
{ 
""field"": ""title"", 
""value"": ""海底小纵队"" 
}, 
{ 
""field"": ""title"", 
""value"": ""第五季"" 
} 
] 
} 
}",不合理,应和影视统一第几季的提参，如无支持的字段应进慢链路,同影视一致,,,,,,,,,,,
少儿,播放海绵宝宝第八季,multi_tab_search,educ_search,"{ 
""retext"": ""播放海绵宝宝第八季"", 
""query"": { 
""and"": [ 
{ 
""field"": ""title"", 
""value"": ""海绵宝宝"" 
}, 
{ 
""field"": ""title"", 
""value"": ""第八季"" 
} 
] 
} 
}",不合理,应和影视统一第几季的提参，如无支持的字段应进慢链路,同影视一致,,,,,,,,,,,
少儿,播放好饿的毛毛虫,educ_keyword_search,educ_search,"{ 
""retext"": ""播放好饿的毛毛虫"", 
""query"": { 
""field"": ""title"", 
""value"": ""好饿的毛毛虫"" 
} 
}",,,,,,,,,,,,,,
少儿,播放好看的动画片,multi_tab_search,educ_search,"{ 
""retext"": ""播放好看的动画片"", 
""query"": { 
""field"": ""content_type"", 
""value"": ""动画"" 
} 
}",不合理,好看需要支持的高分排序字段,需产品定义,,,,,,,,,,,
少儿,播放旧版的汪汪队,multi_tab_search,educ_search,"{ 
""retext"": ""播放旧版的汪汪队"", 
""query"": { 
""field"": ""title"", 
""value"": ""汪汪队"" 
} 
}",,,,,,,,,,,,,,
少儿,播放积木玩具,multi_tab_search,educ_search,"{ 
""retext"": ""播放积木玩具"", 
""query"": { 
""field"": ""title"", 
""value"": ""积木玩具"" 
} 
}",,,,,,,,,,,,,,
少儿,播放六一儿童节免费动画,,educ_search,"{
    ""retext"": ""播放六一儿童节免费动画"",
    ""query"": {
        ""and"": [
            {
                ""field"": ""festival"",
                ""value"": ""六一儿童节""
            },
            {
                ""field"": ""is_fee"",
                ""value"": 0
            },
            {
				""field"": ""content_type"",
				""value"": ""动画""
            }
        ]
    }
}",不合理,"应为 {
                ""field"": ""festival"",
                ""value"": ""儿童节""
            }枚举值为儿童节不是六一儿童节",schema备注的枚举错误  festival是不可枚举的字段,,,,,,,,,,,
少儿,播放罗小黑战记二,multi_tab_search,educ_search,"{ 
""retext"": ""播放罗小黑战记二"", 
""query"": { 
""field"": ""title"", 
""value"": ""罗小黑战记2"" 
} 
}",,,,,,,,,,,,,,
少儿,播放玛莎和熊第七季,multi_tab_search,educ_search,"{ 
""retext"": ""播放玛莎和熊第七季"", 
""query"": { 
""and"": [ 
{ 
""field"": ""title"", 
""value"": ""玛莎和熊"" 
}, 
{ 
""field"": ""title"", 
""value"": ""第七季"" 
} 
] 
} 
}",不合理,应与影视统一，涉及第几部、第几集、第几季的说法,同影视一致,,,,,,,,,,,
少儿,播放免费宝宝巴士汉字,educ_keyword_search,educ_search,"{
""retext"": ""播放免费宝宝巴士汉字"",
""query"": {
""and"": [
{
""or"": [
{
""field"": ""title"",
""value"": ""宝宝巴士""
},
{
""field"": ""children_third_genre"",
""value"": ""汉字""
}
]
},
{
""field"": ""is_fee"",
""value"": 0
}
]
}
}",,,,,,,,,,,,,,
少儿,播放免费的安娜小公主,multi_tab_search,educ_search,"{
""retext"": ""播放免费的安娜小公主"",
""query"": {
""and"": [
{
""or"": [
{
""field"": ""role"",
""value"": ""安娜""
},
{
""field"": ""title"",
""value"": ""小公主""
},
{
""field"": ""title"",
""value"": ""安娜""
}
]
},
{
""field"": ""is_fee"",
""value"": 0
}
]
}
}",不合理,"经过改写补全后query变为播放免费的‘小公主戴安娜‘，结果为{""retext"": ""播放免费的小公主戴安娜"", ""query"": {""and"": [{""field"": ""title"", ""value"": ""小公主戴安娜""}, {""field"": ""is_fee"", ""value"": 0}]}}",有争议，剔除,,,,,,,,,,,
少儿,播放免费的道奇,multi_tab_search,educ_search,"{
""retext"": ""播放免费的道奇"",
""query"": {
""and"": [
{
""or"": [
{
""field"": ""role"",
""value"": ""道奇""
},
{
""field"": ""title"",
""value"": ""道奇""
}
]
},
{
""field"": ""is_fee"",
""value"": 0
}
]
}
}",,,,,,,,,,,,,,
少儿,播放免费的第3集的巴啦啦小魔仙,multi_tab_search,educ_search,"{
""retext"": ""播放免费的第3集的巴啦啦小魔仙"",
""query"": {
""and"": [
{
""field"": ""title"",
""value"": ""巴啦啦小魔仙""
},
{
""field"": ""is_fee"",
""value"": 0
}
]
}
}",不合理,应与影视统一，涉及第几部、第几集、第几季的说法,和影视一致,,,,,,,,,,,
少儿,播放免费的儿童螺丝钉,multi_tab_search,educ_search,"{
""retext"": ""播放免费的儿童螺丝钉"",
""query"": {
""and"": [
{
""field"": ""title"",
""value"": ""螺丝钉""
},
{
""field"": ""is_fee"",
""value"": 0
}
]
}
}",,,,,,,,,,,,,,
少儿,播放免费的搞笑动漫,multi_tab_search,educ_search,"{
""retext"": ""播放免费的搞笑动漫"",
""query"": {
""and"": [
{
""field"": ""children_third_genre"",
""value"": ""搞笑""
},
{
""field"": ""children_second_genre"",
""value"": ""动漫""
},
{
""field"": ""is_fee"",
""value"": 0
}
]
}
}",,,,,,,,,,,,,,
少儿,播放免费的迷你特工队全集,educ_keyword_search,educ_search,"{
""retext"": ""播放免费的迷你特工队全集"",
""query"": {
""and"": [
{
""field"": ""title"",
""value"": ""迷你特工队全集""
},
{
""field"": ""is_fee"",
""value"": 0
}
]
}
}",,,,,,,,,,,,,,
少儿,播放免费的汪汪队大卡车,multi_tab_search,educ_search,"{
""retext"": ""播放免费的汪汪队大卡车"",
""query"": {
""and"": [
{
""or"": [
{
""field"": ""title"",
""value"": ""大卡车""
},
{
""field"": ""title"",
""value"": ""汪汪队""
}
]
},
{
""field"": ""is_fee"",
""value"": 0
}
]
}
}",,,,,,,,,,,,,,
少儿,播放免费的小羊肖恩的电影,multi_tab_search,educ_search,"{
""retext"": ""播放免费的小羊肖恩的电影"",
""query"": {
""and"": [
{
""field"": ""title"",
""value"": ""小羊肖恩""
},
{
""field"": ""is_fee"",
""value"": 0
},
{
""field"": ""children_second_genre"",
""value"": ""电影""
}
]
}
}",,,,,,,,,,,,,,
少儿,播放免费的熊猫姐姐,educ_keyword_search,educ_search,"{
""retext"": ""播放免费的熊猫姐姐"",
""query"": {
""and"": [
{
""field"": ""title"",
""value"": ""熊猫姐姐""
},
{
""field"": ""is_fee"",
""value"": 0
}
]
}
}",,,,,,,,,,,,,,
少儿,播放免费动画片消防车,multi_tab_search,educ_search,"{
""retext"": ""播放免费动画片消防车"",
""query"": {
""and"": [
{
""field"": ""title"",
""value"": ""消防车""
},
{
""field"": ""content_type"",
""value"": ""动画""
},
{
""field"": ""is_fee"",
""value"": 0
}
]
}
}",不合理,"应为{""field"": ""children_third_genre"", ""value"": ""消防车""}","伊子旭：有争议，剔除
李建辉：消防车不在children_third_genre枚举中",,,,,,,,,,,
少儿,播放免费儿童古诗,educ_keyword_search,educ_search,"{
""retext"": ""播放免费儿童古诗"",
""query"": {
""and"": [
{
""field"": ""children_third_genre"",
""value"": ""古诗""
},
{
""field"": ""is_fee"",
""value"": 0
}
]
}
}",不合理,"应为{
""field"": ""children_third_genre"",
""value"": ""古诗词""
}无古诗枚举值",children_third_genre 存在古诗枚举,,,,,,,,,,,
少儿,播放免费少儿的恐龙,educ_keyword_search,educ_search,"{
""retext"": ""播放免费少儿的恐龙"",
""query"": {
""and"": [
{
""field"": ""children_third_genre"",
""value"": ""恐龙""
},
{
""field"": ""is_fee"",
""value"": 0
}
]
}
}",,,,,,,,,,,,,,
少儿,播放免费少儿节目小猪佩奇,multi_tab_search,educ_search,"{
""retext"": ""播放免费少儿节目小猪佩奇"",
""query"": {
""and"": [
{
""field"": ""title"",
""value"": ""小猪佩奇""
},
{
""field"": ""is_fee"",
""value"": 0
}
]
}
}",,,,,,,,,,,,,,
少儿,播放奶龙动画片儿,multi_tab_search,educ_search,"{ 
""retext"": ""播放奶龙动画片儿"", 
""query"": { 
""and"": [ 
{ 
""field"": ""title"", 
""value"": ""奶龙"" 
}, 
{ 
""field"": ""content_type"", 
""value"": ""动画"" 
} 
] 
} 
}",,,,,,,,,,,,,,
少儿,播放哪吒二动画片,multi_tab_search,educ_search,"{ 
""retext"": ""播放哪吒二动画片"", 
""query"": { 
""and"": [ 
{ 
""field"": ""title"", 
""value"": ""哪吒之魔童闹海"" 
}, 
{ 
""field"": ""content_type"", 
""value"": ""动画"" 
} 
] 
} 
}",,,,,,,,,,,,,,
少儿,播放尼克狐尼克,multi_tab_search,educ_search,"{ 
""retext"": ""播放尼克狐尼克"", 
""query"": { 
""or"": [ 
{ 
""field"": ""role"", 
""value"": ""狐尼克"" 
}, 
{ 
""field"": ""title"", 
""value"": ""狐尼克"" 
} 
] 
} 
}",,,,,,,,,,,,,,
少儿,播放普通话的芭比,multi_tab_search,educ_search,"{ 
""retext"": ""播放普通话的芭比"", 
""query"": { 
""and"": [ 
{ 
""field"": ""title"", 
""value"": ""芭比"" 
}, 
{ 
""field"": ""language"", 
""value"": ""普通话"" 
} 
] 
} 
}",,,,,,,,,,,,,,
少儿,播放卡通动画片,multi_tab_search,educ_search,"{ 
""retext"": ""播放卡通动画片"", 
""query"": { 
""or"": [ 
{ 
""field"": ""content_type"", 
""value"": ""动画片"" 
}, 
{ 
""field"": ""content_type"", 
""value"": ""卡通"" 
} 
] 
} 
}",不合理,"应为{ 
""field"": ""content_type"", 
""value"": ""动画片"" 
}",卡通 动画枚举同时存在,,,,,,,,,,,
少儿,播放汽车世界之颜色乐园第三季,educ_keyword_search,educ_search,"{ 
""retext"": ""播放汽车世界之颜色乐园第三季"", 
""query"": { 
""and"": [ 
{ 
""field"": ""title"", 
""value"": ""汽车世界之颜色乐园"" 
}, 
{ 
""field"": ""title"", 
""value"": ""第三季"" 
} 
] 
} 
}",不合理,应与影视统一，涉及第几部、第几集、第几季的说法,同影视一致,,,,,,,,,,,
少儿,播放瑞奇宝宝全集,multi_tab_search,educ_search,"{ 
""retext"": ""播放瑞奇宝宝全集"", 
""query"": { 
""field"": ""title"", 
""value"": ""瑞奇宝宝"" 
} 
}",,,,,,,,,,,,,,
少儿,播放汪汪队立大功第四季第2集,multi_tab_search,educ_search,"{ 
""retext"": ""播放汪汪队立大功第四季第2集"", 
""query"": { 
""and"": [ 
{ 
""field"": ""title"", 
""value"": ""汪汪队立大功"" 
}, 
{ 
""field"": ""title"", 
""value"": ""第四季"" 
} 
] 
} 
}",不合理,应与影视统一，涉及第几部、第几集、第几季的说法,同影视一致,,,,,,,,,,,
少儿,播放玩具动画片,multi_tab_search,educ_search,"{ 
""retext"": ""播放玩具动画片"", 
""query"": { 
""and"": [ 
{ 
""field"": ""content_type"", 
""value"": ""动画"" 
}, 
{ 
""field"": ""children_second_genre"", 
""value"": ""玩具"" 
} 
] 
} 
}",,,,,,,,,,,,,,
少儿,播放挖土机系列动画片,multi_tab_search,educ_search,"{ 
""retext"": ""播放挖土机系列动画片"", 
""query"": { 
""and"": [ 
{ 
""field"": ""title"", 
""value"": ""挖土机"" 
}, 
{ 
""field"": ""content_type"", 
""value"": ""动画"" 
} 
] 
} 
}",,,,,,,,,,,,,,
少儿,播放沃福一家英语版,multi_tab_search,educ_search,"{ 
""retext"": ""播放沃福一家英语版"", 
""query"": { 
""and"": [ 
{ 
""field"": ""title"", 
""value"": ""沃福一家"" 
}, 
{ 
""field"": ""language"", 
""value"": ""英语"" 
} 
] 
} 
}",,,,,,,,,,,,,,
少儿,播放我没看过的动画片,multi_tab_search,educ_search,"{ 
""retext"": ""播放我没看过的动画片"", 
""query"": { 
""field"": ""content_type"", 
""value"": ""动画"" 
} 
}",,,,,,,,,,,,,,
少儿,播放我是不白吃日常篇第8集,multi_tab_search,educ_search,"{ 
""retext"": ""播放我是不白吃日常篇第8集"", 
""query"": { 
""field"": ""title"", 
""value"": ""我是不白吃日常篇"" 
} 
}",不合理,应与影视统一，涉及第几部、第几集、第几季的说法,同影视一致,,,,,,,,,,,
少儿,播放消防车动画片,multi_tab_search,educ_search,"{ 
""retext"": ""播放消防车动画片"", 
""query"": { 
""and"": [ 
{ 
""field"": ""title"", 
""value"": ""消防车"" 
}, 
{ 
""field"": ""content_type"", 
""value"": ""动画"" 
} 
] 
} 
}",不合理,"应为{""field"": ""children_third_genre"", ""value"": ""消防车""}",消防车不在 枚举值中,,,,,,,,,,,
少儿,播放小公主戴安娜免费的英文版,multi_tab_search,educ_search,"{
""retext"": ""播放小公主戴安娜免费的英文版"",
""query"": {
""and"": [
{
""field"": ""title"",
""value"": ""小公主戴安娜""
},
{
""field"": ""language"",
""value"": ""英文版""
},
{
""field"": ""is_fee"",
""value"": 0
}
]
}
}",存疑,"当前language字段的枚举值中同时有英语、英文版，以下提参是否正确{""retext"": ""播放小公主戴安娜免费的英文版"", ""query"": {""and"": [{""field"": ""title"", ""value"": ""小公主戴安娜""}, {""field"": ""language"", ""value"": ""英语""}, {""field"": ""is_fee"", ""value"": 0}]}}",学英语是二级标签，语言版本的是language，按用户说法,,,,,,,,,,,
少儿,播放小恐龙巴布,multi_tab_search,educ_search,"{ 
""retext"": ""播放小恐龙巴布"", 
""query"": { 
""field"": ""title"", 
""value"": ""小恐龙巴布"" 
} 
}",,,,,,,,,,,,,,
少儿,播放小伶玩具的视频,multi_tab_search,educ_search,"{ 
""retext"": ""播放小伶玩具的视频"", 
""query"": { 
""field"": ""title"", 
""value"": ""小伶玩具"" 
} 
}",,,,,,,,,,,,,,
少儿,播放小猪佩奇,multi_tab_search,educ_search,"{ 
""retext"": ""播放小猪佩奇"", 
""query"": { 
""field"": ""title"", 
""value"": ""小猪佩奇"" 
} 
}",,,,,,,,,,,,,,
少儿,播放小猪佩奇第七季第一集中文版,multi_tab_search,educ_search,"{ 
""retext"": ""播放小猪佩奇第七季第一集中文版"", 
""query"": { 
""and"": [ 
{ 
""field"": ""title"", 
""value"": ""小猪佩奇"" 
}, 
{ 
""field"": ""language"", 
""value"": ""中文版"" 
}, 
{ 
""field"": ""title"", 
""value"": ""第七季"" 
} 
] 
} 
}",不合理,应与影视统一，涉及第几部、第几集、第几季的说法,同影视一致,,,,,,,,,,,
少儿,播放细胞总动员,educ_keyword_search,educ_search,"{ 
""retext"": ""播放细胞总动员"", 
""query"": { 
""field"": ""title"", 
""value"": ""细胞总动员"" 
} 
}",,,,,,,,,,,,,,
少儿,播放影视奶龙,multi_tab_search,educ_search,"{ 
""retext"": ""播放影视奶龙"", 
""query"": { 
""field"": ""title"", 
""value"": ""奶龙"" 
} 
}",,,,,,,,,,,,,,
少儿,播放英文儿童启蒙动漫,multi_tab_search,educ_search,"{ 
""retext"": ""播放英文儿童启蒙动漫"", 
""query"": { 
""and"": [ 
{ 
""field"": ""title"", 
""value"": ""启蒙"" 
}, 
{ 
""field"": ""children_second_genre"", 
""value"": ""动漫"" 
}, 
{ 
""field"": ""language"", 
""value"": ""英文"" 
} 
] 
} 
}",,,,,,,,,,,,,,
少儿,播放英语版jojo,multi_tab_search,educ_search,"{ 
""retext"": ""播放英语版jojo"", 
""query"": { 
""and"": [ 
{ 
""or"": [ 
{ 
""field"": ""role"", 
""value"": ""jojo"" 
}, 
{ 
""field"": ""title"", 
""value"": ""jojo"" 
} 
] 
}, 
{ 
""field"": ""language"", 
""value"": ""英语"" 
} 
] 
} 
}",,,,,,,,,,,,,,
少儿,播放依娜和恰恰第二季,multi_tab_search,educ_search,"{ 
""retext"": ""播放依娜和恰恰第二季"", 
""query"": { 
""and"": [ 
{ 
""field"": ""title"", 
""value"": ""依娜和恰恰"" 
}, 
{ 
""field"": ""title"", 
""value"": ""第二季"" 
} 
] 
} 
}",不合理,应与影视统一，涉及第几部、第几集、第几季的说法,同影视一致,,,,,,,,,,,
少儿,播放依娜和恰恰第一集开始播放,multi_tab_search,educ_search,"{ 
""retext"": ""播放依娜和恰恰第一集开始播放"", 
""query"": { 
""field"": ""title"", 
""value"": ""依娜和恰恰"" 
} 
}",不合理,应与影视统一，涉及第几部、第几集、第几季的说法,同影视一致,,,,,,,,,,,
少儿,播放一下米小圈上学记,multi_tab_search,educ_search,"{ 
""retext"": ""播放一下米小圈上学记"", 
""query"": { 
""field"": ""title"", 
""value"": ""米小圈上学记"" 
} 
}",,,,,,,,,,,,,,
少儿,播放幼儿园跳个舞我长大了,educ_keyword_search,educ_search,"{ 
""retext"": ""播放幼儿园跳个舞我长大了"", 
""query"": { 
""and"": [ 
{ 
""field"": ""title"", 
""value"": ""我长大了"" 
}, 
{ 
""field"": ""children_third_genre"", 
""value"": ""舞"" 
} 
] 
} 
}",,,,,,,,,,,,,,
少儿,播放早教内容,educ_keyword_search,educ_search,"{ 
""retext"": ""播放早教内容"", 
""query"": { 
""field"": ""children_second_genre"", 
""value"": ""早教"" 
} 
}",,,,,,,,,,,,,,
少儿,播放蜘蛛侠少儿,multi_tab_search,educ_search,"{ 
""retext"": ""播放蜘蛛侠少儿"", 
""query"": { 
""field"": ""title"", 
""value"": ""蜘蛛侠"" 
} 
}",,,,,,,,,,,,,,
少儿,不带英语的小砾工程家族,multi_tab_search,educ_search,"{
""retext"": ""不带英语的小砾与工程家族"",
""query"": {
""and"": [
{
""field"": ""title"",
""value"": ""小砾与工程家族""
},
{
""not"": {
""field"": ""language"",
""value"": ""英语""
}
}
]
}
}",不合理,"用户qeury会被改写补全为""不带英语的小砾与工程家族，应为{""retext"": ""不带英语的小砾与工程家族"", ""query"": {""and"": [{""field"": ""title"", ""value"": ""小砾与工程家族""}, {""not"": {""field"": ""language"", ""value"": ""英语""}}]}}",retext修改为改写后的语料,,,,,,,,,,,
少儿,不掏钱的动物神探队,multi_tab_search,educ_search,"{
""retext"": ""不掏钱的动物神探队"",
""query"": {
""and"": [
{
""field"": ""title"",
""value"": ""动物神探队""
},
{
""field"": ""is_fee"",
""value"": 0
}
]
}
}",,,,,,,,,,,,,,
少儿,不要钱的细菌动画片,multi_tab_search,educ_search,"{
""retext"": ""不要钱的细菌动画片"",
""query"": {
""and"": [
{
""field"": ""title"",
""value"": ""细菌""
},
{
""field"": ""content_type"",
""value"": ""动画""
},
{
""field"": ""is_fee"",
""value"": 0
}
]
}
}",,,,,,,,,,,,,,
少儿,超级宝贝JOJO全屏播放第1集,multi_tab_search,educ_search,"{ 
""retext"": ""超级宝贝JOJO全屏播放第1集"", 
""query"": { 
""field"": ""title"", 
""value"": ""超级宝贝jojo"" 
} 
}",不合理,应与影视统一，涉及第几部、第几集、第几季的说法,与影视一致,,,,,,,,,,,
少儿,查找我的磁力拼搭世界,educ_keyword_search,educ_search,"{ 
""retext"": ""查找我的磁力拼搭世界"", 
""query"": { 
""field"": ""title"", 
""value"": ""我的磁力拼搭世界"" 
} 
}",,,,,,,,,,,,,,
少儿,从酷喵上播放小品一家人,multi_tab_search,educ_search,"{ 
""retext"": ""从酷喵上播放小品一家人"", 
""query"": { 
""field"": ""title"", 
""value"": ""小品一家人"" 
} 
}",,,,,,,,,,,,,,
少儿,促进孩子社交智能发展的少儿节目,educ_vague_search,educ_fuzzy_search,"{""query"": ""促进孩子社交智能发展的少儿节目""}",,,,,,,,,,,,,,
少儿,打开动画,multi_tab_search,educ_search,"{ 
""retext"": ""打开动画"", 
""query"": { 
""field"": ""content_type"", 
""value"": ""动画"" 
} 
}",,,,,,,,,,,,,,
少儿,打开动画片史努比,multi_tab_search,educ_search,"{ 
""retext"": ""打开动画片史努比"", 
""query"": { 
""and"": [ 
{ 
""field"": ""title"", 
""value"": ""史努比"" 
}, 
{ 
""field"": ""content_type"", 
""value"": ""动画"" 
} 
] 
} 
}",,,,,,,,,,,,,,
少儿,打开海底小纵队第四季,multi_tab_search,educ_search,"{ 
""retext"": ""打开海底小纵队第四季"", 
""query"": { 
""and"": [ 
{ 
""field"": ""title"", 
""value"": ""海底小纵队"" 
}, 
{ 
""field"": ""title"", 
""value"": ""第四季"" 
} 
] 
} 
}",不合理,应与影视统一，涉及第几部、第几集、第几季的说法,与影视一致,,,,,,,,,,,
少儿,打开恐龙世界看,multi_tab_search,educ_search,"{ 
""retext"": ""打开恐龙世界看"", 
""query"": { 
""field"": ""title"", 
""value"": ""恐龙世界"" 
} 
}",,,,,,,,,,,,,,
少儿,打开免费少儿猫和老鼠,multi_tab_search,educ_search,"{
""retext"": ""打开免费少儿猫和老鼠"",
""query"": {
""and"": [
{
""field"": ""title"",
""value"": ""猫和老鼠""
},
{
""field"": ""is_fee"",
""value"": 0
}
]
}
}",,,,,,,,,,,,,,
少儿,打开少儿频道宝贝JOJO,multi_tab_search,educ_search,"{ 
""retext"": ""打开少儿频道宝贝JOJO"", 
""query"": { 
""field"": ""title"", 
""value"": ""超级宝贝jojo"" 
} 
}",,,,,,,,,,,,,,
少儿,打开所有植物大战僵尸的动画片,multi_tab_search,educ_search,"{ 
""retext"": ""打开所有植物大战僵尸的动画片"", 
""query"": { 
""and"": [ 
{ 
""field"": ""title"", 
""value"": ""植物大战僵尸"" 
}, 
{ 
""field"": ""content_type"", 
""value"": ""动画"" 
} 
] 
} 
}",,,,,,,,,,,,,,
少儿,打开一周内的少儿历史记录,educ_history,educ_history,"{
  ""query"": {
        ""field"":""time"",
        ""from"":""2026-08-18 00:00:00"",
        ""to"":""2026-08-24 23:59:29""

  }
}",不合理,建议与影视、有声等历史工具结构统一,影视、有声等历史工具保持一致,,,,,,,,,,,
少儿,打开植物大战僵尸英文版,multi_tab_search,educ_search,"{ 
""retext"": ""打开植物大战僵尸英文版"", 
""query"": { 
""and"": [ 
{ 
""field"": ""title"", 
""value"": ""植物大战僵尸"" 
}, 
{ 
""field"": ""language"", 
""value"": ""英文版"" 
} 
] 
} 
}",存疑,"language枚举同时包含英文版及英语、英文，是否支持{""retext"": ""打开植物大战僵尸英文版"", ""query"": {""and"": [{""field"": ""title"", ""value"": ""植物大战僵尸""}, {""field"": ""language"", ""value"": ""英语""}]}}",按用户说法,,,,,,,,,,,
少儿,大中华寻宝记动画片2,multi_tab_search,educ_search,"{ 
""retext"": ""大中华寻宝记动画片2"", 
""query"": { 
""and"": [ 
{ 
""field"": ""title"", 
""value"": ""大中华寻宝记"" 
}, 
{ 
""field"": ""content_type"", 
""value"": ""动画"" 
} 
] 
} 
}",,,,,,,,,,,,,,
少儿,第2集免费监狱兔,multi_tab_search,educ_search,"{
""retext"": ""第2集免费监狱兔"",
""query"": {
""and"": [
{
""field"": ""title"",
""value"": ""监狱兔""
},
{
""field"": ""is_fee"",
""value"": 0
}
]
}
}",不合理,应与影视统一，涉及第几部、第几集、第几季的说法,同影视一致,,,,,,,,,,,
少儿,低龄儿童看的动画,multi_tab_search,educ_search,"{ 
""retext"": ""低龄儿童看的动画"", 
""query"": { 
""field"": ""content_type"", 
""value"": ""动画"" 
} 
}",,,,,,,,,,,,,,
少儿,动画电影,multi_tab_search,educ_search,"{
""retext"": ""动画电影"",
""query"": {
""field"": ""children_second_genre"",
""value"": ""动画电影""
}
}
",,,,,,,,,,,,,,
少儿,动画片播放美人鱼,multi_tab_search,educ_search,"{ 
""retext"": ""动画片播放美人鱼"", 
""query"": { 
""and"": [ 
{ 
""field"": ""title"", 
""value"": ""美人鱼"" 
}, 
{ 
""field"": ""content_type"", 
""value"": ""动画"" 
} 
] 
} 
}",,,,,,,,,,,,,,
少儿,动画片小鸭子,multi_tab_search,educ_search,"{ 
""retext"": ""动画片小鸭子"", 
""query"": { 
""and"": [ 
{ 
""field"": ""title"", 
""value"": ""小鸭子"" 
}, 
{ 
""field"": ""content_type"", 
""value"": ""动画"" 
} 
] 
} 
}",,,,,,,,,,,,,,
少儿,动画片中文版,multi_tab_search,educ_search_all,"{
    ""retext"": ""动画片中国版"",
    ""query"": {
        ""and"": [
            {
                ""field"": ""language"",
                ""value"": ""中文版""
            },
            {
                ""field"": ""content_type"",
                ""value"": ""动画""
            }
        ]
    }
}",,,,,,,,,,,,,,
少儿,动画视频疯狂动物城,multi_tab_search,educ_search,"{
""retext"": ""动画视频疯狂动物城"",
""query"": {
""and"": [
{
""field"": ""title"",
""value"": ""疯狂动物城""
},
{
""field"": ""content_type"",
""value"": ""动画""
}
]
}
}",,,,,,,,,,,,,,
少儿,豆瓣评分8.0以上的动漫作品,multi_tab_search,educ_search,"{
""retext"": ""豆瓣评分8.0以上的动漫作品"",
""query"": {
""field"": ""children_second_genre"",
""value"": ""动漫""
}
}



",,,,,,,,,,,,,,
少儿,哆啦a梦卡通版,multi_tab_search,educ_search,"{ 
""retext"": ""哆啦a梦卡通版"", 
""query"": { 
""and"": [ 
{ 
""field"": ""title"", 
""value"": ""哆啦a梦"" 
}, 
{ 
""field"": ""content_type"", 
""value"": ""卡通"" 
} 
] 
} 
}",,,,,,,,,,,,,,
少儿,儿童英语卡通,multi_tab_search,educ_search,"{ 
""retext"": ""儿童英语卡通"", 
""query"": { 
""and"": [ 
{ 
""field"": ""content_type"", 
""value"": ""卡通"" 
}, 
{ 
""field"": ""language"", 
""value"": ""英语"" 
} 
] 
} 
}",存疑,"当前英语在language、children_second_genre都有枚举值，是否支持{""retext"": ""儿童英语卡通"", ""query"": {""and"": [{""field"": ""children_second_genre"", ""value"": ""英语""}, {""field"": ""content_type"", ""value"": ""卡通""}]}}",确认是language,,,,,,,,,,,
少儿,俄罗斯拍的动画,multi_tab_search,educ_search_all,"{ 
""retext"": ""俄罗斯拍的动画"", 
""query"": { 
""and"": [ 
{ 
""field"": ""country"", 
""value"": ""俄罗斯"" 
}, 
{ 
""field"": ""content_type"", 
""value"": ""动画"" 
} 
] 
} 
}",,,,,,,,,,,,,,
少儿,放百变布鲁可,multi_tab_search,educ_search,"{ 
""retext"": ""放百变布鲁可"", 
""query"": { 
""field"": ""title"", 
""value"": ""百变布鲁可"" 
} 
}",,,,,,,,,,,,,,
少儿,放飞天小女警,multi_tab_search,educ_search,"{ 
""retext"": ""放飞天小女警"", 
""query"": { 
""field"": ""title"", 
""value"": ""飞天小女警"" 
} 
}",,,,,,,,,,,,,,
少儿,放光头强熊大,multi_tab_search,educ_search,"{ 
""retext"": ""放光头强熊大"", 
""query"": { 
""or"": [ 
{ 
""field"": ""role"", 
""value"": ""光头强"" 
}, 
{ 
""field"": ""role"", 
""value"": ""熊大"" 
}, 
{ 
""field"": ""title"", 
""value"": ""光头强"" 
}, 
{ 
""field"": ""title"", 
""value"": ""熊大"" 
} 
] 
} 
}",,,,,,,,,,,,,,
少儿,放卡通电影,multi_tab_search,educ_search,"{ 
""retext"": ""放卡通电影"", 
""query"": { 
""and"": [ 
{ 
""field"": ""content_type"", 
""value"": ""卡通"" 
}, 
{ 
""field"": ""children_second_genre"", 
""value"": ""电影"" 
} 
] 
} 
}",不合理,"卡通和动画明显不能归一，应为{""retext"": ""放卡通电影"", ""query"": {""and"": [{""field"": ""content_type"", ""value"": ""卡通""}, {""field"": ""children_second_genre"", ""value"": ""电影""}]}}",,,,,,,,,,,,
少儿,凡人修仙传动画,multi_tab_search,educ_search,"{ 
""retext"": ""凡人修仙传动画"", 
""query"": { 
""and"": [ 
{ 
""field"": ""title"", 
""value"": ""凡人修仙传"" 
}, 
{ 
""field"": ""content_type"", 
""value"": ""动画"" 
} 
] 
} 
}",,,,,,,,,,,,,,
少儿,愤怒的小鸟的电影,multi_tab_search,educ_search,"{ 
""retext"": ""愤怒的小鸟的电影"", 
""query"": { 
""and"": [ 
{ 
""field"": ""title"", 
""value"": ""愤怒的小鸟"" 
}, 
{ 
""field"": ""children_second_genre"", 
""value"": ""电影"" 
} 
] 
} 
}",,,,,,,,,,,,,,
少儿,给我播放适合6岁的小朋友看的绘本,educ_vague_search,educ_search,"{
""retext"": ""给我播放适合6岁的小朋友看的绘本"",
""query"": {
""and"": [
{
""field"": ""age_range"",
""from"": 6,
""to"": 6
},
{
""field"": ""children_second_genre"",
""value"": ""绘本""
}
]
}
}",不合理,为什么走慢？与educ_search说法标注矛盾,改成educ_search,,,,,,,,,,,
少儿,给我放个艾莎公主的故事,multi_tab_search,educ_search,"{ 
""retext"": ""给我放个艾莎公主的故事"", 
""query"": { 
""and"": [ 
{ 
""or"": [ 
{ 
""field"": ""role"", 
""value"": ""艾莎公主"" 
}, 
{ 
""field"": ""title"", 
""value"": ""艾莎公主"" 
} 
] 
}, 
{ 
""field"": ""children_second_genre"", 
""value"": ""故事"" 
} 
] 
} 
}",,,,,,,,,,,,,,
少儿,给我放免费的猪猪侠之超星萌宠第2集,multi_tab_search,educ_search,"{
""retext"": ""给我放免费的猪猪侠之超星萌宠第2集"",
""query"": {
""and"": [
{
""field"": ""title"",
""value"": ""猪猪侠之超星萌宠""
},
{
""field"": ""is_fee"",
""value"": 0
}
]
}
}",不合理,应与影视统一，涉及第几部、第几集、第几季的说法,同影视一致,,,,,,,,,,,
少儿,给我放一集帮帮龙动画片,multi_tab_search,educ_search,"{ 
""retext"": ""给我放一集帮帮龙动画片"", 
""query"": { 
""and"": [ 
{ 
""field"": ""title"", 
""value"": ""帮帮龙"" 
}, 
{ 
""field"": ""content_type"", 
""value"": ""动画"" 
} 
] 
} 
}",不合理,应与影视统一，涉及第几部、第几集、第几季的说法,同影视一致,,,,,,,,,,,
少儿,给我看宝宝巴士亲子互动,multi_tab_search,educ_search,"{ 
""retext"": ""给我看宝宝巴士亲子互动"", 
""query"": { 
""field"": ""title"", 
""value"": ""宝宝巴士亲子互动"" 
} 
}",,,,,,,,,,,,,,
少儿,给我找一些我爱看的少儿视频,educ_vague_search_personalized_recommend,educ_fuzzy_search,"{""query"": ""给我找一些我爱看的少儿视频""}",,,,,,,,,,,,,,
少儿,根据我的喜好推荐动画片,confirm_personalized_recommend,educ_fuzzy_search,"{""query"": ""根据我的喜好推荐动画片""}",,,,,,,,,,,,,,
少儿,跟瑞奇宝宝相似的低幼认知类动画,educ_relate_recommend,educ_relate_recommend,"{
  ""query"": {
  ""and"": [
  {
  ""field"": ""title"",
  ""value"": ""瑞奇宝宝""
  },
  {
	""field"": ""content_type"",
	""value"": ""动画""
  }
  ]
  }
 }",不合理,缺少低幼认知的支持字段，应进慢链路,"待确认
",,,,,,,,,,,
少儿,跟《闪闪小超人》相似动画推荐给我,multi_tab_relate_recommend,educ_relate_recommend,"{
  ""query"": {
  ""and"": [
  {
  ""field"": ""title"",
  ""value"": ""闪闪小超人""
  },
  {
	""field"": ""content_type"",
	""value"": ""动画""
  }
  ]
  }
 }",不合理,multi_tab_relate_recommend需要retext字段,确认不要retext,,,,,,,,,,,
少儿,关于月球的绘本故事,educ_vague_search,educ_fuzzy_search,"{""query"": ""关于月球的绘本故事""}",,,,,,,,,,,,,,
少儿,海底小纵队VIP,multi_tab_search,educ_search,"{
""retext"": ""海底小纵队VIP"",
""query"": {
""and"": [
{
""field"": ""title"",
""value"": ""海底小纵队""
},
{
""field"": ""is_fee"",
""value"": 1
}
]
}
}",,,,,,,,,,,,,,
少儿,海信小聚播放动画片,multi_tab_search,educ_search,"{ 
""retext"": ""海信小聚播放动画片"", 
""query"": { 
""field"": ""content_type"", 
""value"": ""动画"" 
} 
}",,,,,,,,,,,,,,
少儿,海信小聚我要看不花钱的宝贝赳赳,multi_tab_search,educ_search,"{
""retext"": ""海信小聚我要看不花钱的宝贝赳赳"",
""query"": {
""and"": [
{
""field"": ""title"",
""value"": ""宝贝赳赳""
},
{
""field"": ""is_fee"",
""value"": 0
}
]
}
}",,,,,,,,,,,,,,
少儿,好看的亲子卡通推荐,multi_tab_search,educ_search,"{ 
""retext"": ""好看的亲子卡通推荐"", 
""query"": { 
""and"": [ 
{ 
""field"": ""children_third_genre"", 
""value"": ""亲子"" 
}, 
{ 
""field"": ""content_type"", 
""value"": ""卡通"" 
} 
] 
} 
}",,,,,,,,,,,,,,
少儿,和消防员山姆同一类型的动画片,multi_tab_relate_recommend,educ_relate_recommend,"{
  ""query"": {
  ""and"": [
  {
  ""field"": ""title"",
  ""value"": ""消防员山姆""
  },
  {
	""field"": ""content_type"",
	""value"": ""动画""
  }
  ]
  }
 }",不合理,educ_relate_recommend需要retext字段,确认不要retext,,,,,,,,,,,
少儿,还在更新中的动漫,multi_tab_search,educ_search,"{
""retext"": ""还在更新中的动漫"",
""query"": {
""field"": ""children_second_genre"",
""value"": ""动漫""
}
}",,,,,,,,,,,,,,
少儿,获得奖项的动画,multi_tab_search,educ_search,"{
""retext"": ""获得奖项的动画"",
""query"": {
""field"": ""content_type"",
""value"": ""动画""
}
}",,,,,,,,,,,,,,
少儿,胡巴电影,multi_tab_search,educ_search,"{ 
""retext"": ""胡巴电影"", 
""query"": { 
""and"": [ 
{ 
""or"": [ 
{ 
""field"": ""role"", 
""value"": ""胡巴"" 
}, 
{ 
""field"": ""title"", 
""value"": ""胡巴"" 
} 
] 
}, 
{ 
""field"": ""children_second_genre"", 
""value"": ""电影"" 
} 
] 
} 
}",,,,,,,,,,,,,,
少儿,呼叫超级土豆全集播放,multi_tab_search,educ_search,"{ 
""retext"": ""呼叫超级土豆全集播放"", 
""query"": { 
""field"": ""title"", 
""value"": ""呼叫超级土豆"" 
} 
}",,,,,,,,,,,,,,
少儿,讲述戴安娜和哥哥各类趣事的动画片,confirm_vague_search,educ_fuzzy_search,"{""query"": ""讲述戴安娜和哥哥各类趣事的动画片""}",,,,,,,,,,,,,,
少儿,经典的卡通,multi_tab_search,educ_search,"{
""retext"": ""经典的卡通"",
""query"": {
""and"": [
{
""field"": ""children_second_genre"",
""value"": ""经典""
},
{
""field"": ""content_type"",
""value"": ""卡通""
}
]
}
}",,,,,,,,,,,,,,
少儿,今年播出的国产动画,multi_tab_search,educ_search_all,"{
""retext"": ""今年播出的国产动画"",
""query"": {
""and"": [
{
""field"": ""country"",
""value"": ""中国""
},
{
""field"": ""content_type"",
""value"": ""动画""
},
{
""field"": ""release_time"",
""from"": ""20260101"",
""to"": ""20261231""
}
]
}
}",,,,,,,,,,,,,,
少儿,今年上映的动画片,multi_tab_search,educ_search,"{ 
""retext"": ""今年上映的动画片"", 
""query"": { 
""and"": [ 
{ 
""field"": ""content_type"", 
""value"": ""动画"" 
}, 
{ 
""field"": ""release_time"", 
""from"": ""20260101"", 
""to"": ""20261231"" 
} 
] 
} 
}",,,,,,,,,,,,,,
少儿,记录小学生小品与家人、同学间的搞笑日常的动画片,confirm_vague_search,educ_fuzzy_search,"{""query"": ""记录小学生小品与家人、同学间的搞笑日常的动画片""}",,,,,,,,,,,,,,
少儿,记录依娜恰恰成长，传递生活知识的动画片,confirm_vague_search,educ_fuzzy_search,"{""query"": ""记录依娜恰恰成长，传递生活知识的动画片""}",,,,,,,,,,,,,,
少儿,继续播放白雪公主,multi_tab_search,educ_search,"{ 
""retext"": ""继续播放白雪公主"", 
""query"": { 
""field"": ""title"", 
""value"": ""白雪公主"" 
} 
}",存疑,是否进少儿历史工具,先进历史记录，传空,,,,,,,,,,,
少儿,继续播放聪明一休,multi_tab_search,educ_search,"{ 
""retext"": ""继续播放聪明一休"", 
""query"": { 
""field"": ""title"", 
""value"": ""聪明的一休"" 
} 
}",存疑,是否进少儿历史工具,先进历史记录，传空,,,,,,,,,,,
少儿,继续播放坏蛋联盟二,multi_tab_search,educ_search,"{
""query"": {
""field"": ""title"",
""value"": ""坏蛋联盟2""
},
""retext"": ""继续播放坏蛋联盟二""
}",存疑,是否进少儿历史工具,先进历史记录，传空,,,,,,,,,,,
少儿,开始播放第1集萌鸡小队,multi_tab_search,educ_search,"{ 
""retext"": ""开始播放第1集萌鸡小队"", 
""query"": { 
""field"": ""title"", 
""value"": ""萌鸡小队"" 
} 
}",不合理,应与影视统一，涉及第几部、第几集、第几季的说法,同影视一致,,,,,,,,,,,
少儿,看CCTV14的快乐星猫,multi_tab_search,educ_search,"{ 
""retext"": ""看CCTV14的快乐星猫"", 
""query"": { 
""field"": ""title"", 
""value"": ""快乐星猫"" 
} 
}",不合理,"没有字段支持cctv14，或者进慢链路，或者可以这样{""retext"": ""看cctv14的快乐星猫"", ""query"": {""and"": [{""field"": ""title"", ""value"": ""快乐星猫""}, {""field"": ""company"", ""value"": ""中央电视台""}]}}",修改进慢链路,,,,,,,,,,,
少儿,看第1集娜斯佳,multi_tab_search,educ_search,"{ 
""retext"": ""看第1集娜斯佳"", 
""query"": { 
""field"": ""title"", 
""value"": ""娜斯佳"" 
} 
}",不合理,应与影视统一，涉及第几部、第几集、第几季的说法,同影视一致  应为educ_fuzzy_search,,,,,,,,,,,
少儿,看光头强的故事吧,multi_tab_search,educ_search,"{
""retext"": ""看光头强的故事吧"",
""query"": {
""and"": [
{
""or"": [
{
""field"": ""role"",
""value"": ""光头强""
},
{
""field"": ""title"",
""value"": ""光头强""
}
]
},
{
""field"": ""children_second_genre"",
""value"": ""故事""
}
]
}
}",,,,,,,,,,,,,,
少儿,看库洛米的动画片,multi_tab_search,educ_search,"{ 
""retext"": ""看库洛米的动画片"", 
""query"": { 
""and"": [ 
{ 
""field"": ""title"", 
""value"": ""库洛米"" 
}, 
{ 
""field"": ""content_type"", 
""value"": ""动画"" 
} 
] 
} 
}",,,,,,,,,,,,,,
少儿,看免费的小公主娜吉娅,educ_keyword_search,educ_search,"{
""retext"": ""看免费的小公主娜吉娅"",
""query"": {
""and"": [
{
""field"": ""title"",
""value"": ""小公主娜吉娅""
},
{
""field"": ""is_fee"",
""value"": 0
}
]
}
}",,,,,,,,,,,,,,
少儿,看宇宙护卫队全集,multi_tab_search,educ_search,"{ 
""retext"": ""看宇宙护卫队全集"", 
""query"": { 
""field"": ""title"", 
""value"": ""宇宙护卫队"" 
} 
}",,,,,,,,,,,,,,
少儿,看浙江卫视的动画片喜羊羊和灰太狼,multi_tab_search,educ_search,"{ 
""retext"": ""看浙江卫视的动画片喜羊羊和灰太狼"", 
""query"": { 
""and"": [ 
{ 
""field"": ""title"", 
""value"": ""喜羊羊与灰太狼"" 
}, 
{ 
""field"": ""content_type"", 
""value"": ""动画"" 
} 
] 
} 
}",不合理,无字段支持浙江卫视，应进慢链路,进慢链路,,,,,,,,,,,
少儿,科幻题材的动画,multi_tab_search,educ_search,"{ 
""retext"": ""科幻题材的动画"", 
""query"": { 
""and"": [ 
{ 
""field"": ""children_third_genre"", 
""value"": ""科幻"" 
}, 
{ 
""field"": ""content_type"", 
""value"": ""动画"" 
} 
] 
} 
}",,,,,,,,,,,,,,
少儿,科普教育类的少儿动画,multi_tab_search,educ_search,"{ 
""retext"": ""科普教育类的少儿动画"", 
""query"": { 
""and"": [ 
{ 
""field"": ""content_type"", 
""value"": ""动画"" 
}, 
{ 
""field"": ""children_second_genre"", 
""value"": ""科普"" 
} 
] 
} 
}",,,,,,,,,,,,,,
少儿,科普类动画片儿,multi_tab_search,educ_search,"{ 
""retext"": ""科普类动画片儿"", 
""query"": { 
""and"": [ 
{ 
""field"": ""content_type"", 
""value"": ""动画"" 
}, 
{ 
""field"": ""children_second_genre"", 
""value"": ""科普"" 
} 
] 
} 
}",,,,,,,,,,,,,,
少儿,可以根据我喜好推荐的动漫视频吗？,confirm_personalized_recommend,educ_fuzzy_search,"{""query"": ""可以根据我喜好推荐的动漫视频吗？""}",,,,,,,,,,,,,,
少儿,恐龙的卡通电影推荐,multi_tab_search,educ_search,"{
""retext"": ""恐龙的卡通电影推荐"",
""query"": {
""and"": [
{
""field"": ""children_third_genre"",
""value"": ""恐龙""
},
{
""field"": ""content_type"",
""value"": ""卡通""
},
{
""field"": ""children_second_genre"",
""value"": ""电影""
}
]
}
}",,,,,,,,,,,,,,
少儿,类似大卫不可以的绘本,educ_relate_recommend,educ_relate_recommend,"{
  ""retext"": ""大卫不可以"",
  ""query"": {
  ""and"": [
  {
  ""field"": ""title"",
  ""value"": ""大卫不可以""
  },
  {
	""field"": ""children_second_genre"",
	""value"": ""绘本""
  }
  ]
  }
 }",,,,,,,,,,,,,,
少儿,类似小猪佩奇的动画片,multi_tab_relate_recommend,educ_relate_recommend,"{
  ""query"": {
  ""and"": [
  {
  ""field"": ""title"",
  ""value"": ""小猪佩奇""
  },
  {
	""field"": ""content_type"",
	""value"": ""动画""
  }
  ]
  }
 }",不合理,无retext,确认不要retext,,,,,,,,,,,
少儿,类似《土豆逗大话语文》的启蒙视频推荐,educ_relate_recommend,educ_relate_recommend,"{
  ""query"": {
  ""or"": [
  {
  ""field"": ""title"",
  ""value"": ""土豆逗大话语文""
  },
  {
  ""field"": ""title"",
  ""value"": ""启蒙""
  }
  ]
  }
 }",,,,,,,,,,,,,,
少儿,螺丝钉全屏,multi_tab_search,educ_search,"{ 
""retext"": ""螺丝钉全屏"", 
""query"": { 
""field"": ""title"", 
""value"": ""螺丝钉"" 
} 
}",,,,,,,,,,,,,,
少儿,猫咪演绎中国历史事件，寓教于乐的动画,confirm_vague_search,educ_fuzzy_search,"{""query"": ""猫咪演绎中国历史事件，寓教于乐的动画""}",,,,,,,,,,,,,,
少儿,免费播送妈妈咪鸭,multi_tab_search,educ_search,"{
""retext"": ""免费播送妈妈咪鸭"",
""query"": {
""and"": [
{
""field"": ""title"",
""value"": ""妈妈咪鸭""
},
{
""field"": ""is_fee"",
""value"": 0
}
]
}
}",,,,,,,,,,,,,,
少儿,免费的JOJO大全,multi_tab_search,educ_search,"{
""retext"": ""免费的JOJO大全"",
""query"": {
""and"": [
{
""or"": [
{
""field"": ""role"",
""value"": ""jojo""
},
{
""field"": ""title"",
""value"": ""jojo""
}
]
},
{
""field"": ""is_fee"",
""value"": 0
}
]
}
}",,,,,,,,,,,,,,
少儿,免费的关于逆袭的动漫,confirm_vague_search,educ_fuzzy_search,"{""query"": ""免费的关于逆袭的动漫""}",存疑,请说明分为模糊的理由,有争议，剔除,,,,,,,,,,,
少儿,免费的海底小纵队不要英语的,multi_tab_search,educ_search,"{
    ""retext"": ""免费的海底小纵队不要英语的"",
    ""query"": {
        ""and"": [
            {
                ""field"": ""title"",
                ""value"": ""海底小纵队""
            },
            {
                ""not"": {""field"": ""language"",
                ""value"": ""英语""}
            },
            {
                ""field"": ""is_fee"",
                ""value"": ""0""
            }
        ]
    }
}",,,,,,,,,,,,,,
少儿,免费高分动画,multi_tab_search,educ_search,"{
""retext"": ""免费高分动画"",
""query"": {
""and"": [
{
""field"": ""content_type"",
""value"": ""动画""
},
{
""field"": ""is_fee"",
""value"": 0
}
]
}
}",不合理,"缺少sort排序高分，应为{""retext"": ""免费高分动画"", ""query"": {""and"": [{""field"": ""is_fee"", ""value"": 0}, {""field"": ""content_type"", ""value"": ""动画""}]}, ""sort"": {""rate"": {""order"": ""desc""}}}",增加sort,,,,,,,,,,,
少儿,免费少儿节目宝宝巴士,multi_tab_search,educ_search,"{
""retext"": ""免费少儿节目宝宝巴士"",
""query"": {
""and"": [
{
""field"": ""title"",
""value"": ""宝宝巴士""
},
{
""field"": ""is_fee"",
""value"": 0
}
]
}
}",,,,,,,,,,,,,,
少儿,米奇动画片少儿版,multi_tab_search,educ_search,"{ 
""retext"": ""米奇动画片少儿版"", 
""query"": { 
""and"": [ 
{ 
""or"": [ 
{ 
""field"": ""role"", 
""value"": ""米奇"" 
}, 
{ 
""field"": ""title"", 
""value"": ""米奇"" 
} 
] 
}, 
{ 
""field"": ""content_type"", 
""value"": ""动画"" 
} 
] 
} 
}",,,,,,,,,,,,,,
少儿,奶龙与小七守护村庄，与暴暴龙展开对决的动画片,confirm_vague_search,educ_fuzzy_search,"{""query"": ""奶龙与小七守护村庄，与暴暴龙展开对决的动画片""}",,,,,,,,,,,,,,
少儿,嗯，神奇宝物找一下吧,multi_tab_search,educ_search,"{ 
""retext"": ""嗯，神奇宝物找一下吧"", 
""query"": { 
""field"": ""title"", 
""value"": ""神奇宝物"" 
} 
}",,,,,,,,,,,,,,
少儿,评分在8.5到9分之间的动画片,multi_tab_search,educ_search,"{
""retext"": ""评分在8.5到9分之间的动画片"",
""query"": {
""field"": ""content_type"",
""value"": ""动画""
}
}",,,,,,,,,,,,,,
少儿,卡通版的狐妖小红娘,multi_tab_search,educ_search,"{ 
""retext"": ""卡通版的狐妖小红娘"", 
""query"": { 
""and"": [ 
{ 
""field"": ""title"", 
""value"": ""狐妖小红娘"" 
}, 
{ 
""field"": ""content_type"", 
""value"": ""卡通"" 
} 
] 
} 
}",,,,,,,,,,,,,,
少儿,请帮忙找儿童卡通三字经,multi_tab_search,educ_search,"{ 
""retext"": ""请帮忙找儿童卡通三字经"", 
""query"": { 
""and"": [ 
{ 
""field"": ""title"", 
""value"": ""三字经"" 
}, 
{ 
""field"": ""content_type"", 
""value"": ""卡通"" 
} 
] 
} 
}",,,,,,,,,,,,,,
少儿,请帮我播放大耳朵图图的故事,multi_tab_search,educ_search,"{ 
""retext"": ""请帮我播放大耳朵图图的故事"", 
""query"": { 
""and"": [ 
{ 
""field"": ""title"", 
""value"": ""大耳朵图图"" 
}, 
{ 
""field"": ""children_second_genre"", 
""value"": ""故事"" 
} 
] 
} 
}",,,,,,,,,,,,,,
少儿,请播放弹珠轨道,educ_keyword_search,educ_search,"{ 
""retext"": ""请播放弹珠轨道"", 
""query"": { 
""field"": ""title"", 
""value"": ""弹珠轨道"" 
} 
}",,,,,,,,,,,,,,
少儿,请播放电影波妞,multi_tab_search,educ_search,"{ 
""retext"": ""请播放电影波妞"", 
""query"": { 
""and"": [ 
{ 
""or"": [ 
{ 
""field"": ""role"", 
""value"": ""波妞"" 
}, 
{ 
""field"": ""title"", 
""value"": ""波妞"" 
} 
] 
}, 
{ 
""field"": ""children_second_genre"", 
""value"": ""电影"" 
} 
] 
} 
}",,,,,,,,,,,,,,
少儿,请播放免费的垃圾车的视频,educ_keyword_search,educ_search,"{
""retext"": ""请播放免费的垃圾车的视频"",
""query"": {
""and"": [
{
""field"": ""title"",
""value"": ""垃圾车""
},
{
""field"": ""is_fee"",
""value"": 0
}
]
}
}",,,,,,,,,,,,,,
少儿,请播放益智早教,educ_keyword_search,educ_search,"{ 
""retext"": ""请播放益智早教"", 
""query"": { 
""and"": [ 
{ 
""field"": ""children_third_genre"", 
""value"": ""益智"" 
}, 
{ 
""field"": ""children_second_genre"", 
""value"": ""早教"" 
} 
] 
} 
}",,,,,,,,,,,,,,
少儿,请播放幼儿少儿绘本,educ_keyword_search,educ_search,"{ 
""retext"": ""请播放幼儿少儿绘本"", 
""query"": { 
""field"": ""children_second_genre"", 
""value"": ""绘本"" 
} 
}",,,,,,,,,,,,,,
少儿,请放免费的小猴子啵啵,multi_tab_search,educ_search,"{
""retext"": ""请放免费的小猴子啵啵"",
""query"": {
""and"": [
{
""field"": ""title"",
""value"": ""小猴子啵啵""
},
{
""field"": ""is_fee"",
""value"": 0
}
]
}
}",,,,,,,,,,,,,,
少儿,请给我播放新的汪汪队,multi_tab_search,educ_search,"{ 
""retext"": ""请给我播放新的汪汪队"", 
""query"": { 
""field"": ""title"", 
""value"": ""汪汪队"" 
} 
}",不合理,"无最新的sort排序，应为{""retext"": ""请给我播放新的汪汪队"", ""query"": {""field"": ""title"", ""value"": ""汪汪队""}, ""sort"": {""new"": {""order"": ""desc""}}}",增加sort,,,,,,,,,,,
少儿,请给我放疯狂动物城故事,multi_tab_search,educ_search,"{ 
""retext"": ""请给我放疯狂动物城故事"", 
""query"": { 
""and"": [ 
{ 
""field"": ""title"", 
""value"": ""疯狂动物城"" 
}, 
{ 
""field"": ""children_second_genre"", 
""value"": ""故事"" 
} 
] 
} 
}",,,,,,,,,,,,,,
少儿,请继续播放猪屁登,multi_tab_search,educ_search,"{ 
""retext"": ""请继续播放猪屁登"", 
""query"": { 
""field"": ""title"", 
""value"": ""猪屁登"" 
} 
}",,,,,,,,,,,,,,
少儿,汽车星球第3集,multi_tab_search,educ_search,"{ 
""retext"": ""汽车星球第3集"", 
""query"": { 
""field"": ""title"", 
""value"": ""汽车星球"" 
} 
}",不合理,应与影视统一，涉及第几部、第几集、第几季的说法,同影视一致,,,,,,,,,,,
少儿,趣趣知知鸟，接着播放,multi_tab_search,educ_search,"{ 
""retext"": ""趣趣知知鸟，接着播放"", 
""query"": { 
""field"": ""title"", 
""value"": ""趣趣知知鸟"" 
} 
}",,,,,,,,,,,,,,
少儿,热播动画片,multi_tab_search,educ_search,"{ 
""retext"": ""热播动画片"", 
""query"": { 
""field"": ""content_type"", 
""value"": ""动画"" 
} 
}",不合理,"缺少热度排序sort{""retext"": ""热播动画"", ""query"": {""field"": ""content_type"", ""value"": ""动画""}, ""sort"": {""hot"": {""order"": ""desc""}}}",增加sort,,,,,,,,,,,
少儿,热门动画,multi_tab_search,educ_search,"{ 
""retext"": ""热门动画"", 
""query"": { 
""field"": ""content_type"", 
""value"": ""动画"" 
} 
}",不合理,"缺少热度排序sort{""retext"": ""热播动画"", ""query"": {""field"": ""content_type"", ""value"": ""动画""}, ""sort"": {""hot"": {""order"": ""desc""}}}",增加sort,,,,,,,,,,,
少儿,热血动漫,multi_tab_search,educ_search,"{ 
""retext"": ""热血动漫"", 
""query"": { 
""and"": [ 
{ 
""field"": ""children_third_genre"", 
""value"": ""热血"" 
}, 
{ 
""field"": ""children_second_genre"", 
""value"": ""动漫"" 
} 
] 
} 
}",,,,,,,,,,,,,,
少儿,日本的卡通动画,multi_tab_search,educ_search_all,"{ 
""retext"": ""日本的卡通动画"", 
""query"": { 
""and"": [ 
{ 
""field"": ""country"", 
""value"": ""日本"" 
}, 
{ 
""or"": [ 
{ 
""field"": ""content_type"", 
""value"": ""动画"" 
}, 
{ 
""field"": ""content_type"", 
""value"": ""卡通"" 
} 
] 
} 
] 
} 
}",,,,,,,,,,,,,,
少儿,日本动漫2021年上映的,multi_tab_search,educ_search_all,"{ 
""retext"": ""日本动漫2021年上映的"", 
""query"": { 
""and"": [ 
{ 
""field"": ""country"", 
""value"": ""日本"" 
}, 
{ 
""field"": ""release_time"", 
""from"": ""20210101"", 
""to"": ""20211231"" 
}, 
{ 
""field"": ""children_second_genre"", 
""value"": ""动漫"" 
} 
] 
} 
}",,,,,,,,,,,,,,
少儿,上周看的少儿动画片,educ_history,educ_history,"{
    ""query"": {
        ""field"": ""time"",
        ""from"": ""2026-08-18 00:00:00"",
        ""to"": ""2026-08-24 23:59:29""
    }
}",不合理,建议与影视、有声等历史工具结构统一,确认统一,,,,,,,,,,,
少儿,少儿电影,multi_tab_search,educ_search,"{
""retext"": ""少儿电影"",
""query"": {
""field"": ""children_second_genre"",
""value"": ""电影""
}
}",,,,,,,,,,,,,,
少儿,少儿英语节目,educ_keyword_search,educ_search,"{
""retext"": ""少儿英语节目"",
""query"": {
""field"": ""children_second_genre"",
""value"": ""英语""
}
}",,,,,,,,,,,,,,
少儿,少儿中文jojo,multi_tab_search,educ_search,"{ 
""retext"": ""少儿中文jojo"", 
""query"": { 
""and"": [ 
{ 
""or"": [ 
{ 
""field"": ""role"", 
""value"": ""jojo"" 
}, 
{ 
""field"": ""title"", 
""value"": ""jojo"" 
} 
] 
}, 
{ 
""field"": ""language"", 
""value"": ""中文"" 
} 
] 
} 
}",,,,,,,,,,,,,,
少儿,适合儿童看的动画,multi_tab_search,educ_search,"{ 
""retext"": ""适合儿童看的动画"", 
""query"": { 
""field"": ""content_type"", 
""value"": """"动画"" 
} 
}",不合理,"改写补全后query变为适合儿童看的动画，应为{""retext"": ""适合儿童看的动画"", ""query"": {""field"": ""content_type"", ""value"": ""动画""}}",已修改,,,,,,,,,,,
少儿,适合我看的少儿动画,confirm_vague_search,educ_fuzzy_search,"{""query"": ""适合我看的少儿动画""}",,,,,,,,,,,,,,
少儿,狮子王中文的也不是vip,multi_tab_search,educ_search,"{
""retext"": ""狮子王中文的也不是vip"",
""query"": {
""and"": [
{
""field"": ""title"",
""value"": ""狮子王""
},
{
""field"": ""language"",
""value"": ""中文""
},
{
""field"": ""is_fee"",
""value"": 0
}
]
}
}",,,,,,,,,,,,,,
少儿,搜索newtv极光里面的泰迦奥特曼,multi_tab_search,educ_search,"{ 
""retext"": ""搜索newtv极光里面的泰迦奥特曼"", 
""query"": { 
""field"": ""title"", 
""value"": ""泰迦奥特曼"" 
} 
}",不合理,无字段支持newtv极光,待定，俊雄确认,,,,,,,,,,,
少儿,搜索newtv极光里面的泰迦奥特曼,multi_tab_search,educ_search,"{ 
""retext"": ""搜索newtv极光里面的泰迦奥特曼"", 
""query"": { 
""field"": ""title"", 
""value"": ""泰迦奥特曼"" 
} 
}",不合理,重复,,,,,,,,,,,,
少儿,搜索宝宝学习自我认知的少儿动画,multi_tab_search,educ_search,"{ 
""retext"": ""搜索宝宝学习自我认知的少儿动画"", 
""query"": { 
""field"": ""content_type"", 
""value"": ""动画"" 
} 
}",不合理,没有字段支持自我认知，应进慢链路,待定，俊雄确认,,,,,,,,,,,
少儿,搜索不要VIP的吞噬星空,multi_tab_search,educ_search,"{
""retext"": ""搜索不要VIP的吞噬星空"",
""query"": {
""and"": [
{
""field"": ""title"",
""value"": ""吞噬星空""
},
{
""field"": ""is_fee"",
""value"": 0
}
]
}
}",,,,,,,,,,,,,,
少儿,搜索动画类的电影,multi_tab_search,educ_search,"{ 
""retext"": ""搜索动画类的电影"", 
""query"": { 
""and"": [ 
{ 
""field"": ""content_type"", 
""value"": ""动画"" 
}, 
{ 
""field"": ""children_second_genre"", 
""value"": ""电影"" 
} 
] 
} 
}",,,,,,,,,,,,,,
少儿,搜索儿童数学思维相关的动画片,multi_tab_search,educ_search,"{
""query"": {
""and"": [
{
""field"": ""children_second_genre"",
""value"": ""数学""
},
{
""field"": ""content_type"",
""value"": ""动画""
}
]
},
""retext"": ""搜索儿童数学思维相关的动画片""
}",存疑,少儿工具中涉及数学的有数学、数学启蒙、数学知识三个跟数学有关的枚举值，请说明归一规则,有争议，剔除,,,,,,,,,,,
少儿,搜索消防员山姆,multi_tab_search,educ_search,"{ 
""retext"": ""搜索消防员山姆"", 
""query"": { 
""field"": ""title"", 
""value"": ""消防员山姆"" 
} 
}",,,,,,,,,,,,,,
少儿,搜索小砾工程队,multi_tab_search,educ_search,"{ 
""retext"": ""搜索小砾工程队"", 
""query"": { 
""field"": ""title"", 
""value"": ""小砾与工程家族"" 
} 
}",,,,,,,,,,,,,,
少儿,搜索优酷里面的动画片,multi_tab_search,educ_search,"{ 
""retext"": ""搜索优酷里面的动画片"", 
""query"": { 
""and"": [ 
{ 
""field"": ""content_type"", 
""value"": ""动画"" 
}, 
{ 
""field"": ""company"", 
""value"": ""优酷"" 
} 
] 
} 
}",,,,,,,,,,,,,,
少儿,搜索正式版的星卡梦少女视频,multi_tab_search,educ_search,"{ 
""retext"": ""搜索正式版的星卡梦少女视频"", 
""query"": { 
""field"": ""title"", 
""value"": ""星卡梦少女"" 
} 
}",,,,,,,,,,,,,,
少儿,搜索最新的动漫,multi_tab_search,educ_search,"{ 
""retext"": ""搜索最新的动漫"", 
""query"": { 
""field"": ""children_second_genre"", 
""value"": ""动漫"" 
} 
}",不合理,"无最新sort排序，应为{""retext"": ""搜索最新的动漫"", ""query"": {""field"": ""children_second_genre"", ""value"": ""动漫""}, ""sort"": {""new"": {""order"": ""desc""}}}",sort,,,,,,,,,,,
少儿,搜益智类的动画片,multi_tab_search,educ_search,"{ 
""retext"": ""搜益智类的动画片"", 
""query"": { 
""and"": [ 
{ 
""field"": ""children_third_genre"", 
""value"": ""益智"" 
}, 
{ 
""field"": ""content_type"", 
""value"": ""动画"" 
} 
] 
} 
}",,,,,,,,,,,,,,
少儿,搜正在连载中的动画片,multi_tab_search,educ_search,"{ 
""retext"": ""搜正在连载中的动画片"", 
""query"": { 
""field"": ""content_type"", 
""value"": ""动画"" 
} 
}",,,,,,,,,,,,,,
少儿,唐老鸭第29集,multi_tab_search,educ_search,"{
""retext"": ""唐老鸭第29集"",
""query"": {
""field"": ""title"",
""value"": ""唐老鸭""
}
}",不合理,应与影视统一，涉及第几部、第几集、第几季的说法,同影视一致,,,,,,,,,,,
少儿,腾讯动漫出品的动漫,multi_tab_search,educ_search,"{ 
""retext"": ""腾讯动漫出品的动漫"", 
""query"": { 
""field"": ""children_second_genre"", 
""value"": ""动漫"" 
} 
}",不合理,"遗漏腾讯动漫出品字段，应为{""retext"": ""腾讯动漫出品的动漫"", ""query"": {""and"": [{""field"": ""company"", ""value"": ""腾讯动漫""}, {""field"": ""children_second_genre"", ""value"": ""动漫""}]}}",待定,,,,,,,,,,,
少儿,腾讯视频请搜索免费的奥特曼,multi_tab_search,educ_search,"{
""retext"": ""腾讯视频请搜索免费的奥特曼"",
""query"": {
""and"": [
{
""field"": ""title"",
""value"": ""奥特曼""
},
{
""field"": ""is_fee"",
""value"": 0
}
]
}
}",,,,,,,,,,,,,,
少儿,调一个免费的托马斯火车,multi_tab_search,educ_search,"{
""retext"": ""调一个免费的托马斯火车"",
""query"": {
""and"": [
{
""or"": [
{
""field"": ""role"",
""value"": ""托马斯小火车""
},
{
""field"": ""title"",
""value"": ""托马斯小火车""
}
]
},
{
""field"": ""is_fee"",
""value"": 0
}
]
}
}",,,,,,,,,,,,,,
少儿,提高宝宝英语口语的启蒙动画,multi_tab_search,educ_search,"{
""query"": {
""and"": [
{
""field"": ""title"",
""value"": ""启蒙""
},
{
""field"": ""language"",
""value"": ""英语""
},
{
""field"": ""content_type"",
""value"": ""动画""
},
{
""field"": ""training_objectives"",
""value"": ""英语启蒙""
}
]
},
""retext"": ""提高宝宝英语口语的启蒙动画""
}",,,,,,,,,,,,,,
少儿,提升孩子口语表达的少儿节目,educ_vague_search,educ_fuzzy_search,"{""query"": ""提升孩子口语表达的少儿节目""}",不合理,"应为educ，参数为{""retext"": ""提升孩子口语表达的少儿节目"", ""query"": {""field"": ""children_third_genre"", ""value"": ""口才""}}",有争议，剔除,,,,,,,,,,,
少儿,推荐孩子喜欢的绘本故事,educ_vague_search_personalized_recommend,educ_fuzzy_search,"{""query"": ""推荐孩子喜欢的绘本故事""}",,,,,,,,,,,,,,
少儿,推荐汽车星球相似的动画,multi_tab_relate_recommend,educ_relate_recommend,"{
  ""query"": {
  ""and"": [
  {
  ""field"": ""title"",
  ""value"": ""汽车星球""
  },
  {
	""field"": ""content_type"",
	""value"": ""动画""
  }
  ]
  }
 }",不合理,缺retext,,,,,,,,,,,,
少儿,推荐我喜欢的动漫类型,confirm_personalized_recommend,educ_fuzzy_search,"{""query"": ""推荐我喜欢的动漫类型""}",,,,,,,,,,,,,,
少儿,推荐与小品一家人类似题材的少儿视频,educ_relate_recommend,educ_relate_recommend,"{
  ""query"": {
  ""field"": ""title"",
  ""value"": ""小品一家人""
  }
 }",不合理,缺retext,,,,,,,,,,,,
少儿,汪汪队小砾工程队不用VIP中文版的,multi_tab_search,educ_search,"{
""retext"": ""汪汪队小砾与工程家族免费国语版的"",
""query"": {
""and"": [
{
""or"": [
{
""field"": ""title"",
""value"": ""汪汪队""
},
{
""field"": ""title"",
""value"": ""小砾与工程家族""
}
]
},
{
""field"": ""language"",
""value"": ""国语版""
},
{
""field"": ""is_fee"",
""value"": 0
}
]
}
}",不合理/存疑,"1、改写补全后文本为汪汪队小砾与工程家族免费国语版的。2、国语、国语版都是合法枚举值，提取规则请明确。应为{""retext"": ""汪汪队小砾与工程家族免费国语版的"", ""query"": {""and"": [{""field"": ""title"", ""value"": ""汪汪队""}, {""field"": ""title"", ""value"": ""小砾与工程家族""}, {""field"": ""language"", ""value"": ""国语版""}, {""field"": ""is_fee"", ""value"": 0}]}}",,,,,,,,,,,,
少儿,为我播放刺猬索尼克,multi_tab_search,educ_search,"{ 
""retext"": ""为我播放刺猬索尼克"", 
""query"": { 
""field"": ""title"", 
""value"": ""刺猬索尼克"" 
} 
}",,,,,,,,,,,,,,
少儿,为我搜索大鱼海棠,multi_tab_search,educ_search,"{ 
""retext"": ""为我搜索大鱼海棠"", 
""query"": { 
""field"": ""title"", 
""value"": ""大鱼海棠"" 
} 
}",,,,,,,,,,,,,,
少儿,为我找符合我偏好的卡通片,confirm_personalized_recommend,educ_fuzzy_search,"{""query"": ""为我找符合我偏好的卡通片""}",,,,,,,,,,,,,,
少儿,我今年4岁了，你猜我喜欢看什么,educ_vague_search_personalized_recommend,educ_fuzzy_search,"{""query"": ""我今年4岁了，你猜我喜欢看什么""}",,,,,,,,,,,,,,
少儿,我们要看小魔仙,multi_tab_search,educ_search,"{ 
""retext"": ""我们要看小魔仙"", 
""query"": { 
""field"": ""title"", 
""value"": ""巴啦啦小魔仙"" 
} 
}",,,,,,,,,,,,,,
少儿,我想看大卫不可以的故事,multi_tab_search,educ_search,"{ 
""retext"": ""我想看大卫不可以的故事"", 
""query"": { 
""and"": [ 
{ 
""field"": ""title"", 
""value"": ""大卫不可以"" 
}, 
{ 
""field"": ""children_second_genre"", 
""value"": ""故事"" 
} 
] 
} 
}",,,,,,,,,,,,,,
少儿,我想看第三集的汪汪队免费的,multi_tab_search,educ_search,"{
""retext"": ""我想看第三集的汪汪队免费的"",
""query"": {
""and"": [
{
""field"": ""title"",
""value"": ""汪汪队""
},
{
""field"": ""is_fee"",
""value"": 0
}
]
}
}",不合理,应与影视统一，涉及第几部、第几集、第几季的说法,,,,,,,,,,,,
少儿,我想看僵小鱼,multi_tab_search,educ_search,"{ 
""retext"": ""我想看僵小鱼"", 
""query"": { 
""or"": [ 
{ 
""field"": ""role"", 
""value"": ""僵小鱼"" 
}, 
{ 
""field"": ""title"", 
""value"": ""僵小鱼"" 
} 
] 
} 
}",,,,,,,,,,,,,,
少儿,我想看今年新出的动画片,multi_tab_search,educ_search_all,"{ 
""retext"": ""我想看今年新出的动画片"", 
""query"": { 
""and"": [ 
{ 
""field"": ""content_type"", 
""value"": ""动画"" 
}, 
{ 
""field"": ""release_time"", 
""from"": ""20260101"", 
""to"": ""20261231"" 
} 
] 
} 
}",,,,,,,,,,,,,,
少儿,我想看美国的超级英雄主题动画,multi_tab_search,educ_search_all,"{ 
""retext"": ""我想看美国的超级英雄主题动画"", 
""query"": { 
""and"": [ 
{ 
""field"": ""title"", 
""value"": ""超级英雄"" 
}, 
{ 
""field"": ""country"", 
""value"": ""美国"" 
}, 
{ 
""field"": ""content_type"", 
""value"": ""动画"" 
} 
] 
} 
}",,,,,,,,,,,,,,
少儿,我想看免费版的汪汪队第2集,multi_tab_search,educ_search,"{
""retext"": ""我想看免费版的汪汪队第2集"",
""query"": {
""and"": [
{
""field"": ""title"",
""value"": ""汪汪队""
},
{
""field"": ""is_fee"",
""value"": 0
}
]
}
}",不合理,应与影视统一，涉及第几部、第几集、第几季的说法,,,,,,,,,,,,
少儿,我想看免费的有天才威的熊出没,multi_tab_search,educ_search,"{
""retext"": ""我想看免费的有天才威的熊出没"",
""query"": {
""and"": [
{
""or"": [
{
""field"": ""role"",
""value"": ""天才威""
},
{
""field"": ""title"",
""value"": ""天才威""
},
{
""field"": ""title"",
""value"": ""熊出没""
}
]
},
{
""field"": ""is_fee"",
""value"": 0
}
]
}
}",,,,,,,,,,,,,,
少儿,我想看正版奶龙,multi_tab_search,educ_search,"{ 
""retext"": ""我想看正版奶龙"", 
""query"": { 
""field"": ""title"", 
""value"": ""奶龙"" 
} 
}",,,,,,,,,,,,,,
少儿,我想要看恐龙救援队,multi_tab_search,educ_search,"{ 
""retext"": ""我想要看恐龙救援队"", 
""query"": { 
""field"": ""title"", 
""value"": ""恐龙救援队"" 
} 
}",,,,,,,,,,,,,,
少儿,我要VIP的小猪佩奇,multi_tab_search,educ_search,"{
""retext"": ""我要VIP的小猪佩奇"",
""query"": {
""and"": [
{
""field"": ""title"",
""value"": ""小猪佩奇""
},
{
""field"": ""is_fee"",
""value"": 1
}
]
}
}",,,,,,,,,,,,,,
少儿,我要看宝宝巴士,multi_tab_search,educ_search,"{ 
""retext"": ""我要看宝宝巴士"", 
""query"": { 
""field"": ""title"", 
""value"": ""宝宝巴士"" 
} 
}",,,,,,,,,,,,,,
少儿,我要看大神侦探诸葛99,multi_tab_search,educ_search,"{ 
""retext"": ""我要看大神侦探诸葛99"", 
""query"": { 
""field"": ""title"", 
""value"": ""大神探诸葛九九"" 
} 
}",,,,,,,,,,,,,,
少儿,我要看哆啦A梦日文版,multi_tab_search,educ_search,"{ 
""retext"": ""我要看哆啦a梦日语版"", 
""query"": { 
""and"": [ 
{ 
""field"": ""title"", 
""value"": ""哆啦a梦"" 
}, 
{ 
""field"": ""language"", 
""value"": ""日语版"" 
} 
] 
} 
}",不合理,"改写补全后query为我要看哆啦a梦日语版，应为：{""retext"": ""我要看哆啦a梦日语版"", ""query"": {""and"": [{""field"": ""title"", ""value"": ""哆啦A梦""}, {""field"": ""language"", ""value"": ""日语版""}]}",,,,,,,,,,,,
少儿,我要看海底小纵队的第3分钟,multi_tab_search,educ_search,"{ 
""retext"": ""我要看海底小纵队的第3分钟"", 
""query"": { 
""field"": ""title"", 
""value"": ""海底小纵队"" 
} 
}",不合理,应与影视统一，涉及第几部、第几集、第几季的说法,,,,,,,,,,,,
少儿,我要看和医生有关的动画片,confirm_vague_search,educ_fuzzy_search,"{""query"": ""我要看和医生有关的动画片""}",,,,,,,,,,,,,,
少儿,我要看绘本故事,educ_vague_search,educ_fuzzy_search,"{""query"": ""我要看绘本故事""}",存疑,分到模糊搜索的理由,有争议，剔除,,,,,,,,,,,
少儿,我要看间谍过家家普通话第一季,multi_tab_search,educ_search,"{ 
""retext"": ""我要看间谍过家家普通话第一季"", 
""query"": { 
""and"": [ 
{ 
""field"": ""title"", 
""value"": ""间谍过家家"" 
}, 
{ 
""field"": ""language"", 
""value"": ""普通话"" 
} 
] 
} 
}",不合理,应与影视统一，涉及第几部、第几集、第几季的说法,,,,,,,,,,,,
少儿,我要看美国的赛车总动员,multi_tab_search,educ_search_all,"{ 
""retext"": ""我要看美国的赛车总动员"", 
""query"": { 
""and"": [ 
{ 
""field"": ""title"", 
""value"": ""赛车总动员"" 
}, 
{ 
""field"": ""country"", 
""value"": ""美国"" 
} 
] 
} 
}",,,,,,,,,,,,,,
少儿,我要看免费的爆笑虫子动画片,multi_tab_search,educ_search,"{
""retext"": ""我要看免费的爆笑虫子动画片"",
""query"": {
""and"": [
{
""field"": ""title"",
""value"": ""爆笑虫子""
},
{
""field"": ""content_type"",
""value"": ""动画""
},
{
""field"": ""is_fee"",
""value"": 0
}
]
}
}",,,,,,,,,,,,,,
少儿,我要看免费的父与子,educ_keyword_search,educ_search,"{
""retext"": ""我要看免费的父与子"",
""query"": {
""and"": [
{
""field"": ""title"",
""value"": ""父与子""
},
{
""field"": ""is_fee"",
""value"": 0
}
]
}
}",,,,,,,,,,,,,,
少儿,我要看免费猪猪侠和超级飞侠的视频,multi_tab_search,educ_search,"{
""retext"": ""我要看免费猪猪侠和超级飞侠的视频"",
""query"": {
""and"": [
{
""or"": [
{
""field"": ""role"",
""value"": ""猪猪侠""
},
{
""field"": ""title"",
""value"": ""猪猪侠""
},
{
""field"": ""title"",
""value"": ""超级飞侠""
}
]
},
{
""field"": ""is_fee"",
""value"": 0
}
]
}
}",,,,,,,,,,,,,,
少儿,我要看派大星秀第一季,multi_tab_search,educ_search,"{
""retext"": ""我要看派大星秀第一季"",
""query"": {
""and"": [
{
""field"": ""title"",
""value"": ""派大星秀""
},
{
""field"": ""title"",
""value"": ""第一季""
}
]
}
}",不合理,应与影视统一，涉及第几部、第几集、第几季的说法,,,,,,,,,,,,
少儿,我要看少儿免费的动画片大货车,multi_tab_search,educ_search,"{
    ""query"": {
        ""and"": [
            {
                ""field"": ""content_type"",
                ""value"": ""动画""
            },
            {
                ""field"": ""is_fee"",
                ""value"": ""0""
            },
            {
                ""field"": ""title"",
                ""value"": ""大货车""
            }
        ]
    },
    ""retext"": ""我要看少儿免费的动画片大货车""
}",,,,,,,,,,,,,,
少儿,我要看鲨鱼一家视频,multi_tab_search,educ_search,"{
""retext"": ""我要看鲨鱼一家视频"",
""query"": {
""field"": ""title"",
""value"": ""鲨鱼一家""
}
}",,,,,,,,,,,,,,
少儿,我要看所有非人哉,multi_tab_search,educ_search,"{
""retext"": ""我要看所有非人哉"",
""query"": {
""field"": ""title"",
""value"": ""非人哉""
}
}",,,,,,,,,,,,,,
少儿,我要看土豆逗严肃科普,multi_tab_search,educ_search,"{
""retext"": ""我要看土豆逗严肃科普"",
""query"": {
""field"": ""title"",
""value"": ""土豆逗严肃科普""
}
}",,,,,,,,,,,,,,
少儿,我要看兔子警官第2季,multi_tab_search,educ_search,"{ 
""retext"": ""我要看兔子警官第2季"", 
""query"": { 
""and"": [ 
{ 
""or"": [ 
{ 
""field"": ""role"", 
""value"": ""兔子警官"" 
}, 
{ 
""field"": ""title"", 
""value"": ""兔子警官"" 
} 
] 
}, 
{ 
""field"": ""title"", 
""value"": ""第2季"" 
} 
] 
} 
}",不合理,应与影视统一，涉及第几部、第几集、第几季的说法,,,,,,,,,,,,
少儿,我要看小丸子,multi_tab_search,educ_search,"{ 
""retext"": ""我要看小丸子"", 
""query"": { 
""or"": [ 
{ 
""field"": ""role"", 
""value"": ""小丸子"" 
}, 
{ 
""field"": ""title"", 
""value"": ""小丸子"" 
} 
] 
} 
}",,,,,,,,,,,,,,
少儿,我要看樱桃小丸子日语版,multi_tab_search,educ_search,"{ 
""retext"": ""我要看樱桃小丸子日语版"", 
""query"": { 
""and"": [ 
{ 
""field"": ""title"", 
""value"": ""樱桃小丸子"" 
}, 
{ 
""field"": ""language"", 
""value"": ""日语版"" 
} 
] 
} 
}",不合理,"应为{ 
""retext"": ""我要看樱桃小丸子日语版"", 
""query"": { 
""and"": [ 
{ 
""field"": ""title"", 
""value"": ""樱桃小丸子"" 
}, 
{ 
""field"": ""language"", 
""value"": ""日语版"" 
} 
] 
} 
}",,,,,,,,,,,,
少儿,我昨天看过的少儿视频,educ_history,educ_history,"{
  ""query"": {
        ""field"":""time"",
        ""from"":""2026-08-23 00:00:00"",  
        ""to"":""2026-08-23 23:59:59""
  }
}",不合理,建议与影视、有声等历史工具结构统一,,,,,,,,,,,,
少儿,想看来自未来的机器猫，用口袋里的神奇道具帮大雄解决麻烦的动画片,confirm_vague_search,educ_fuzzy_search,"{""query"": ""想看来自未来的机器猫，用口袋里的神奇道具帮大雄解决麻烦的动画片""}",,,,,,,,,,,,,,
少儿,小聚小聚打开免费的动画片,multi_tab_search,educ_search,"{
""retext"": ""小聚小聚打开免费的动画片"",
""query"": {
""and"": [
{
""field"": ""content_type"",
""value"": ""动画""
},
{
""field"": ""is_fee"",
""value"": 0
}
]
}
}",,,,,,,,,,,,,,
少儿,小聚小聚放一个亚刻奥特曼,multi_tab_search,educ_search,"{ 
""retext"": ""小聚小聚放一个亚刻奥特曼"", 
""query"": { 
""field"": ""title"", 
""value"": ""亚刻奥特曼"" 
} 
}",,,,,,,,,,,,,,
少儿,小聚小聚我要看萌鸡小队第6集,multi_tab_search,educ_search,"{ 
""retext"": ""小聚小聚我要看萌鸡小队第6集"", 
""query"": { 
""field"": ""title"", 
""value"": ""萌鸡小队"" 
} 
}",不合理,应与影视统一，涉及第几部、第几集、第几季的说法,,,,,,,,,,,,
少儿,"小时候看过的,有一个宝葫芦的动画片叫什么",confirm_vague_search,educ_fuzzy_search,"{""query"": ""小时候看过的,有一个宝葫芦的动画片叫什么""}",,,,,,,,,,,,,,
少儿,小猪佩奇第6集播放,multi_tab_search,educ_search,"{ 
""retext"": ""小猪佩奇第6集播放"", 
""query"": { 
""field"": ""title"", 
""value"": ""小猪佩奇"" 
} 
}",不合理,应与影视统一，涉及第几部、第几集、第几季的说法,,,,,,,,,,,,
少儿,辛普森一家中文版,multi_tab_search,educ_search,"{ 
""retext"": ""辛普森一家国语版"", 
""query"": { 
""and"": [ 
{ 
""field"": ""title"", 
""value"": ""辛普森一家"" 
}, 
{ 
""field"": ""language"", 
""value"": ""国语版"" 
} 
] 
} 
}",不合理,"改写补全后query为辛普森一家国语版，应为{""retext"": ""辛普森一家国语版"", ""query"": {""and"": [{""field"": ""title"", ""value"": ""辛普森一家""}, {""field"": ""language"", ""value"": ""国语版""}]}}",,,,,,,,,,,,
少儿,演免费的小小工程车,multi_tab_search,educ_search,"{
""retext"": ""演免费的小小工程车"",
""query"": {
""and"": [
{
""field"": ""title"",
""value"": ""小小工程车""
},
{
""field"": ""is_fee"",
""value"": 0
}
]
}
}",,,,,,,,,,,,,,
少儿,英语动画,multi_tab_search,educ_search,"{
""retext"": ""英语动画"",
""query"": {
""and"": [
{
""field"": ""content_type"",
""value"": ""动画""
},
{
""or"": [
{
""field"": ""language"",
""value"": ""英语""
},
{
""field"": ""children_second_genre"",
""value"": ""英语""
}
]
}
]
}
}",不合理,,待定，俊雄确认,,,,,,,,,,,
少儿,英语启蒙动画片,multi_tab_search,educ_search_all,"{ 
""retext"": ""英语启蒙动画片"", 
""query"": { 
""and"": [ 
{ 
""field"": ""training_objectives"", 
""value"": ""英语启蒙"" 
}, 
{ 
""field"": ""content_type"", 
""value"": ""动画"" 
} 
] 
} 
}",,,,,,,,,,,,,,
少儿,一周内看过的所有动画,multitab_history,educ_history,"{
    ""query"": {
        ""field"": ""time"",
        ""from"": ""2026-08-18 00:00:00"",
        ""to"": ""2026-08-24 23:59:29""
    }
}",不合理,建议与影视、有声等历史工具结构统一,,,,,,,,,,,,
少儿,有几只小猪踩泥坑，这是哪个动画片,confirm_vague_search,educ_fuzzy_search,"{""query"": ""有几只小猪踩泥坑，这是哪个动画片""}",,,,,,,,,,,,,,
少儿,有没有超能一家人幕后花絮,multi_tab_search,educ_search,"{ 
""retext"": ""有没有超能一家人幕后花絮"", 
""query"": { 
""field"": ""title"", 
""value"": ""超能一家人"" 
} 
}",不合理,没有字段支持花絮，应进慢链路,没有支持字段，一类问题,,,,,,,,,,,
少儿,有没有两只熊和一个伐木工，天天在森林里搞笑打闹的动画片,confirm_vague_search,educ_fuzzy_search,"{""query"": ""有没有两只熊和一个伐木工，天天在森林里搞笑打闹的动画片""}",,,,,,,,,,,,,,
少儿,有没有美国的 3D 动画电影,multi_tab_search,educ_search_all,"{ 
""retext"": ""有没有美国的 3D 动画电影"", 
""query"": { 
""and"": [ 
{ 
""field"": ""country"", 
""value"": ""美国"" 
}, 
{ 
""field"": ""children_second_genre"", 
""value"": ""动画电影"" 
} 
] 
} 
}",,,,,,,,,,,,,,
少儿,有没有描写友情互助的动画作品,confirm_vague_search,educ_fuzzy_search,"{""query"": ""有没有描写友情互助的动画作品""}",存疑,"是否可以这样进educ{""retext"": ""有没有描写友情互助的动画作品"", ""query"": {""and"": [{""field"": ""children_third_genre"", ""value"": ""友情""}, {""field"": ""content_type"", ""value"": ""动画""}]}}",待定,,,,,,,,,,,
少儿,有没有欧美动漫,multi_tab_search,educ_search_all,"{
""retext"": ""有没有欧美动漫"",
""query"": {
""and"": [
{
""field"": ""country"",
""value"": ""欧美""
},
{
""field"": ""children_second_genre"",
""value"": ""动漫""
}
]
}
}",,,,,,,,,,,,,,
少儿,有没有亲子温情的动画视频,confirm_vague_search,educ_fuzzy_search,"{""query"": ""有没有亲子温情的动画视频""}",,,,,,,,,,,,,,
少儿,有没有什么好看的动漫,multi_tab_search,educ_search,"{ 
""retext"": ""有没有什么好看的动漫"", 
""query"": { 
""field"": ""children_second_genre"", 
""value"": ""动漫"" 
} 
}",,,,,,,,,,,,,,
少儿,有没有苏菲亚快乐生活的内容,educ_keyword_search,educ_search,"{ 
""retext"": ""有没有苏菲亚快乐生活的内容"", 
""query"": { 
""field"": ""title"", 
""value"": ""苏菲亚快乐生活"" 
} 
}",,,,,,,,,,,,,,
少儿,有没有像小猪佩奇那样语速慢的英文动画,educ_relate_recommend,educ_relate_recommend,"{
    ""query"": {
        ""and"": [
            {
                ""field"": ""title"",
                ""value"": ""小猪佩奇""
            },
            {
                ""field"": ""content_type"",
                ""value"": ""动画""
            },
            {
                ""field"": ""language"",
                ""value"": ""英文""
            }
        ]
    }
}",,,,,,,,,,,,,,
少儿,有哪些绘本适合情绪管理？,educ_keyword_search,educ_search_all,"{
  ""retext"": ""有哪些绘本适合情绪管理？"",
  ""query"": {
    ""and"": [
      {
        ""field"": ""children_second_genre"",
        ""value"": ""绘本""
      },
     ""or"": [
            {
                ""field"": ""children_third_genre"",
                ""value"": ""情绪管理""
            },
            {
                ""field"": ""training_objectives"",
                ""value"": ""情绪管理""
            }
        ]
    ]
  }
}",,,,,,,,,,,,,,
少儿,有什么推荐的动漫,multi_tab_search,educ_search,"{ 
""retext"": ""有什么推荐的动漫"", 
""query"": { 
""field"": ""children_second_genre"", 
""value"": ""动漫"" 
} 
}",,,,,,,,,,,,,,
少儿,云视听小电视最火的动漫,multi_tab_search,educ_search,"{ 
""retext"": ""云视听小电视最火的动漫"", 
""query"": { 
""field"": ""children_second_genre"", 
""value"": ""动漫"" 
} 
}",,,,,,,,,,,,,,
少儿,在哔哩哔哩里面看开心锤锤,multi_tab_search,educ_search,"{ 
""retext"": ""在哔哩哔哩里面看开心锤锤"", 
""query"": { 
""field"": ""title"", 
""value"": ""开心锤锤"" 
} 
}",,,,,,,,,,,,,,
少儿,在哔哩哔哩里面看开心锤锤,multi_tab_search,educ_search,"{ 
""retext"": ""在哔哩哔哩里面看开心锤锤"", 
""query"": { 
""field"": ""title"", 
""value"": ""开心锤锤"" 
} 
}",,,,,,,,,,,,,,
少儿,早教启蒙,educ_keyword_search,educ_search,"{ 
""retext"": ""早教启蒙"", 
""query"": { 
""field"": ""children_second_genre"", 
""value"": ""早教"" 
} 
}",,,,,,,,,,,,,,
少儿,咱们裸熊第二季,multi_tab_search,educ_search,"{ 
""retext"": ""咱们裸熊第二季"", 
""query"": { 
""and"": [ 
{ 
""field"": ""title"", 
""value"": ""咱们裸熊"" 
}, 
{ 
""field"": ""title"", 
""value"": ""第二季"" 
} 
] 
} 
}",不合理,应与影视统一，涉及第几部、第几集、第几季的说法,,,,,,,,,,,,
少儿,找当前最火几部动漫电影,multi_tab_search,educ_search,"{
""retext"": ""找当前最火几部动漫电影"",
""query"": {
""and"": [
{
""field"": ""children_second_genre"",
""value"": ""电影""
},
{
""field"": ""children_second_genre"",
""value"": ""动漫""
}
]
}
}",不合理,缺少sort热度排序,,,,,,,,,,,,
少儿,找到免费阿奇幼幼园动画片免费的,multi_tab_search,educ_search,"{
""retext"": ""找到免费阿奇幼幼园动画片免费的"",
""query"": {
""and"": [
{
""field"": ""title"",
""value"": ""阿奇幼幼园""
},
{
""field"": ""content_type"",
""value"": ""动画""
},
{
""field"": ""is_fee"",
""value"": 0
}
]
}
}",,,,,,,,,,,,,,
少儿,找符合孩子爱好的少儿启蒙内容推荐给我,educ_vague_search_personalized_recommend,educ_fuzzy_search,"{""query"": ""找符合孩子爱好的少儿启蒙内容推荐给我""}",,,,,,,,,,,,,,
少儿,找几部精准我的喜好的少儿作品,educ_vague_search_personalized_recommend,educ_fuzzy_search,"{""query"": ""找几部精准我的喜好的少儿作品""}",,,,,,,,,,,,,,
少儿,找机甲主题的卡通给孩子看,multi_tab_search,educ_search,"{
""retext"": ""找机甲主题的卡通给孩子看"",
""query"": {
""and"": [
{
""field"": ""children_third_genre"",
""value"": ""机甲""
},
{
""field"": ""content_type"",
""value"": ""卡通""
}
]
}
}",,,,,,,,,,,,,,
少儿,找兔子警官和狐狸一起在动物城市里查案，打破大家偏见的动画片,confirm_vague_search,educ_fuzzy_search,"{""query"": ""找兔子警官和狐狸一起在动物城市里查案，打破大家偏见的动画片""}",,,,,,,,,,,,,,
少儿,找一些日本的悬疑推理动漫,multi_tab_search,educ_search_all,"{ 
""retext"": ""找一些日本的悬疑推理动漫"", 
""query"": { 
""and"": [ 
{ 
""field"": ""children_third_genre"", 
""value"": ""推理"" 
}, 
{ 
""field"": ""children_third_genre"", 
""value"": ""悬疑"" 
}, 
{ 
""field"": ""country"", 
""value"": ""日本"" 
}, 
{ 
""field"": ""children_second_genre"", 
""value"": ""动漫"" 
} 
] 
} 
}",,,,,,,,,,,,,,
少儿,这句台词“在学校里总能遇到新鲜事！”是哪个动画片的,confirm_vague_search,educ_fuzzy_search,"{""query"": ""这句台词“在学校里总能遇到新鲜事！”是哪个动画片的""}",,,,,,,,,,,,,,
少儿,直接播放炫卡斗士,multi_tab_search,educ_search,"{ 
""retext"": ""直接播放炫卡斗士"", 
""query"": { 
""field"": ""title"", 
""value"": ""炫卡斗士"" 
} 
}",,,,,,,,,,,,,,
少儿,玄机动画出品的动漫,multi_tab_search,educ_search_all,"{
""query"": {
""and"": [
{
""field"": ""company"",
""value"": ""玄机动画""
},
{
""field"": ""children_second_genre"",
""value"": ""动漫""
}
]
},
""retext"": ""玄机动画出品的动漫""
}",,,,,,,,,,,,,,
少儿,中央14台的动画片,multi_tab_search,educ_search,"{ 
""retext"": ""中央14台的动画片"", 
""query"": { 
""field"": ""content_type"", 
""value"": ""动画"" 
} 
}",,,,,,,,,,,,,,
少儿,最近很火的动画,multi_tab_search,educ_search,"{ 
""retext"": ""最近很火的动画"", 
""query"": { 
""field"": ""content_type"", 
""value"": ""动画"" 
} 
}",不合理,"缺少热度sort排序，应为{""retext"": ""最近很火的动画"", ""query"": {""field"": ""content_type"", ""value"": ""动画""}, ""sort"": {""hot"": {""order"": ""desc""}}}",,,,,,,,,,,,
少儿,最近几年国产动画电影,multi_tab_search,educ_search_all,"{
""retext"": ""最近几年国产动画电影"",
""query"": {
""and"": [
{
""field"": ""country"",
""value"": ""中国""
},
{
""field"": ""release_time"",
""from"": ""20240101"",
""to"": ""20261231""
},
{
""field"": ""children_second_genre"",
""value"": ""动画电影""
}
]
}
}",,,,,,,,,,,,,,
少儿,“变身！小小科学家”的动画片,confirm_vague_search,educ_fuzzy_search,"{""query"": ""“变身！小小科学家”的动画片""}",,,,,,,,,,,,,,
少儿,“超级飞侠，出发！”的动画电影,confirm_vague_search,educ_fuzzy_search,"{""query"": ""“超级飞侠，出发！”的动画电影""}",,,,,,,,,,,,,,
少儿,“大卫，你太淘气了！”是哪个绘本的台词,educ_vague_search,educ_fuzzy_search,"{""query"": ""“大卫，你太淘气了！”是哪个绘本的台词""}",,,,,,,,,,,,,,
少儿,“海底报告，海底报告”是哪部动画,confirm_vague_search,educ_fuzzy_search,"{""query"": ""“海底报告，海底报告”是哪部动画""}",,,,,,,,,,,,,,
少儿,“你的愿望就是我的命令。”的绘本是哪个,educ_vague_search,educ_fuzzy_search,"{""query"": ""“你的愿望就是我的命令。”的绘本是哪个""}",,,,,,,,,,,,,,
少儿,“我是乐迪！每时每刻，准时送达！”的动画片是哪个,confirm_vague_search,educ_fuzzy_search,"{""query"": ""“我是乐迪！每时每刻，准时送达！”的动画片是哪个""}",,,,,,,,,,,,,,
少儿,“我是佩奇，这是我的弟弟乔治” 来自哪部动画,confirm_vague_search,educ_fuzzy_search,"{""query"": ""“我是佩奇，这是我的弟弟乔治” 来自哪部动画""}",,,,,,,,,,,,,,
少儿,“真相只有一个！”是哪部动漫的经典台词,confirm_vague_search,educ_fuzzy_search,"{""query"": ""“真相只有一个！”是哪部动漫的经典台词""}",,,,,,,,,,,,,,
少儿,“知识就是力量”是哪个绘本里的,confirm_vague_search,educ_fuzzy_search,"{""query"": ""“知识就是力量”是哪个绘本里的""}",,,,,,,,,,,,,,
少儿,9到10岁的免费绘本,,educ_search,"{
    ""retext"": ""9到10岁的免费绘本"",
    ""query"": {
        ""and"": [
            {
                ""field"": ""children_second_genre"",
                ""value"": ""绘本""
            },
            {
                ""field"": ""age_range"",
                ""from"": 9,
                ""to"": 10
            },
            {
                ""field"": ""is_fee"",
                ""value"": 0
            }
        ]
    }
}",不合理,"应为：{""retext"": ""9到10岁的免费绘本"", ""query"": {""and"": [{""field"": ""age_range"", ""from"": 9, ""to"": 10}, {""field"": ""is_fee"", ""value"": 0}, {""field"": ""children_second_genre"", ""value"": ""绘本""}]}}",,,,,,,,,,,,
少儿,大卫不可以的绘本,,educ_search,"{
""retext"": ""大卫不可以的绘本"",
""query"": {
""and"": [
{
""field"": ""title"",
""value"": ""大卫不可以""
},
{
""field"": ""children_second_genre"",
""value"": ""绘本""
}
]
}
}",,,,,,,,,,,,,,
少儿,给我放一下读绘本,,educ_search,"{
""retext"": ""给我放一下读绘本"",
""query"": {
""field"": ""children_second_genre"",
""value"": ""绘本""
}
}",,,,,,,,,,,,,,
少儿,播放大卫惹麻烦,,educ_search,"{
""retext"": ""播放大卫惹麻烦"",
""query"": {
""field"": ""title"",
""value"": ""大卫惹麻烦""
}
}",,,,,,,,,,,,,,
少儿,给我讲丑小鸭的故事,,educ_search,"{
""retext"": ""给我讲丑小鸭的故事"",
""query"": {
""and"": [
{
""field"": ""title"",
""value"": ""丑小鸭""
},
{
""field"": ""children_second_genre"",
""value"": ""故事""
}
]
}
}",,,,,,,,,,,,,,
少儿,直接播放成语故事免费,,educ_search,"{
""retext"": ""直接播放成语故事免费"",
""query"": {
""and"": [
{
""field"": ""title"",
""value"": ""成语故事""
},
{
""field"": ""is_fee"",
""value"": 0
}
]
}
}",,,,,,,,,,,,,,
少儿,找一下科普海洋知识的儿童绘本,,educ_search,"{
    ""retext"": ""搜索科普海洋知识的儿童绘本"",
    ""query"": {
        ""and"": [
            {
                ""field"": ""title"",
                ""value"": ""海洋知识""
            },
            {
                ""field"": ""children_second_genre"",
                ""value"": ""科普""
            },
            {
                ""field"": ""children_second_genre"",
                ""value"": ""绘本""
            }
        ]
    }
}",不合理,真值的retext是怎么来的，直接影响参数提取的结果，海洋相关的children_third_genre有的，不一定要title,,,,,,,,,,,,
