业务域,query,意图,期望工具,期望参数,,是否合理,备注,业务备注,,,,,,,,,,,
影视,播放大生意人,vod_keyword_search,vod_search,"{
""action"": ""play"",
""retext"": ""播放大生意人"",
""query"": {
""field"": ""title"",
""value"": ""大生意人""
}
}",,,,,,,,,,,,,,,
影视,给我放战狼2,vod_keyword_search,vod_search,"{
""action"": ""play"",
""retext"": ""给我放战狼2"",
""query"": {
""and"": [
{
""field"": ""title"",
""value"": ""战狼""
},
{
""field"": ""series"",
""value"": 2
}
]
}
}",,,,,,,,,,,,,,,
影视,放第1集哑巴新娘,vod_keyword_search,vod_search,"{
""action"": ""play"",
""retext"": ""放第1集哑巴新娘"",
""query"": {
""and"": [
{
""field"": ""title"",
""value"": ""哑巴新娘""
},
{
""field"": ""video_index"",
""value"": 1
}
]
}
}",,,,,,,,,,,,,,,
影视,生万物第3集第10分钟,vod_keyword_search,vod_search,"{
""action"": ""play"",
""retext"": ""生万物第3集第10分钟"",
""query"": {
""and"": [
{
""field"": ""title"",
""value"": ""生万物""
},
{
""field"": ""video_index"",
""value"": 3
},
{
""field"": ""voiceStartPos"",
""value"": 600
}
]
}
}",,,,,,,,,,,,,,,
影视,我要看海王第55分钟,vod_keyword_search,vod_search,"{
""action"": ""play"",
""retext"": ""我要看海王第55分钟"",
""query"": {
""and"": [
{
""field"": ""title"",
""value"": ""海王""
},
{
""field"": ""voiceStartPos"",
""value"": 3300
}
]
}
}",,,,,,,,,,,,,,,
影视,免费的电视剧英雄泪,vod_keyword_search,vod_search,"{
""action"": ""search"",
""retext"": ""免费的电视剧英雄泪"",
""query"": {
""and"": [
{
""field"": ""title"",
""value"": ""英雄泪""
},
{
""field"": ""category"",
""value"": ""电视剧""
},
{
""field"": ""is_fee"",
""value"": 0
}
]
}
}",,,,,,,,,,,,,,,
影视,请播黄河在咆哮谢谢,vod_keyword_search,vod_search,"{
""action"": ""play"",
""retext"": ""请播黄河在咆哮谢谢"",
""query"": {
""field"": ""title"",
""value"": ""黄河在咆哮""
}
}",,,,,,,,,,,,,,,
影视,新出的陈翔六点半,vod_keyword_search,vod_search,"{
""action"": ""search"",
""retext"": ""新出的陈翔六点半"",
""query"": {
""field"": ""title"",
""value"": ""陈翔六点半""
},
""sort"": {
""new"": {
""order"": ""desc""
}
}
}",,,,,,,,,,,,,,,
影视,小度小度播放电视剧用一生去爱你,vod_keyword_search,vod_search,"{
""action"": ""play"",
""retext"": ""小度小度播放电视剧用一生去爱你"",
""query"": {
""and"": [
{
""field"": ""title"",
""value"": ""用一生去爱你""
},
{
""field"": ""category"",
""value"": ""电视剧""
}
]
}
}",,,,,,,,,,,,,,,
影视,我要看庆余年第二季第三集,vod_keyword_search,vod_search,"{
""action"": ""play"",
""retext"": ""我要看庆余年第二季第三集"",
""query"": {
""and"": [
{
""field"": ""title"",
""value"": ""庆余年""
},
{
""field"": ""series"",
""value"": 2
},
{
""field"": ""video_index"",
""value"": 3
}
]
}
}",,,,,,,,,,,,,,,
影视,播放电影封神第一部第34分,vod_keyword_search,vod_search,"{
""action"": ""play"",
""retext"": ""播放电影封神第一部第34分"",
""query"": {
""and"": [
{
""field"": ""title"",
""value"": ""封神""
},
{
""field"": ""category"",
""value"": ""电影""
},
{
""field"": ""series"",
""value"": 1
},
{
""field"": ""voiceStartPos"",
""value"": 2040
}
]
}
}",,,,,,,,,,,,,,,
影视,播放不是VIP的最强大脑第七季第十集,vod_keyword_search,vod_search,"{
""action"": ""play"",
""retext"": ""播放不是VIP的最强大脑第七季第十集"",
""query"": {
""and"": [
{
""field"": ""title"",
""value"": ""最强大脑""
},
{
""field"": ""is_fee"",
""value"": 0
},
{
""field"": ""series"",
""value"": 7
},
{
""field"": ""video_index"",
""value"": 10
}
]
}
}",,,,,,,,,,,,,,,
影视,找到人间世的纪录片全集,vod_keyword_search,vod_search,"{
""action"": ""search"",
""retext"": ""找到人间世的纪录片全集"",
""query"": {
""and"": [
{
""field"": ""title"",
""value"": ""人间世""
},
{
""field"": ""category"",
""value"": ""纪录片""
}
]
}
}",,,,,,,,,,,,,,,
影视,以家人之名DVD版,vod_keyword_search,vod_search,"{
""action"": ""search"",
""retext"": ""以家人之名dvd版"",
""query"": {
""and"": [
{
""field"": ""title"",
""value"": ""以家人之名""
},
{
""field"": ""tag"",
""value"": ""dvd版""
}
]
}
}",,,,,,,,,,,,,,,
影视,真人版的狐妖小红娘,vod_keyword_search,vod_search,"{
""action"": ""search"",
""retext"": ""真人版的狐妖小红娘"",
""query"": {
""and"": [
{
""field"": ""title"",
""value"": ""狐妖小红娘""
},
{
""field"": ""tag"",
""value"": ""真人版""
}
]
}
}",,,,,,,,,,,,,,,
影视,射雕英雄传八三版的,vod_vague_search,vod_fuzzy_search,"{""query"": ""射雕英雄传八三版的""}",,,,,,,,,,,,,,,
影视,小敏家TV版,vod_keyword_search,vod_search,"{
""action"": ""search"",
""retext"": ""小敏家TV版"",
""query"": {
""and"": [
{
""field"": ""title"",
""value"": ""小敏家""
},
{
""field"": ""tag"",
""value"": ""tv版""
}
]
}
}",,,,,,,,,,,,,,,
影视,老版上海滩,vod_keyword_search,vod_search,"{
""action"": ""search"",
""retext"": ""老版上海滩"",
""query"": {
""field"": ""title"",
""value"": ""上海滩""
}
}",,,,,,,,,,,,,,,
影视,我要看小兵张嘎高清版,vod_vague_search,vod_fuzzy_search,"{""query"": ""我要看小兵张嘎高清版""}",,,,,,,,,,,,,,,
影视,我想看戏曲铡美案,vod_keyword_search,vod_search,"{
""action"": ""play"",
""retext"": ""我想看戏曲铡美案"",
""query"": {
""and"": [
{
""field"": ""title"",
""value"": ""铡美案""
},
{
""field"": ""category"",
""value"": ""戏曲""
}
]
}
}",,,,,,,,,,,,,,,
影视,请播放秦腔三滴血,vod_keyword_search,vod_search,"{
""action"": ""play"",
""retext"": ""请播放秦腔三滴血"",
""query"": {
""and"": [
{
""field"": ""title"",
""value"": ""三滴血""
},
{
""field"": ""tag"",
""value"": ""秦腔""
}
]
}
}",,,,,,,,,,,,,,,
影视,专题片将改革进行到底,vod_keyword_search,vod_search,"{
""action"": ""search"",
""retext"": ""专题片将改革进行到底"",
""query"": {
""field"": ""title"",
""value"": ""将改革进行到底""
}
}",,,,,,,,,,,,,,,
影视,BBC纪录片,vod_keyword_search,vod_search_all,"{
""action"": ""search"",
""retext"": ""BBC纪录片"",
""query"": {
""and"": [
{
""field"": ""company"",
""value"": ""BBC""
},
{
""field"": ""category"",
""value"": ""纪录片""
}
]
}
}",,,,,,,,,,,,,,,
影视,湖南卫视出品的综艺,vod_keyword_search,vod_search_all,"{
""action"": ""search"",
""retext"": ""湖南卫视出品的综艺"",
""query"": {
""and"": [
{
""field"": ""channel"",
""value"": ""湖南卫视""
},
{
""field"": ""category"",
""value"": ""综艺""
}
]
}
}",,,,,,,,,,,,,,,
影视,正午阳光出品的电视剧,vod_vague_search,vod_search_all,"{
""action"": ""search"",
""retext"": ""正午阳光出品的电视剧"",
""query"": {
""and"": [
{
""field"": ""company"",
""value"": ""正午阳光""
},
{
""field"": ""category"",
""value"": ""电视剧""
}
]
}
}",,,,,,,,,,,,,,,
影视,我想看电视台同步在播的剧,vod_keyword_search,vod_search,"{
""action"": ""search"",
""retext"": ""我想看电视台同步在播的剧"",
""query"": {
""and"": [
{
""field"": ""category"",
""value"": ""电视剧""
},
{
""field"": ""is_over"",
""value"": 0
}
]
}
}",,,,,,,,,,,,,,,
影视,光线传媒2025年有哪些电影,vod_keyword_search,vod_search_all,"{
""action"": ""search"",
""retext"": ""光线传媒2025年有哪些电影"",
""query"": {
""and"": [
{
""field"": ""company"",
""value"": ""光线传媒""
},
{
""field"": ""category"",
""value"": ""电影""
},
{
""field"": ""release_time"",
""from"": ""20250101"",
""to"": ""20251231""
}
]
}
}",,,,,,,,,,,,,,,
影视,张艺谋导演的抗战片,vod_keyword_search,vod_search,"{
""action"": ""search"",
""retext"": ""张艺谋导演的抗战片"",
""query"": {
""and"": [
{
""field"": ""director"",
""value"": ""张艺谋""
},
{
""field"": ""category"",
""value"": ""电影""
},
{
""field"": ""tag"",
""value"": ""抗战""
}
]
}
}",,,,,,,,,,,,,,,
影视,查找斯皮尔伯格导演的电影,vod_keyword_search,vod_search,"{
""action"": ""search"",
""retext"": ""查找斯皮尔伯格导演的电影"",
""query"": {
""and"": [
{
""field"": ""director"",
""value"": ""斯皮尔伯格""
},
{
""field"": ""category"",
""value"": ""电影""
}
]
}
}",,,,,,,,,,,,,,,
影视,郑晓龙导演的古装剧,vod_keyword_search,vod_search,"{
""action"": ""search"",
""retext"": ""郑晓龙导演的古装剧"",
""query"": {
""and"": [
{
""field"": ""director"",
""value"": ""郑晓龙""
},
{
""field"": ""category"",
""value"": ""电视剧""
},
{
""field"": ""tag"",
""value"": ""古装""
}
]
}
}",,,,,,,,,,,,,,,
影视,陈晓卿导演的纪录片,vod_keyword_search,vod_search,"{
""action"": ""search"",
""retext"": ""陈晓卿导演的纪录片"",
""query"": {
""and"": [
{
""field"": ""director"",
""value"": ""陈晓卿""
},
{
""field"": ""category"",
""value"": ""纪录片""
}
]
}
}",,,,,,,,,,,,,,,
影视,TVB新剧,vod_keyword_search,vod_search_all,"{
""action"": ""search"",
""retext"": ""TVB新剧"",
""query"": {
""and"": [
{
""field"": ""company"",
""value"": ""tvb""
},
{
""field"": ""category"",
""value"": ""电视剧""
}
]
},
""sort"": {
""new"": {
""order"": ""desc""
}
}
}",,,,,,,,,,,,,,,
影视,我想看韩剧,vod_keyword_search,vod_search_all,"{
""action"": ""search"",
""retext"": ""我想看韩剧"",
""query"": {
""and"": [
{
""field"": ""area"",
""value"": ""韩国""
},
{
""field"": ""category"",
""value"": ""电视剧""
}
]
}
}",,,,,,,,,,,,,,,
影视,美国大片,vod_keyword_search,vod_search_all,"{
""action"": ""search"",
""retext"": ""美国大片"",
""query"": {
""and"": [
{
""field"": ""area"",
""value"": ""美国""
},
{
""field"": ""category"",
""value"": ""电影""
}
]
}
}",,,,,,,,,,,,,,,
影视,播放好莱坞电影,vod_keyword_search,vod_search_all,"{
""action"": ""play"",
""retext"": ""播放好莱坞电影"",
""query"": {
""and"": [
{
""field"": ""company"",
""value"": ""好莱坞""
},
{
""field"": ""category"",
""value"": ""电影""
}
]
}
}",,,,,,,,,,,,,,,
影视,港台电影,vod_keyword_search,vod_search_all,"{
""action"": ""search"",
""retext"": ""港台电影"",
""query"": {
""and"": [
{
""field"": ""area"",
""values"": [
""香港"",
""台湾""
],
""operator"": ""or""
},
{
""field"": ""category"",
""value"": ""电影""
}
]
}
}",,,,,,,,,,,,,,,
影视,台湾偶像剧,vod_keyword_search,vod_search_all,"{
""action"": ""search"",
""retext"": ""台湾偶像剧"",
""query"": {
""and"": [
{
""field"": ""area"",
""value"": ""台湾""
},
{
""field"": ""category"",
""value"": ""电视剧""
},
{
""field"": ""tag"",
""value"": ""偶像""
}
]
}
}",,,,,,,,,,,,,,,
影视,美国科幻电影,vod_keyword_search,vod_search_all,"{
""action"": ""search"",
""retext"": ""美国科幻电影"",
""query"": {
""and"": [
{
""field"": ""area"",
""value"": ""美国""
},
{
""field"": ""category"",
""value"": ""电影""
},
{
""field"": ""tag"",
""value"": ""科幻""
}
]
}
}",,,,,,,,,,,,,,,
影视,好看的内地恋爱综艺,"vod_quality_search（优质媒资意图，当语料中没有显示出明显的排序维度但是要求优质媒资时进入此意图  如包含：口碑好、值得看、必看、高品质、经典、好看
的、耐看的）",vod_search_all,"{
""action"": ""search"",
""retext"": ""好看的内地恋爱综艺"",
""query"": {
""and"": [
{
""field"": ""area"",
""value"": ""内地""
},
{
""field"": ""category"",
""value"": ""综艺""
},
{
""field"": ""tag"",
""value"": ""恋爱体验""
}
]
},
""sort"": {
""hot"": {
""order"": ""desc""
}
}
}",,,,,,,,,,,,,,,
影视,我要看免费的影片,vod_keyword_search,vod_search,"{
""action"": ""search"",
""retext"": ""我要看免费的影片"",
""query"": {
""and"": [
{
""field"": ""category"",
""value"": ""电影""
},
{
""field"": ""is_fee"",
""value"": 0
}
]
}
}",,,,,,,,,,,,,,,
影视,免费又好看的电视剧,"vod_quality_search（优质媒资意图，当语料中没有显示出明显的排序维度但是要求优质媒资时进入此意图  如包含：口碑好、值得看、必看、高品质、经典、好看
的、耐看的）",vod_search,"{
""action"": ""search"",
""retext"": ""免费又好看的电视剧"",
""query"": {
""and"": [
{
""field"": ""category"",
""value"": ""电视剧""
},
{
""field"": ""is_fee"",
""value"": 0
}
]
},
""sort"": {
""hot"": {
""order"": ""desc""
}
}
}",,,,,,,,,,,,,,,
影视,播放不要VIP的鬼片儿,vod_keyword_search,vod_search,"{
""action"": ""play"",
""retext"": ""播放不要VIP的鬼片儿"",
""query"": {
""and"": [
{
""field"": ""category"",
""value"": ""电影""
},
{
""field"": ""tag"",
""value"": ""恐怖""
},
{
""field"": ""is_fee"",
""value"": 0
}
]
}
}",,,,,,,,,,,,,,,
影视,不用花钱就能看的连续剧,vod_keyword_search,vod_search,"{
""action"": ""search"",
""retext"": ""不用花钱就能看的连续剧"",
""query"": {
""and"": [
{
""field"": ""category"",
""value"": ""电视剧""
},
{
""field"": ""is_fee"",
""value"": 0
}
]
}
}",,,,,,,,,,,,,,,
影视,帮我放VIP能看的电影,vod_keyword_search,vod_search,"{
""action"": ""play"",
""retext"": ""帮我放VIP能看的电影"",
""query"": {
""and"": [
{
""field"": ""category"",
""value"": ""电影""
},
{
""field"": ""is_fee"",
""value"": 1
}
]
}
}",,,,,,,,,,,,,,,
影视,VIP的视频,vod_keyword_search,vod_search,"{
""action"": ""search"",
""retext"": ""VIP的视频"",
""query"": {
""and"": [
{
""field"": ""category"",
""values"": [""电影"", ""电视剧""],
""operator"": ""or""
},
{
""field"": ""is_fee"",
""value"": 1
}
]
}
}",,,,,,,,,,,,,,,
影视,会员电影,vod_keyword_search,vod_search,"{
""action"": ""search"",
""retext"": ""会员电影"",
""query"": {
""and"": [
{
""field"": ""category"",
""value"": ""电影""
},
{
""field"": ""is_fee"",
""value"": 1
}
]
}
}",,,,,,,,,,,,,,,
影视,奥斯卡获奖的影片,vod_keyword_search,vod_search,"{
""action"": ""search"",
""retext"": ""奥斯卡获奖的影片"",
""query"": {
""and"": [
{
""field"": ""prize"",
""value"": ""奥斯卡""
},
{
""field"": ""category"",
""value"": ""电影""
}
]
}
}",,,,,,,,,,,,,,,
影视,获得香港电影金像奖的电影,vod_keyword_search,vod_search,"{
  ""action"": ""search"",
  ""retext"": ""获得香港电影金像奖的电影"",
  ""query"": {
    ""and"": [
      {
        ""field"": ""prize"",
        ""value"": ""香港电影金像奖""
      },
      {
        ""field"": ""category"",
        ""value"": ""电影""
      }
    ]
  }
}



或者



{
  ""action"": ""search"",
  ""retext"": ""获得香港电影金像奖的电影"",
  ""query"": {
    ""and"": [
      {
        ""field"": ""prize"",
        ""value"": ""金像奖""
      },
      {
        ""field"": ""category"",
        ""value"": ""电影""
      }
    ]
  }
}",,,,,,,,,,,,,,,
影视,金鹰奖获的奖电视剧,vod_keyword_search,vod_search,"{
""action"": ""search"",
""retext"": ""金鹰奖获的奖电视剧"",
""query"": {
""and"": [
{
""field"": ""prize"",
""value"": ""金鹰奖""
},
{
""field"": ""category"",
""value"": ""电视剧""
}
]
}
}",,,,,,,,,,,,,,,
影视,有许三多的那部电视剧,vod_keyword_search,vod_search,"{
""action"": ""search"",
""retext"": ""有许三多的那部电视剧"",
""query"": {
""and"": [
{
""field"": ""role"",
""value"": ""许三多""
},
{
""field"": ""category"",
""value"": ""电视剧""
}
]
}
}",,,,,,,,,,,,,,,
影视,搜索詹姆斯·邦德的电影,vod_keyword_search,vod_search,"{
""action"": ""search"",
""retext"": ""搜索詹姆斯·邦德的电影"",
""query"": {
""and"": [
{
""field"": ""role"",
""value"": ""詹姆斯·邦德""
},
{
""field"": ""category"",
""value"": ""电影""
}
]
}
}

修改为
{
""action"": ""search"",
""retext"": ""搜索詹姆斯邦德的电影"",
""query"": {
""and"": [
{
""field"": ""role"",
""value"": ""詹姆斯邦德""
},
{
""field"": ""category"",
""value"": ""电影""
}
]
}
}",,不合理,"改写补全会去除标点，应为{""retext"": ""搜索詹姆斯邦德的电影"", ""action"": ""search"", ""query"": {""and"": [{""field"": ""role"", ""value"": ""詹姆斯邦德""}, {""field"": ""category"", ""value"": ""电影""}]}}",应为詹姆斯邦德,,,,,,,,,,,
影视,播放吴石将军的电视剧,vod_keyword_search,vod_search,"{
""action"": ""play"",
""retext"": ""播放吴石将军的电视剧"",
""query"": {
""and"": [
{
""field"": ""role"",
""value"": ""吴石将军""
},
{
""field"": ""category"",
""value"": ""电视剧""
}
]
}
}",,,,,,,,,,,,,,,
影视,打开要会员的电视剧,vod_vague_search,vod_search,"{
""action"": ""play"",
""retext"": ""打开要会员的电视剧"",
""query"": {
""and"": [
{
""field"": ""category"",
""value"": ""电视剧""
},
{
""field"": ""is_fee"",
""value"": 1
}
]
}
}",,,,,,,,,,,,,,,
影视,综艺节目,vod_keyword_search,vod_search,"{
""action"": ""search"",
""retext"": ""综艺节目"",
""query"": {
""field"": ""category"",
""value"": ""综艺""
}
}",,,,,,,,,,,,,,,
影视,看免费恐怖悬疑电影,vod_keyword_search,vod_search,"{
""action"": ""play"",
""retext"": ""看免费恐怖悬疑电影"",
""query"": {
""and"": [
{
""field"": ""category"",
""value"": ""电影""
},
{
""field"": ""tag"",
""values"": [
""恐怖"",
""悬疑""
],
""operator"": ""and""
},
{
""field"": ""is_fee"",
""value"": 0
}
]
}
}",,,,,,,,,,,,,,,
影视,最新抗日电影,vod_keyword_search,vod_search,"{
""action"": ""search"",
""retext"": ""最新抗日电影"",
""query"": {
""and"": [
{
""field"": ""category"",
""value"": ""电影""
},
{
""field"": ""tag"",
""value"": ""抗日""
}
]
},
""sort"": {
""new"": {
""order"": ""desc""
}
}
}",,,,,,,,,,,,,,,
影视,播放言情剧,vod_keyword_search,vod_search,"{
""action"": ""play"",
""retext"": ""播放言情剧"",
""query"": {
""and"": [
{
""field"": ""category"",
""value"": ""电视剧""
},
{
""field"": ""tag"",
""value"": ""言情""
}
]
}
}",,,,,,,,,,,,,,,
影视,播放仙侠电视剧,vod_keyword_search,vod_search,"{
""action"": ""play"",
""retext"": ""播放仙侠电视剧"",
""query"": {
""and"": [
{
""field"": ""category"",
""value"": ""电视剧""
},
{
""field"": ""tag"",
""value"": ""仙侠""
}
]
}
}",,,,,,,,,,,,,,,
影视,我想看相声喜剧,vod_keyword_search,vod_search,"{
  ""action"": ""play"",
  ""retext"": ""我想看相声喜剧"",
  ""query"": {
    ""field"": ""tag"",
    ""values"": ""相声""
  }
}

或者


  ""action"": ""play"",
  ""retext"": ""我想看相声喜剧"",
  ""query"": {
    ""field"": ""tag"",
    ""values"": ""相声喜剧""
  }
}",,,,,,,,,,,,,,,
影视,播安徽民间小调,vod_keyword_search,vod_search,"{
""action"": ""play"",
""retext"": ""播安徽民间小调"",
""query"": {
""field"": ""title"",
""value"": ""安徽民间小调""
}
}",,,,,,,,,,,,,,,
影视,我要看免费的打仗的电视剧,vod_keyword_search,vod_search,"{
""action"": ""search"",
""retext"": ""我要看免费的打仗的电视剧"",
""query"": {
""and"": [
{
""field"": ""category"",
""value"": ""电视剧""
},
{
""field"": ""tag"",
""value"": ""战争""
},
{
""field"": ""is_fee"",
""value"": 0
}
]
}
}",,,,,,,,,,,,,,,
影视,香港破案片,vod_keyword_search,vod_search_all,"{
""action"": ""search"",
""retext"": ""香港破案片"",
""query"": {
""and"": [
{
""field"": ""area"",
""value"": ""香港""
},
{
""field"": ""category"",
""value"": ""电影""
},
{
""field"": ""tag"",
""value"": ""破案""
}
]
}
}",,,,,,,,,,,,,,,
影视,最近的免费缉毒电视剧,vod_keyword_search,vod_search,"{
""action"": ""search"",
""retext"": ""最近的免费缉毒电视剧"",
""query"": {
""and"": [
{
""field"": ""category"",
""value"": ""电视剧""
},
{
""field"": ""tag"",
""value"": ""缉毒""
},
{
""field"": ""is_fee"",
""value"": 0
}
]
},
""sort"": {
""new"": {
""order"": ""desc""
}
}
}",,,,,,,,,,,,,,,
影视,播放高评分电视剧,vod_keyword_search,vod_search,"{
""action"": ""play"",
""retext"": ""播放高评分电视剧"",
""query"": {
""field"": ""category"",
""value"": ""电视剧""
},
""sort"": {
""rate"": {
""order"": ""desc""
}
}
}",,,,,,,,,,,,,,,
影视,豆瓣7分以上的电视剧,vod_keyword_search,vod_search,"{
""action"": ""search"",
""retext"": ""豆瓣7分以上的电视剧"",
""query"": {
""and"": [
{
""field"": ""category"",
""value"": ""电视剧""
},
{
""field"": ""rate"",
""from"": 7.0,
""to"": 10.0
}
]
}
}",,,,,,,,,,,,,,,
影视,看免费高分综艺,vod_keyword_search,vod_search,"{
""action"": ""search"",
""retext"": ""看免费高分综艺"",
""query"": {
""and"": [
{
""field"": ""category"",
""value"": ""综艺""
},
{
""field"": ""is_fee"",
""value"": 0
}
]
},
""sort"": {
""rate"": {
""order"": ""desc""
}
}
}",,,,,,,,,,,,,,,
影视,豆瓣高于8分的电影,vod_keyword_search,vod_search,"{
""action"": ""search"",
""retext"": ""豆瓣高于8分的电影"",
""query"": {
""and"": [
{
""field"": ""category"",
""value"": ""电影""
},
{
""field"": ""rate"",
""from"": 8.0,
""to"": 10.0
}
]
}
}",,,,,,,,,,,,,,,
影视,最新的豆瓣评分高的电视剧,vod_keyword_search,vod_search,"{
""action"": ""search"",
""retext"": ""最新的豆瓣评分高的电视剧"",
""query"": {
""field"": ""category"",
""value"": ""电视剧""
},
""sort"": {
""new"": {
""order"": ""desc""
},
""rate"": {
""order"": ""desc""
}
}
}",,,,,,,,,,,,,,,
影视,刘德华豆瓣评分高的电影,vod_keyword_search,vod_search,"{
""action"": ""search"",
""retext"": ""刘德华豆瓣评分高的电影"",
""query"": {
""and"": [
{
""field"": ""actor"",
""value"": ""刘德华""
},
{
""field"": ""category"",
""value"": ""电影""
}
]
},
""sort"": {
""rate"": {
""order"": ""desc""
}
}
}",,,,,,,,,,,,,,,
影视,评分在8.5到9分之间的影片,vod_keyword_search,vod_search,"{
""action"": ""search"",
""retext"": ""评分在8.5到9分之间的影片"",
""query"": {
""and"": [
{
""field"": ""category"",
""value"": ""电影""
},
{
""field"": ""rate"",
""from"": 8.5,
""to"": 9.0
}
]
}
}",,,,,,,,,,,,,,,
影视,搜索newtv极光的白日提灯,vod_keyword_search,vod_search_all,"{
""action"": ""search"",
""retext"": ""搜索newtv极光的白日提灯"",
""query"": {
""and"": [
{
""field"": ""title"",
""value"": ""白日提灯""
},
{
""field"": ""vender_name"",
""value"": ""newtv极光""
}
]
}
}",,,,,,,,,,,,,,,
影视,在爱奇艺里面播放人世间,vod_keyword_search,vod_search_all,"{
""action"": ""play"",
""retext"": ""在爱奇艺里面播放人世间"",
""query"": {
""and"": [
{
""field"": ""title"",
""value"": ""人世间""
},
{
""field"": ""vender_name"",
""value"": ""爱奇艺""
}
]
}
}",,,,,,,,,,,,,,,
影视,芒果TV新上的综艺,vod_keyword_search,vod_search_all,"{
""action"": ""search"",
""retext"": ""芒果TV新上的综艺"",
""query"": {
""and"": [
{
""field"": ""vender_name"",
""value"": ""芒果tv""
},
{
""field"": ""category"",
""value"": ""综艺""
}
]
},
""sort"": {
""new"": {
""order"": ""desc""
}
}
}",,,,,,,,,,,,,,,
影视,搜索浙江卫视的王牌对王牌,vod_keyword_search,vod_search_all,"{
""action"": ""search"",
""retext"": ""搜索浙江卫视的王牌对王牌"",
""query"": {
""and"": [
{
""field"": ""title"",
""value"": ""王牌对王牌""
},
{
""field"": ""channel"",
""value"": ""浙江卫视""
}
]
}
}",,,,,,,,,,,,,,,
影视,收看湖南卫视的乘风破浪的姐姐,vod_keyword_search,vod_search_all,"{
""action"": ""play"",
""retext"": ""收看湖南卫视的乘风破浪的姐姐"",
""query"": {
""and"": [
{
""field"": ""title"",
""value"": ""乘风破浪的姐姐""
},
{
""field"": ""channel"",
""value"": ""湖南卫视""
}
]
}
}",,,,,,,,,,,,,,,
影视,放中央一台连续剧,vod_keyword_search,vod_search_all,"{
""action"": ""play"",
""retext"": ""放中央一台连续剧"",
""query"": {
""and"": [
{
""field"": ""channel"",
""value"": ""中央一台""
},
{
""field"": ""category"",
""value"": ""电视剧""
}
]
}
}",,,,,,,,,,,,,,,
影视,播放山东卫视的电视剧,vod_keyword_search,vod_search_all,"{
""action"": ""play"",
""retext"": ""播放山东卫视的电视剧"",
""query"": {
""and"": [
{
""field"": ""channel"",
""value"": ""山东卫视""
},
{
""field"": ""category"",
""value"": ""电视剧""
}
]
}
}",,,,,,,,,,,,,,,
影视,4K的外国电影,vod_keyword_search,vod_search_all,"{
""action"": ""search"",
""retext"": ""4K的外国电影"",
""query"": {
""and"": [
{
""field"": ""definition"",
""value"": ""is_4k""
},
{
""field"": ""area"",
""value"": ""外国""
},
{
""field"": ""category"",
""value"": ""电影""
}
]
}
}",,,,,,,,,,,,,,,
影视,杜比全景声的电影,vod_keyword_search,vod_search_all,"{
""action"": ""search"",
""retext"": ""杜比全景声的电影"",
""query"": {
""and"": [
{
""field"": ""sound"",
""value"": ""杜比全景声""
},
{
""field"": ""category"",
""value"": ""电影""
}
]
}
}",,,,,,,,,,,,,,,
影视,打开3d视频,vod_keyword_search,vod_search,"{
""action"": ""play"",
""retext"": ""打开3d视频"",
""query"": {
""field"": ""definition"",
""value"": ""is_3d""
}
}",,,,,,,,,,,,,,,
影视,3d版 电影,vod_keyword_search,vod_search,"{
""action"": ""search"",
""retext"": ""3d版 电影"",
""query"": {
""and"": [
{
""field"": ""definition"",
""value"": ""is_3d""
},
{
""field"": ""category"",
""value"": ""电影""
}
]
}
}",,,,,,,,,,,,,,,
影视,郭德纲儿子最近上的一部剧,vod_keyword_search,vod_search,"{
""action"": ""search"",
""retext"": ""郭德纲儿子最近上的一部剧"",
""query"": {
""and"": [
{
""field"": ""actor"",
""value"": ""郭麒麟""
},
{
""field"": ""category"",
""value"": ""电视剧""
}
]
},
""sort"": {
""new"": {
""order"": ""desc""
}
}
}",,,,,,,,,,,,,,,
影视,我想看邓超的电影,vod_keyword_search,vod_search,"{
""action"": ""search"",
""retext"": ""我想看邓超的电影"",
""query"": {
""and"": [
{
""field"": ""actor"",
""value"": ""邓超""
},
{
""field"": ""category"",
""value"": ""电影""
}
]
}
}",,存疑,涉及关系指代的建议先不放在评测集内,语料修改 了,,,,,,,,,,,
影视,八十年代的武侠片,vod_keyword_search,vod_search,"{
""action"": ""search"",
""retext"": ""八十年代的武侠片"",
""query"": {
""and"": [
{
""field"": ""release_time"",
""from"": ""19800101"",
""to"": ""19891231""
},
{
""field"": ""category"",
""value"": ""电影""
},
{
""field"": ""tag"",
""value"": ""武侠""
}
]
}
}",,,,,,,,,,,,,,,
影视,我想看北美2006年上映电影,vod_keyword_search,vod_search_all,"{
""action"": ""search"",
""retext"": ""我想看北美2006年上映电影"",
""query"": {
""and"": [
{
""field"": ""area"",
""value"": ""北美""
},
{
""field"": ""release_time"",
""from"": ""20060101"",
""to"": ""20061231""
},
{
""field"": ""category"",
""value"": ""电影""
}
]
}
}",,,,,,,,,,,,,,,
影视,方中信90年代的电影,vod_keyword_search,vod_search,"{
""action"": ""search"",
""retext"": ""方中信90年代的电影"",
""query"": {
""and"": [
{
""field"": ""actor"",
""value"": ""方中信""
},
{
""field"": ""release_time"",
""from"": ""19900101"",
""to"": ""19991231""
},
{
""field"": ""category"",
""value"": ""电影""
}
]
}
}",,,,,,,,,,,,,,,
影视,付费才能看的电视剧,vod_qa（问答类语料）,vod_search,"{
  ""action"": ""search"",
  ""retext"": ""付费才能看的电视剧"",
  ""query"": {
    ""and"": [
      {
        ""field"": ""category"",
        ""value"": ""电视剧""
      },
      {
        ""field"": ""is_fee"",
        ""value"": 1
      }
    ]
  }
}",,,,,,,,,,,,,,,
影视,90年代的香港免费武侠电视剧,vod_keyword_search,vod_search_all,"{
""action"": ""search"",
""retext"": ""90年代的香港免费武侠电视剧"",
""query"": {
""and"": [
{
""field"": ""release_time"",
""from"": ""19900101"",
""to"": ""19991231""
},
{
""field"": ""area"",
""value"": ""香港""
},
{
""field"": ""is_fee"",
""value"": 0
},
{
""field"": ""tag"",
""value"": ""武侠""
},
{
""field"": ""category"",
""value"": ""电视剧""
}
]
}
}",,,,,,,,,,,,,,,
影视,高分的欧美爱情电影,vod_keyword_search,vod_search_all,"{
""action"": ""search"",
""retext"": ""高分的欧美爱情电影"",
""query"": {
""and"": [
{
""field"": ""area"",
""value"": ""欧美""
},
{
""field"": ""tag"",
""value"": ""爱情""
},
{
""field"": ""category"",
""value"": ""电影""
}
]
},
""sort"": {
""rate"": {
""order"": ""desc""
}
}
}",,,,,,,,,,,,,,,
影视,赵文卓参演的香港武侠片,vod_keyword_search,vod_search_all,"{
""action"": ""search"",
""retext"": ""赵文卓参演的香港武侠片"",
""query"": {
""and"": [
{
""field"": ""actor"",
""value"": ""赵文卓""
},
{
""field"": ""area"",
""value"": ""香港""
},
{
""field"": ""tag"",
""value"": ""武侠""
},
{
""field"": ""category"",
""value"": ""电影""
}
]
}
}",,,,,,,,,,,,,,,
影视,去年大陆的纪录片,vod_keyword_search,vod_search_all,"{
""action"": ""search"",
""retext"": ""去年大陆的纪录片"",
""query"": {
""and"": [
{
""field"": ""release_time"",
""from"": ""20250101"",
""to"": ""20251231""
},
{
""field"": ""area"",
""value"": ""大陆""
},
{
""field"": ""category"",
""value"": ""纪录片""
}
]
}
}",,,,,,,,,,,,,,,
影视,大型人文纪录片汉字五千年,vod_keyword_search,vod_search,"{
""action"": ""search"",
""retext"": ""大型人文纪录片汉字五千年"",
""query"": {
""and"": [
{
""field"": ""title"",
""value"": ""汉字五千年""
},
{
""field"": ""tag"",
""value"": ""人文""
},
{
""field"": ""category"",
""value"": ""纪录片""
}
]
}
}",,,,,,,,,,,,,,,
影视,今年播出的内地美食相关的纪录片,vod_keyword_search,vod_search_all,"{
""action"": ""search"",
""retext"": ""今年播出的内地美食相关的纪录片"",
""query"": {
""and"": [
{
""field"": ""release_time"",
""from"": ""20260101"",
""to"": ""20261231""
},
{
""field"": ""area"",
""value"": ""内地""
},
{
""field"": ""tag"",
""value"": ""美食""
},
{
""field"": ""category"",
""value"": ""纪录片""
}
]
}
}",,,,,,,,,,,,,,,
影视,汤姆克鲁斯主演的美国科幻片,vod_keyword_search,vod_search_all,"{
""action"": ""search"",
""retext"": ""汤姆克鲁斯主演的美国科幻片"",
""query"": {
""and"": [
{
""field"": ""actor"",
""value"": ""汤姆·克鲁斯""
},
{
""field"": ""area"",
""value"": ""美国""
},
{
""field"": ""tag"",
""value"": ""科幻""
},
{
""field"": ""category"",
""value"": ""电影""
}
]
}
}",,,,,,,,,,,,,,,
影视,马里奥毛瑞尔主演的泰国爱情喜剧电影,vod_keyword_search,vod_search_all,"{
""action"": ""search"",
""retext"": ""马里奥毛瑞尔主演的泰国爱情喜剧电影"",
""query"": {
""and"": [
{
""field"": ""actor"",
""value"": ""马里奥·毛瑞尔""
},
{
""field"": ""area"",
""value"": ""泰国""
},
{
""field"": ""tag"",
""values"": [
""爱情"",
""喜剧""
],
""operator"": ""and""
},
{
""field"": ""category"",
""value"": ""电影""
}
]
}
}",,,,,,,,,,,,,,,
影视,搜索2021年播出的韩国校园青春剧,vod_keyword_search,vod_search_all,"{
""action"": ""search"",
""retext"": ""搜索2021年播出的韩国校园青春剧"",
""query"": {
""and"": [
{
""field"": ""release_time"",
""from"": ""20210101"",
""to"": ""20211231""
},
{
""field"": ""area"",
""value"": ""韩国""
},
{
""field"": ""tag"",
""values"": [
""校园"",
""青春""
],
""operator"": ""and""
},
{
""field"": ""category"",
""value"": ""电视剧""
}
]
}
}",,,,,,,,,,,,,,,
影视,2016年章子怡拍的好莱坞电影,vod_keyword_search,vod_search_all,"{
""action"": ""search"",
""retext"": ""2016年章子怡拍的好莱坞电影"",
""query"": {
""and"": [
{
""field"": ""release_time"",
""from"": ""20160101"",
""to"": ""20161231""
},
{
""field"": ""actor"",
""value"": ""章子怡""
},
{
""field"": ""company"",
""value"": ""好莱坞""
},
{
""field"": ""category"",
""value"": ""电影""
}
]
}
}",,,,,,,,,,,,,,,
影视,小s和蔡康永一起主持的台湾综艺,vod_keyword_search,vod_search_all,"{
""action"": ""search"",
""retext"": ""小s和蔡康永一起主持的台湾综艺"",
""query"": {
""and"": [
{
""field"": ""hostess"",
""values"": [
""小S"",
""蔡康永""
],
""operator"": ""and""
},
{
""field"": ""area"",
""value"": ""台湾""
},
{
""field"": ""category"",
""value"": ""综艺""
}
]
}
}",,,,,,,,,,,,,,,
影视,免费的粤语电视剧,vod_keyword_search,vod_search_all,"{
""action"": ""search"",
""retext"": ""免费的粤语电视剧"",
""query"": {
""and"": [
{
""field"": ""is_fee"",
""value"": 0
},
{
""field"": ""language"",
""value"": ""粤语""
},
{
""field"": ""category"",
""value"": ""电视剧""
}
]
}
}",,,,,,,,,,,,,,,
影视,搜索方言的情景喜剧,vod_keyword_search,vod_search_all,"{
""action"": ""search"",
""retext"": ""搜索方言的情景喜剧"",
""query"": {
""and"": [
{
""field"": ""language"",
""value"": ""方言""
},
{
""field"": ""tag"",
""value"": ""情景喜剧""
}
]
}
}",,,,,,,,,,,,,,,
影视,小品小崔说事,vod_vague_search,vod_search,"{
""action"": ""search"",
""retext"": ""小品小崔说事"",
""query"": {
""and"": [
{
""field"": ""title"",
""value"": ""小崔说事""
},
{
""field"": ""tag"",
""value"": ""小品""
}
]
}
}",,,,,,,,,,,,,,,
影视,相声像我这样的人,vod_keyword_search,vod_search,"{
""action"": ""search"",
""retext"": ""相声像我这样的人"",
""query"": {
""and"": [
{
""field"": ""title"",
""value"": ""像我这样的人""
},
{
""field"": ""tag"",
""value"": ""相声""
}
]
}
}",,,,,,,,,,,,,,,
影视,赵丽蓉的小品打工奇遇,vod_keyword_search,vod_search,"{
""action"": ""search"",
""retext"": ""赵丽蓉的小品打工奇遇"",
""query"": {
""and"": [
{
""field"": ""title"",
""value"": ""打工奇遇""
},
{
""field"": ""actor"",
""value"": ""赵丽蓉""
},
{
""field"": ""tag"",
""value"": ""小品""
}
]
}
}",,,,,,,,,,,,,,,
影视,漩涡视频,vod_keyword_search,vod_search,"{
""action"": ""search"",
""retext"": ""漩涡视频"",
""query"": {
""field"": ""title"",
""value"": ""漩涡""
}
}",,,,,,,,,,,,,,,
影视,我想看电影长安的荔枝3分09秒的全屏,vod_keyword_search,vod_search,"{
""action"": ""play"",
""retext"": ""我想看电影长安的荔枝3分09秒的全屏"",
""query"": {
""and"": [
{
""field"": ""title"",
""value"": ""长安的荔枝""
},
{
""field"": ""category"",
""value"": ""电影""
},
{
""field"": ""voiceStartPos"",
""value"": 189
}
]
}
}",,,,,,,,,,,,,,,
影视,播放深情眼泰语版,vod_vague_search,vod_search_all,"{
""action"": ""play"",
""retext"": ""播放深情眼泰语版"",
""query"": {
""and"": [
{
""field"": ""title"",
""value"": ""深情眼""
},
{
""field"": ""language"",
""value"": ""泰语""
}
]
}
}",,,,,,,,,,,,,,,
影视,找还在更新中的电视剧,vod_keyword_search,vod_search,"{
""action"": ""search"",
""retext"": ""找还在更新中的电视剧"",
""query"": {
""and"": [
{
""field"": ""is_over"",
""value"": 0
},
{
""field"": ""category"",
""value"": ""电视剧""
}
]
}
}",,,,,,,,,,,,,,,
影视,已完结的电视剧,vod_keyword_search,vod_search,"{
  ""action"": ""search"",
  ""retext"": ""找还在更新中的电视剧"",
  ""query"": {
    ""and"": [
      {
        ""field"": ""is_over"",
        ""value"": 1
      },
      {
        ""field"": ""category"",
        ""value"": ""电视剧""
      }
    ]
  }
}",,,,,,,,,,,,,,,
影视,我想看电影，不要刘德华的，不要香港的，不要动作的,vod_keyword_search,vod_search_all,"{
""action"": ""search"",
""retext"": ""我想看电影，不要刘德华的，不要香港的，不要动作的"",
""query"": {
""and"": [
{
""field"": ""category"",
""value"": ""电影""
},
{
""not"": {
""or"": [
{
""field"": ""actor"",
""value"": ""刘德华""
},
{
""field"": ""area"",
""value"": ""香港""
},
{
""field"": ""tag"",
""value"": ""动作""
}
]
}
}
]
}
}",,,,,,,,,,,,,,,
影视,我们的当打之年花絮,vod_keyword_search,vod_search,"{
""action"": ""search"",
""retext"": ""我们的当打之年花絮"",
""query"": {
""and"": [
{
""field"": ""title"",
""value"": ""我们的当打之年""
},
{
""field"": ""category"",
""value"": ""花絮""
}
]
}
}

修改为
{
""action"": ""search"",
""retext"": ""我们的当打之年花絮"",
""query"": {
""and"": [
{
""field"": ""title"",
""value"": ""我们的当打之年""
},
{
""field"": ""category"",
""value"": ""片花""
}
]
}
}"," ",不合理,category无花絮枚举值，合并到片花中,花絮使用categroy 片花,,,,,,,,,,,
影视,辩论赛经典视频,vod_vague_search,vod_search,"{
""action"": ""search"",
""retext"": ""辩论赛经典视频"",
""query"": {

""field"": ""tag"",
""value"": ""辩论""

}
}",,,,,,,,,,,,,,,
影视,适合10到14岁看的纪录片,vod_keyword_search,vod_search,"{
""action"": ""search"",
""retext"": ""适合10到14岁看的纪录片"",
""query"": {
""and"": [
{
""field"": ""age_range"",
""from"": 10,
""to"": 14
},
{
""field"": ""category"",
""value"": ""纪录片""
}
]
}
}",,,,,,,,,,,,,,,
影视,笑果文化的脱口秀节目,vod_vague_search,vod_search_all,"{
""action"": ""search"",
""retext"": ""笑果文化的脱口秀节目"",
""query"": {
""and"": [
{
""field"": ""comedy_brand"",
""value"": ""笑果文化""
},
{
""field"": ""tag"",
""value"": ""脱口秀""
},
{
""field"": ""category"",
""value"": ""综艺""
}
]
}
}",,,,,,,,,,,,,,,
影视,获得白玉兰奖最佳女主角的电视剧,vod_keyword_search,vod_search_all,"{
""action"": ""search"",
""retext"": ""获得白玉兰奖最佳女主角的电视剧"",
""query"": {
""and"": [
{
""field"": ""prize"",
""value"": ""白玉兰奖""
},
{
""field"": ""sub_prize"",
""value"": ""最佳女主角""
},
{
""field"": ""category"",
""value"": ""电视剧""
}
]
}
}",,,,,,,,,,,,,,,
影视,获得香港金像奖最佳男主角的影片,vod_vague_search,vod_search_all,"{
""action"": ""search"",
""retext"": ""获得香港金像奖最佳男主角的影片"",
""query"": {
""and"": [
{
""field"": ""prize"",
""value"": ""香港电影金像奖""
},
{
""field"": ""sub_prize"",
""value"": ""最佳男主角""
},
{
""field"": ""category"",
""value"": ""电影""
}
]
}
}",,,,,,,,,,,,,,,
影视,和甄嬛传类似的电视剧,vod_relate_recommend,vod_relate_search,"{
""query"": {
""and"": [
{
""field"": ""title"",
""value"": ""甄嬛传""
},
{
""field"": ""category"",
""value"": ""电视剧""
}
]
}
}",,,,,,,,,,,,,,,
影视,跟《大染坊》系列类似的电视剧,vod_relate_recommend,vod_relate_search,"{
""query"": {
""and"": [
{
""field"": ""title"",
""value"": ""大染坊""
},
{
""field"": ""category"",
""value"": ""电视剧""
}
]
}
}",,,,,,,,,,,,,,,
影视,类似《赘婿》的剧,vod_relate_recommend,vod_relate_search,"{
""query"": {
""and"": [
{
""field"": ""title"",
""value"": ""赘婿""
},
{
""field"": ""category"",
""value"": ""电视剧""
}
]
}
}",,,,,,,,,,,,,,,
影视,有没有类似盗梦空间的电影,vod_relate_recommend,vod_relate_search,"{
""query"": {
""and"": [
{
""field"": ""title"",
""value"": ""盗梦空间""
},
{
""field"": ""category"",
""value"": ""电影""
}
]
}
}",,,,,,,,,,,,,,,
影视,推荐跟冰雪奇缘相近的影片,vod_relate_recommend,vod_relate_search,"{
""query"": {
""and"": [
{
""field"": ""title"",
""value"": ""冰雪奇缘""
},
{
""field"": ""category"",
""value"": ""电影""
}
]
}
}",,,,,,,,,,,,,,,
影视,根据我的兴趣推荐几部剧,vod_personalized_recommend,vod_personalized_search,"{""category"":""电视剧""}",,,,,,,,,,,,,,,
影视,结合我的喜好推荐电视剧,vod_personalized_recommend,vod_personalized_search,"{""category"":""电视剧""}",,,,,,,,,,,,,,,
影视,帮我找符合我偏好的电视剧,vod_personalized_recommend,vod_personalized_search,"{""category"":""电视剧""}",,,,,,,,,,,,,,,
影视,按我的口味推荐电影,vod_personalized_recommend,vod_personalized_search,"{""category"":""电影""}",,,,,,,,,,,,,,,
影视,请根据我的喜好，来给我推荐影片,vod_personalized_recommend,vod_personalized_search,"{""category"":""电影""}",,,,,,,,,,,,,,,
影视,大家都在看的热门剧推荐一下,vod_vague_search,vod_search,"{
""action"": ""search"",
""retext"": ""大家都在看的热门剧推荐一下"",
""query"": {
""field"": ""category"",
""value"": ""电视剧""
},
""sort"": {
""hot"": {
""order"": ""desc""
}
}
}",,,,,,,,,,,,,,,
影视,最近看过的电视剧,vod_history,vod_history,"{""category"": ""电视剧""}",,,,,,,,,,,,,,,
影视,播放刚才看的电影,vod_history,vod_history,"{
""category"": ""电影""
}",,,,,,,,,,,,,,,
影视,继续播我上一次看的电影,vod_history,vod_history,"{
""category"": ""电影""
}",,,,,,,,,,,,,,,
影视,播放昨天的纪录片,vod_history,vod_history,"{
  ""category"": ""纪录片"",
  ""time"": ""2026-08-23 00:00:00 TO 2026-08-23 23:59:59""
}",,,,,,,,,,,,,,,
影视,打开我近期播过的综艺节目,vod_history,vod_history,"{""category"": ""综艺""}",,,,,,,,,,,,,,,
影视,刘德华友情出演的影片,vod_keyword_search,vod_search,"{
""action"": ""search"",
""retext"": ""刘德华友情出演的影片"",
""query"": {
""and"": [
{
""field"": ""actor"",
""value"": ""刘德华""
},
{
""field"": ""category"",
""value"": ""电影""
}
]
}
}",,,,,,,,,,,,,,,
影视,改编自莫言小说的电影,vod_keyword_search,vod_search_all,"{
""action"": ""search"",
""retext"": ""改编自莫言小说的电影"",
""query"": {
""and"": [
{
""field"": ""writer"",
""value"": ""莫言""
},
{
""field"": ""creation_source"",
""value"": ""小说改编""
},
{
""field"": ""category"",
""value"": ""电影""
}
]
}
}",,,,,,,,,,,,,,,
影视,金庸小说改编的电视剧,vod_keyword_search,vod_search_all,"{
""action"": ""search"",
""retext"": ""金庸小说改编的电视剧"",
""query"": {
""and"": [
{
""field"": ""writer"",
""value"": ""金庸""
},
{
""field"": ""creation_source"",
""value"": ""小说改编""
},
{
""field"": ""category"",
""value"": ""电视剧""
}
]
}
}",,,,,,,,,,,,,,,
影视,高满堂编剧的电视剧,vod_keyword_search,vod_search_all,"{
""action"": ""search"",
""retext"": ""高满堂编剧的电视剧"",
""query"": {
""and"": [
{
""field"": ""writer"",
""value"": ""高满堂""
},
{
""field"": ""category"",
""value"": ""电视剧""
}
]
}
}",,,,,,,,,,,,,,,
影视,季冠霖配音的电视剧有哪些,vod_keyword_search,vod_search_all,"{
""action"": ""search"",
""retext"": ""季冠霖配音的电视剧有哪些"",
""query"": {
""and"": [
{
""field"": ""dubbing"",
""value"": ""季冠霖""
},
{
""field"": ""category"",
""value"": ""电视剧""
}
]
}
}",,,,,,,,,,,,,,,
影视,搜索金秀贤、金智媛短视频,vod_shortvideo,vod_search,"{
""action"": ""search"",
""retext"": ""搜索金秀贤、金智媛短视频"",
""query"": {
""and"": [
{
""field"": ""actor"",
""values"": [
""金秀贤"",
""金智媛""
],
""operator"": ""or""
},
{
""field"": ""category"",
""value"": ""短视频""
}
]
}
}",,,,,,,,,,,,,,,
影视,我想看视频,vod_vague_search,vod_fuzzy_search,"{""query"": ""我想看视频""}",,,,,,,,,,,,,,,
影视,我要看免费的战斗故事片,vod_vague_search,vod_fuzzy_search,"{""query"": ""我要看免费的战斗故事片""}",,,,,,,,,,,,,,,
影视,快板表演视频,vod_vague_search,vod_fuzzy_search,"{""query"": ""快板表演视频""}",,,,,,,,,,,,,,,
影视,超高清电视节目,vod_vague_search,vod_fuzzy_search,"{""query"": ""超高清电视节目""}",,,,,,,,,,,,,,,
影视,全景拍摄的电影,vod_vague_search,vod_fuzzy_search,"{""query"": ""全景拍摄的电影""}",,,,,,,,,,,,,,,
影视,推荐一些适合心情低落时观看的电影吧,vod_vague_search,vod_fuzzy_search,"{""query"": ""推荐一些适合心情低落时观看的电影吧""}",,,,,,,,,,,,,,,
影视,找几部能缓解工作压力的电影吧,vod_vague_search,vod_fuzzy_search,"{""query"": ""找几部能缓解工作压力的电影吧""}",,,,,,,,,,,,,,,
影视,找一些长辈爱看的影视剧,vod_vague_search,vod_fuzzy_search,"{""query"": ""找一些长辈爱看的影视剧""}",,,,,,,,,,,,,,,
影视,适合全家人一起看的电视剧,vod_vague_search,vod_fuzzy_search,"{""query"": ""适合全家人一起看的电视剧""}",,,,,,,,,,,,,,,
影视,适合女生看的电影,vod_vague_search,vod_fuzzy_search,"{""query"": ""适合女生看的电影""}",,,,,,,,,,,,,,,
影视,适合孕期看的开心电影或电视剧,vod_vague_search,vod_fuzzy_search,"{""query"": ""适合孕期看的开心电影或电视剧""}",,,,,,,,,,,,,,,
影视,有没有适合单身看的电影,vod_vague_search,vod_fuzzy_search,"{""query"": ""有没有适合单身看的电影""}",,,,,,,,,,,,,,,
影视,推荐点好看的,vod_vague_search,vod_fuzzy_search,"{""query"": ""推荐点好看的""}",,不合理,与vod_personalized_search工具定义中的示例说法相似：有什么好看的推荐一下,"vod_personalized_search  中应该去除有什么好看的推荐一下
此语料进什么工具 需产品判断是否要有优质媒资意图承接",,,,,,,,,,,
影视,播放BILIBILI跨年演唱会,vod_keyword_search,vod_fuzzy_search,"{""query"": ""播放BILIBILI跨年演唱会""}",,,,,,,,,,,,,,,
影视,中央广播电视总台2025年春节联欢晚会,vod_keyword_search,vod_fuzzy_search,"{""query"": ""中央广播电视总台2025年春节联欢晚会""}",,,,,,,,,,,,,,,
影视,阿里巴巴影业出品的爱国题材电影,vod_vague_search,vod_fuzzy_search,"{""query"": ""阿里巴巴影业出品的爱国题材电影""}",,,,,,,,,,,,,,,
影视,播放王牌对王牌第八季最新一期的第三十分钟,vod_keyword_search,vod_fuzzy_search,"{""query"": ""播放王牌对王牌第八季最新一期的第三十分钟""}",,,,,,,,,,,,,,,
影视,适合劳动节看的电影,vod_vague_search,vod_fuzzy_search,"{""query"": ""适合劳动节看的电影""}",,,,,,,,,,,,,,,
影视,适合建党节，学生看的电影,vod_vague_search,vod_fuzzy_search,"{""query"": ""适合建党节，学生看的电影""}",,,,,,,,,,,,,,,
影视,八一建军节电影推荐,vod_vague_search,vod_fuzzy_search,"{""query"": ""八一建军节电影推荐""}",,,,,,,,,,,,,,,
影视,适合跨年的看的喜剧片单,vod_vague_search,vod_fuzzy_search,"{""query"": ""适合跨年的看的喜剧片单""}",,,,,,,,,,,,,,,
影视,评书隋唐演义,vod_vague_search,vod_fuzzy_search,"{""query"": ""评书隋唐演义""}",,不合理,与audio_search的边界？,"亮屏优先 影视
息屏优先 有声",,,,,,,,,,,
影视,看下即将上线的待播剧,vod_vague_search,vod_fuzzy_search,"{""query"": ""看下即将上线的待播剧""}",,,,,,,,,,,,,,,
影视,冰雪奇缘音乐剧,vod_vague_search,vod_fuzzy_search,"{""query"": ""冰雪奇缘音乐剧""}",,,,,,,,,,,,,,,
影视,歌剧小二黑结婚,vod_vague_search,vod_fuzzy_search,"{""query"": ""歌剧小二黑结婚""}",,,,,,,,,,,,,,,
影视,播放茶馆话剧,vod_vague_search,vod_fuzzy_search,"{""query"": ""播放茶馆话剧""}",,,,,,,,,,,,,,,
影视,免费音乐剧,vod_vague_search,vod_fuzzy_search,"{""query"": ""免费音乐剧""}",,,,,,,,,,,,,,,
影视,阿云嘎演的音乐剧风声,vod_vague_search,vod_fuzzy_search,"{""query"": ""阿云嘎演的音乐剧风声""}",,,,,,,,,,,,,,,
影视,音乐剧悲惨世界,vod_vague_search,vod_fuzzy_search,"{""query"": ""音乐剧悲惨世界""}",,,,,,,,,,,,,,,
影视,打金枝刘忠河的唱段,vod_clip_plot_search,vod_fuzzy_search,"{""query"": ""打金枝刘忠河的唱段""}",,,,,,,,,,,,,,,
影视,酱油白米饭的搞笑视频大挑战,vod_clip_plot_aggregate_search,vod_fuzzy_search,"{""query"": ""酱油白米饭的搞笑视频大挑战""}",,,,,,,,,,,,,,,
影视,我想看听泉赏宝的连线视频,vod_vague_search,vod_fuzzy_search,"{""query"": ""我想看听泉赏宝的连线视频""}",,,,,,,,,,,,,,,
影视,播放天津大学辩论赛视频,vod_vague_search,vod_fuzzy_search,"{""query"": ""播放天津大学辩论赛视频""}",,,,,,,,,,,,,,,
影视,唐山电影,vod_vague_search,vod_fuzzy_search,"{""query"": ""唐山电影""}",,,,,,,,,,,,,,,
影视,白玉兰奖颁奖晚会,vod_vague_search,vod_fuzzy_search,"{""query"": ""白玉兰奖颁奖晚会""}",,,,,,,,,,,,,,,
影视,影视集锦,vod_clip_plot_aggregate_search,vod_fuzzy_search,"{""query"": ""影视集锦""}",,,,,,,,,,,,,,,
影视,适合炎热晴天看的电影有哪些,vod_vague_search,vod_fuzzy_search,"{""query"": ""适合炎热晴天看的电影有哪些""}",,,,,,,,,,,,,,,
影视,适合冬天追的韩剧有什么,vod_vague_search,vod_fuzzy_search,"{""query"": ""适合冬天追的韩剧有什么""}",,,,,,,,,,,,,,,
影视,这个周末阴雨连绵，找几部适合宅在家里看的电影呗,vod_vague_search,vod_fuzzy_search,"{""query"": ""这个周末阴雨连绵，找几部适合宅在家里看的电影呗""}",,,,,,,,,,,,,,,
影视,“臣妾做不到啊”出自哪部电视剧？,vod_clip_source_search,vod_fuzzy_search,"{""query"": ""“臣妾做不到啊”出自哪部电视剧？""}",,,,,,,,,,,,,,,
影视,‌“不抛弃，不放弃！”‌是哪部剧里的台词,vod_clip_source_search,vod_fuzzy_search,"{""query"": ""‌“不抛弃，不放弃！”‌是哪部剧里的台词""}",,,,,,,,,,,,,,,
影视,老默吃鱼了是哪部电视剧的,vod_clip_source_search,vod_fuzzy_search,"{""query"": ""老默吃鱼了是哪部电视剧的""}",,,,,,,,,,,,,,,
影视,犯我中华者虽远必诛出现在哪个片子里,vod_clip_source_search,vod_fuzzy_search,"{""query"": ""犯我中华者虽远必诛出现在哪个片子里""}",,,,,,,,,,,,,,,
影视,‌“打得一拳开，免得百拳来”‌‌这句台词来自哪部电影,vod_clip_source_search,vod_fuzzy_search,"{""query"": ""‌“打得一拳开，免得百拳来”‌‌这句台词来自哪部电影""}",,,,,,,,,,,,,,,
影视,“黎叔很生气，后果很严重”是什么电影，给我找出来,vod_clip_source_search,vod_fuzzy_search,"{""query"": ""“黎叔很生气，后果很严重”是什么电影，给我找出来""}",,,,,,,,,,,,,,,
影视,“珊瑚礁是海洋的雨林”是哪部纪录片里的台词,vod_clip_source_search,vod_fuzzy_search,"{""query"": ""“珊瑚礁是海洋的雨林”是哪部纪录片里的台词""}",,,,,,,,,,,,,,,
影视,家财万贯，日食不过三餐。这句台词在哪部纪录片里说过,vod_clip_source_search,vod_fuzzy_search,"{""query"": ""家财万贯，日食不过三餐。这句台词在哪部纪录片里说过""}",,,,,,,,,,,,,,,
影视,讲述一幢楼里面的五个女孩工作生活的电视剧,vod_vague_search,vod_fuzzy_search,"{""query"": ""讲述一幢楼里面的五个女孩工作生活的电视剧""}",,,,,,,,,,,,,,,
影视,根据张桂梅真实事迹改编的电视剧,vod_vague_search,vod_fuzzy_search,"{""query"": ""根据张桂梅真实事迹改编的电视剧""}",,,,,,,,,,,,,,,
影视,一群蓝色的人骑着大鸟的电影是什么,vod_vague_search,vod_fuzzy_search,"{""query"": ""一群蓝色的人骑着大鸟的电影是什么""}",,,,,,,,,,,,,,,
影视,根据川航航班备降成都事件改编的电影,vod_vague_search,vod_fuzzy_search,"{""query"": ""根据川航航班备降成都事件改编的电影""}",,,,,,,,,,,,,,,
影视,四个小妖怪在组团后进行西行冒险之旅的电影,vod_keyword_search,vod_fuzzy_search,"{""query"": ""四个小妖怪在组团后进行西行冒险之旅的电影""}",,,,,,,,,,,,,,,
影视,朱一龙主演的把妻子推到海底的电影,vod_vague_search,vod_fuzzy_search,"{""query"": ""朱一龙主演的把妻子推到海底的电影""}",,,,,,,,,,,,,,,
影视,描写律师职场工作的综艺,vod_vague_search,vod_fuzzy_search,"{""query"": ""描写律师职场工作的综艺""}",,,,,,,,,,,,,,,
影视,我想看讲述中国各领域杰出人物的纪录片,vod_vague_search,vod_fuzzy_search,"{""query"": ""我想看讲述中国各领域杰出人物的纪录片""}",,,,,,,,,,,,,,,
影视,找一部聚焦医疗、生死与人性的纪录片,vod_vague_search,vod_fuzzy_search,"{""query"": ""找一部聚焦医疗、生死与人性的纪录片""}",,,,,,,,,,,,,,,
影视,催人泪下的剧情片,vod_vague_search,vod_fuzzy_search,"{""query"": ""催人泪下的剧情片""}",,,,,,,,,,,,,,,
影视,春节全家必看暖心电影,vod_vague_search,vod_fuzzy_search,"{""query"": ""春节全家必看暖心电影""}",,,,,,,,,,,,,,,
影视,播放所有免费关于觉醒异能的视频,vod_vague_search,vod_fuzzy_search,"{""query"": ""播放所有免费关于觉醒异能的视频""}",,,,,,,,,,,,,,,
影视,播放穿越攻略免费短剧,vod_vague_search,vod_fuzzy_search,"{""query"": ""播放穿越攻略免费短剧""}",,,,,,,,,,,,,,,
影视,给我推荐一个免费的萌娃短剧,vod_vague_search,vod_fuzzy_search,"{""query"": ""给我推荐一个免费的萌娃短剧""}",,,,,,,,,,,,,,,
影视,和对象一起看的什么电影比较好,vod_vague_search,vod_fuzzy_search,"{""query"": ""和对象一起看的什么电影比较好""}",,,,,,,,,,,,,,,
影视,假期看的纪录片推荐,vod_vague_search,vod_fuzzy_search,"{""query"": ""假期看的纪录片推荐""}",,,,,,,,,,,,,,,
影视,关于苗族非遗文化的纪录片,vod_vague_search,vod_fuzzy_search,"{""query"": ""关于苗族非遗文化的纪录片""}",,,,,,,,,,,,,,,
影视,河西走廊的核心理念是什么,vod_qa（问答类语料）,vod_fuzzy_search,"{""query"": ""河西走廊的核心理念是什么""}",,,,,,,,,,,,,,,
影视,搜索陈祉希担任制片人的电影,vod_qa（问答类语料）,vod_fuzzy_search,"{""query"": ""搜索陈祉希担任制片人的电影""}",,,,,,,,,,,,,,,
影视,周星驰有哪些经典台词片段,vod_clip_plot_aggregate_search,vod_fuzzy_search,"{""query"": ""周星驰有哪些经典台词片段""}",,,,,,,,,,,,,,,
影视,2025年古装剧打斗场面,vod_clip_plot_aggregate_search,vod_fuzzy_search,"{""query"": ""2025年古装剧打斗场面""}",,,,,,,,,,,,,,,
影视,狂飙名场面盘点,vod_clip_plot_aggregate_search,vod_fuzzy_search,"{""query"": ""狂飙名场面盘点""}",,,,,,,,,,,,,,,
影视,狂飙催泪片段,vod_clip_plot_aggregate_search,vod_fuzzy_search,"{""query"": ""狂飙催泪片段""}",,,,,,,,,,,,,,,
影视,2023到2026年沈腾电影精彩片段合集,vod_clip_plot_aggregate_search,vod_fuzzy_search,"{""query"": ""2023到2026年沈腾电影精彩片段合集""}",,,,,,,,,,,,,,,
影视,李连杰内地电影打斗名场面,vod_clip_plot_aggregate_search,vod_fuzzy_search,"{""query"": ""李连杰内地电影打斗名场面""}",,,,,,,,,,,,,,,
影视,杨幂古装剧甜蜜名场面,vod_clip_plot_aggregate_search,vod_fuzzy_search,"{""query"": ""杨幂古装剧甜蜜名场面""}",,,,,,,,,,,,,,,
影视,莲花楼燃点片段汇总,vod_clip_plot_aggregate_search,vod_fuzzy_search,"{""query"": ""莲花楼燃点片段汇总""}",,,,,,,,,,,,,,,
影视,昨夜将至还有什么反转剧情,vod_clip_plot_aggregate_search,vod_fuzzy_search,"{""query"": ""昨夜将至还有什么反转剧情""}",,,,,,,,,,,,,,,
影视,亮剑都有哪些名场面,vod_clip_plot_aggregate_search,vod_fuzzy_search,"{""query"": ""亮剑都有哪些名场面""}",,,,,,,,,,,,,,,
影视,周生如故虐心场面集锦,vod_clip_plot_aggregate_search,vod_fuzzy_search,"{""query"": ""周生如故虐心场面集锦""}",,,,,,,,,,,,,,,
影视,白月梵星都有哪些打斗场面,vod_clip_plot_aggregate_search,vod_fuzzy_search,"{""query"": ""白月梵星都有哪些打斗场面""}",,,,,,,,,,,,,,,
影视,太平年经典场面集锦,vod_clip_plot_aggregate_search,vod_fuzzy_search,"{""query"": ""太平年经典场面集锦""}",,,,,,,,,,,,,,,
影视,逐玉告白名场面,vod_clip_plot_aggregate_search,vod_fuzzy_search,"{""query"": ""逐玉告白名场面""}",,,,,,,,,,,,,,,
影视,低智商犯罪反转场面盘点,vod_clip_plot_aggregate_search,vod_fuzzy_search,"{""query"": ""低智商犯罪反转场面盘点""}",,,,,,,,,,,,,,,
影视,成龙电影打斗片段,vod_clip_plot_aggregate_search,vod_fuzzy_search,"{""query"": ""成龙电影打斗片段""}",,,,,,,,,,,,,,,
影视,有没有哪吒2全片最震撼的戏,vod_clip_plot_aggregate_search,vod_fuzzy_search,"{""query"": ""有没有哪吒2全片最震撼的戏""}",,,,,,,,,,,,,,,
影视,嫌疑人X的献身的逻辑推理名场面短视频,vod_clip_plot_aggregate_search,vod_fuzzy_search,"{""query"": ""嫌疑人X的献身的逻辑推理名场面短视频""}",,,,,,,,,,,,,,,
影视,隐秘的角落高能反转片段,vod_clip_plot_aggregate_search,vod_fuzzy_search,"{""query"": ""隐秘的角落高能反转片段""}",,,,,,,,,,,,,,,
影视,给我搜捕风追影里成龙和梁家辉的对手戏视频,vod_clip_plot_aggregate_search,vod_fuzzy_search,"{""query"": ""给我搜捕风追影里成龙和梁家辉的对手戏视频""}",,,,,,,,,,,,,,,
影视,狂飙里张颂文和张译最高光名场面,vod_clip_plot_aggregate_search,vod_fuzzy_search,"{""query"": ""狂飙里张颂文和张译最高光名场面""}",,,,,,,,,,,,,,,
影视,想看狂飙里高启强和安欣两人同框封神片段,vod_clip_plot_aggregate_search,vod_fuzzy_search,"{""query"": ""想看狂飙里高启强和安欣两人同框封神片段""}",,,,,,,,,,,,,,,
影视,飞驰人生3中张驰、孙宇强的爆燃高光小视频有哪些,vod_clip_plot_aggregate_search,vod_fuzzy_search,"{""query"": ""飞驰人生3中张驰、孙宇强的爆燃高光小视频有哪些""}",,,,,,,,,,,,,,,
影视,看一下周迅电影哭戏名场面合集,vod_clip_plot_aggregate_search,vod_fuzzy_search,"{""query"": ""看一下周迅电影哭戏名场面合集""}",,,,,,,,,,,,,,,
影视,肖申克的救赎逆袭高光桥段汇总,vod_clip_plot_aggregate_search,vod_fuzzy_search,"{""query"": ""肖申克的救赎逆袭高光桥段汇总""}",,,,,,,,,,,,,,,
影视,教父经典对峙名场面合集,vod_clip_plot_aggregate_search,vod_fuzzy_search,"{""query"": ""教父经典对峙名场面合集""}",,,,,,,,,,,,,,,
影视,武林外传最搞笑的那些名场面,vod_clip_plot_aggregate_search,vod_fuzzy_search,"{""query"": ""武林外传最搞笑的那些名场面""}",,,,,,,,,,,,,,,
影视,人生之路里最让人血压升高的场面,vod_clip_plot_aggregate_search,vod_fuzzy_search,"{""query"": ""人生之路里最让人血压升高的场面""}",,,,,,,,,,,,,,,
影视,熊猫计划之部落奇遇记里面最燃的场面合集,vod_clip_plot_aggregate_search,vod_fuzzy_search,"{""query"": ""熊猫计划之部落奇遇记里面最燃的场面合集""}",,,,,,,,,,,,,,,
影视,我要看大伙的秘密就不是秘密那段,vod_clip_lines_search,vod_fuzzy_search,"{""query"": ""我要看大伙的秘密就不是秘密那段""}",,,,,,,,,,,,,,,
影视,我要看正经人谁写日记啊那个片段,vod_clip_lines_search,vod_fuzzy_search,"{""query"": ""我要看正经人谁写日记啊那个片段""}",,,,,,,,,,,,,,,
影视,搜索我命由我不由天的那段,vod_clip_lines_search,vod_fuzzy_search,"{""query"": ""搜索我命由我不由天的那段""}",,,,,,,,,,,,,,,
影视,跳到现实生活可比墙上的标语复杂多了的片段,vod_clip_lines_search,vod_fuzzy_search,"{""query"": ""跳到现实生活可比墙上的标语复杂多了的片段""}",,,,,,,,,,,,,,,
影视,请帮我播一下天亮前的夜，最难熬那个片段呗,vod_clip_lines_search,vod_fuzzy_search,"{""query"": ""请帮我播一下天亮前的夜，最难熬那个片段呗""}",,,,,,,,,,,,,,,
影视,"我要看那段我已无法返航,你们继续努力的视频",vod_clip_lines_search,vod_fuzzy_search,"{""query"": ""我要看那段我已无法返航,你们继续努力的视频""}",,,,,,,,,,,,,,,
影视,"我想看一个人可以被毁灭,但不能被打败的那个片段吗",vod_clip_lines_search,vod_fuzzy_search,"{""query"": ""我想看一个人可以被毁灭,但不能被打败的那个片段吗""}",,,,,,,,,,,,,,,
影视,搜索要怀疑我们怀疑的怀疑的台词片段,vod_clip_lines_search,vod_fuzzy_search,"{""query"": ""搜索要怀疑我们怀疑的怀疑的台词片段""}",,,,,,,,,,,,,,,
影视,找一下台词你过来啊这段视频,vod_clip_lines_search,vod_fuzzy_search,"{""query"": ""找一下台词你过来啊这段视频""}",,,,,,,,,,,,,,,
影视,燕子!燕子没有你我怎么活啊这段台词的视频在哪,vod_clip_lines_search,vod_fuzzy_search,"{""query"": ""燕子!燕子没有你我怎么活啊这段台词的视频在哪""}",,,,,,,,,,,,,,,
影视,"帮我播电影片段，说的是我在人群中,总能第一眼就看到你",vod_clip_lines_search,vod_fuzzy_search,"{""query"": ""帮我播电影片段，说的是我在人群中,总能第一眼就看到你""}",,,,,,,,,,,,,,,
影视,帮我看‌生我者父母，知我者唐兄啊的搞笑片段,vod_clip_lines_search,vod_fuzzy_search,"{""query"": ""帮我看‌生我者父母，知我者唐兄啊的搞笑片段""}",,,,,,,,,,,,,,,
影视,"查找做生意,时间很重要的片段那段",vod_clip_lines_search,vod_fuzzy_search,"{""query"": ""查找做生意,时间很重要的片段那段""}",,,,,,,,,,,,,,,
影视,播有此头不可低，此腰不能弯那个片段,vod_clip_lines_search,vod_fuzzy_search,"{""query"": ""播有此头不可低，此腰不能弯那个片段""}",,,,,,,,,,,,,,,
影视,麻烦放一下你妈没告诉你别欺负熊孩子吗的电影片段啊,vod_clip_lines_search,vod_fuzzy_search,"{""query"": ""麻烦放一下你妈没告诉你别欺负熊孩子吗的电影片段啊""}",,,,,,,,,,,,,,,
影视,"我是尊重规则,但它得公平啊那段视频帮我找找",vod_clip_lines_search,vod_fuzzy_search,"{""query"": ""我是尊重规则,但它得公平啊那段视频帮我找找""}",,,,,,,,,,,,,,,
影视,帮我查找一下电视剧片段是既生瑜，何生亮？,vod_clip_lines_search,vod_fuzzy_search,"{""query"": ""帮我查找一下电视剧片段是既生瑜，何生亮？""}",,,,,,,,,,,,,,,
影视,鞠躬尽瘁，死而后已的电视剧,vod_clip_lines_search,vod_fuzzy_search,"{""query"": ""鞠躬尽瘁，死而后已的电视剧""}",,,,,,,,,,,,,,,
影视,起播人活着就是折腾的视频,vod_clip_lines_search,vod_fuzzy_search,"{""query"": ""起播人活着就是折腾的视频""}",,,,,,,,,,,,,,,
影视,"放一下今天你我,划地绝交的片段的感人片段呗",vod_clip_lines_search,vod_fuzzy_search,"{""query"": ""放一下今天你我,划地绝交的片段的感人片段呗""}",,,,,,,,,,,,,,,
影视,找满江红里这计划赌的不是局，是人的片段,vod_clip_lines_search,vod_fuzzy_search,"{""query"": ""找满江红里这计划赌的不是局，是人的片段""}",,,,,,,,,,,,,,,
影视,看下西游记我叫你一声你敢答应吗?,vod_clip_lines_search,vod_fuzzy_search,"{""query"": ""看下西游记我叫你一声你敢答应吗?""}",,,,,,,,,,,,,,,
影视,播放功夫我发起疯来连自己都怕。,vod_clip_lines_search,vod_fuzzy_search,"{""query"": ""播放功夫我发起疯来连自己都怕。""}",,,,,,,,,,,,,,,
影视,播放隐秘的角落里您看我还有机会吗?那段戏,vod_clip_lines_search,vod_fuzzy_search,"{""query"": ""播放隐秘的角落里您看我还有机会吗?那段戏""}",,,,,,,,,,,,,,,
影视,看下熊出没之雪岭熊风，熊就要有个熊样,vod_clip_lines_search,vod_fuzzy_search,"{""query"": ""看下熊出没之雪岭熊风，熊就要有个熊样""}",,,,,,,,,,,,,,,
影视,"找封神第一部马看到什么,是人决定的",vod_clip_lines_search,vod_fuzzy_search,"{""query"": ""找封神第一部马看到什么,是人决定的""}",,,,,,,,,,,,,,,
影视,找一下功夫熊猫4，就算赢不了，我也要试一试的片段,vod_clip_lines_search,vod_fuzzy_search,"{""query"": ""找一下功夫熊猫4，就算赢不了，我也要试一试的片段""}",,,,,,,,,,,,,,,
影视,给我看杉杉来了电视剧里老板，撑死算工伤吗？的那集片段,vod_clip_lines_search,vod_fuzzy_search,"{""query"": ""给我看杉杉来了电视剧里老板，撑死算工伤吗？的那集片段""}",,,,,,,,,,,,,,,
影视,帮我播放士兵突击里有意义就是好好活，好好活就是做有意义的事。那个片段,vod_clip_lines_search,vod_fuzzy_search,"{""query"": ""帮我播放士兵突击里有意义就是好好活，好好活就是做有意义的事。那个片段""}",,,,,,,,,,,,,,,
影视,我想看蜘蛛侠说能力越大，责任越大的场景,vod_clip_lines_search,vod_fuzzy_search,"{""query"": ""我想看蜘蛛侠说能力越大，责任越大的场景""}",,,,,,,,,,,,,,,
影视,蜘蛛侠：平行宇宙的不管遭受多少次打击，我最终总是会爬起来片段,vod_clip_lines_search,vod_fuzzy_search,"{""query"": ""蜘蛛侠：平行宇宙的不管遭受多少次打击，我最终总是会爬起来片段""}",,,,,,,,,,,,,,,
影视,逐玉破窗之吻名场面,vod_clip_plot_search,vod_fuzzy_search,"{""query"": ""逐玉破窗之吻名场面""}",,,,,,,,,,,,,,,
影视,甄嬛传倚梅园许愿名场面,vod_clip_plot_search,vod_fuzzy_search,"{""query"": ""甄嬛传倚梅园许愿名场面""}",,,,,,,,,,,,,,,
影视,大话西游紫霞仙子眨眼名场面,vod_clip_plot_search,vod_fuzzy_search,"{""query"": ""大话西游紫霞仙子眨眼名场面""}",,,,,,,,,,,,,,,
影视,华强买瓜片段,vod_clip_plot_search,vod_fuzzy_search,"{""query"": ""华强买瓜片段""}",,,,,,,,,,,,,,,
影视,碟中谍阿汤哥倒吊潜入场面,vod_clip_plot_search,vod_fuzzy_search,"{""query"": ""碟中谍阿汤哥倒吊潜入场面""}",,,,,,,,,,,,,,,
影视,星爷我养你啊场面,vod_clip_plot_search,vod_fuzzy_search,"{""query"": ""星爷我养你啊场面""}",,,,,,,,,,,,,,,
影视,《东成西就》欧阳锋香肠嘴名场面,vod_clip_plot_search,vod_fuzzy_search,"{""query"": ""《东成西就》欧阳锋香肠嘴名场面""}",,,,,,,,,,,,,,,
影视,《花样年华》梁朝伟墙洞倾诉‌的名场面,vod_clip_plot_search,vod_fuzzy_search,"{""query"": ""《花样年华》梁朝伟墙洞倾诉‌的名场面""}",,,,,,,,,,,,,,,
影视,收看电视剧生万物，宁绣绣雪地红衣断亲的那段戏,vod_clip_plot_search,vod_fuzzy_search,"{""query"": ""收看电视剧生万物，宁绣绣雪地红衣断亲的那段戏""}",,,,,,,,,,,,,,,
影视,我想看电影《英雄》胡杨林打斗场面,vod_clip_plot_search,vod_fuzzy_search,"{""query"": ""我想看电影《英雄》胡杨林打斗场面""}",,,,,,,,,,,,,,,
影视,武林外传，吕秀才智斗姬无命的高光名场面,vod_clip_plot_search,vod_fuzzy_search,"{""query"": ""武林外传，吕秀才智斗姬无命的高光名场面""}",,,,,,,,,,,,,,,
影视,潜伏中，翠平打麻将口误的那个片段,vod_clip_plot_search,vod_fuzzy_search,"{""query"": ""潜伏中，翠平打麻将口误的那个片段""}",,,,,,,,,,,,,,,
影视,播放《卧虎藏龙》章子怡竹林打斗的片段,vod_clip_plot_search,vod_fuzzy_search,"{""query"": ""播放《卧虎藏龙》章子怡竹林打斗的片段""}",,,,,,,,,,,,,,,
影视,《甜蜜蜜》电影里，张曼玉认尸笑场名场面,vod_clip_plot_search,vod_fuzzy_search,"{""query"": ""《甜蜜蜜》电影里，张曼玉认尸笑场名场面""}",,,,,,,,,,,,,,,
影视,《九品芝麻官》里，周星驰吞剑的戏,vod_clip_plot_search,vod_fuzzy_search,"{""query"": ""《九品芝麻官》里，周星驰吞剑的戏""}",,,,,,,,,,,,,,,
影视,西红柿首富里魏翔吃乳猪的片段,vod_clip_plot_search,vod_fuzzy_search,"{""query"": ""西红柿首富里魏翔吃乳猪的片段""}",,,,,,,,,,,,,,,
影视,刘德华在《天若有情》婚纱摩托狂飙‌的封神镜头,vod_clip_plot_search,vod_fuzzy_search,"{""query"": ""刘德华在《天若有情》婚纱摩托狂飙‌的封神镜头""}",,,,,,,,,,,,,,,
影视,甄嬛甘露寺回宫片段,vod_clip_plot_search,vod_fuzzy_search,"{""query"": ""甄嬛甘露寺回宫片段""}",,,,,,,,,,,,,,,
影视,高启强黑化成为黑社会老大片段,vod_clip_plot_search,vod_fuzzy_search,"{""query"": ""高启强黑化成为黑社会老大片段""}",,,,,,,,,,,,,,,
影视,白浅取回眼睛反转片段,vod_clip_plot_search,vod_fuzzy_search,"{""query"": ""白浅取回眼睛反转片段""}",,,,,,,,,,,,,,,
影视,樊长玉揭露李丞相阴谋复仇片段,vod_clip_plot_search,vod_fuzzy_search,"{""query"": ""樊长玉揭露李丞相阴谋复仇片段""}",,,,,,,,,,,,,,,
影视,想看范云独立搞事业、朝堂爽戏的那场戏,vod_clip_plot_search,vod_fuzzy_search,"{""query"": ""想看范云独立搞事业、朝堂爽戏的那场戏""}",,,,,,,,,,,,,,,
影视,回放聚餐欧阳懿酒后痛哭，吐露多年磨难委屈的那一段,vod_clip_plot_search,vod_fuzzy_search,"{""query"": ""回放聚餐欧阳懿酒后痛哭，吐露多年磨难委屈的那一段""}",,,,,,,,,,,,,,,
影视,跳转到黄彩玲突发急病，吐露真相的那段视频,vod_clip_plot_search,vod_fuzzy_search,"{""query"": ""跳转到黄彩玲突发急病，吐露真相的那段视频""}",,,,,,,,,,,,,,,
影视,回看曹建军为追嫌犯车祸重伤，抢救无效牺牲的片段,vod_clip_plot_search,vod_fuzzy_search,"{""query"": ""回看曹建军为追嫌犯车祸重伤，抢救无效牺牲的片段""}",,,,,,,,,,,,,,,
影视,帮我播放队友拿下盗猎头目，想私刑被白菊拦下的那个片段,vod_clip_plot_search,vod_fuzzy_search,"{""query"": ""帮我播放队友拿下盗猎头目，想私刑被白菊拦下的那个片段""}",,,,,,,,,,,,,,,
影视,林美月和韩栋审讯室镜面夫妻对峙的视频片段,vod_clip_plot_search,vod_fuzzy_search,"{""query"": ""林美月和韩栋审讯室镜面夫妻对峙的视频片段""}",,,,,,,,,,,,,,,
影视,播放问心2致敬李晟医生的那段戏,vod_clip_plot_search,vod_fuzzy_search,"{""query"": ""播放问心2致敬李晟医生的那段戏""}",,,,,,,,,,,,,,,
影视,起播张一昂火车站意外擒获A级通缉犯的视频片段,vod_clip_plot_search,vod_fuzzy_search,"{""query"": ""起播张一昂火车站意外擒获A级通缉犯的视频片段""}",,,,,,,,,,,,,,,
影视,我想看程兵和队友跨越千里追凶途中互相宽慰那场戏,vod_clip_plot_search,vod_fuzzy_search,"{""query"": ""我想看程兵和队友跨越千里追凶途中互相宽慰那场戏""}",,,,,,,,,,,,,,,
影视,林品如高调回归复仇那场戏,vod_clip_plot_search,vod_fuzzy_search,"{""query"": ""林品如高调回归复仇那场戏""}",,,,,,,,,,,,,,,
影视,“地球是很危险的，你快点回火星吧！”这句话出自哪个视频,vod_clip_source_search,vod_fuzzy_search,"{""query"": ""“地球是很危险的，你快点回火星吧！”这句话出自哪个视频""}",,,,,,,,,,,,,,,
影视,小强你怎么了小强，这句话是谁在哪部电影里说的,vod_clip_source_search,vod_fuzzy_search,"{""query"": ""小强你怎么了小强，这句话是谁在哪部电影里说的""}",,,,,,,,,,,,,,,
影视,我想挑战一下我的软肋是什么电影,vod_clip_source_search,vod_fuzzy_search,"{""query"": ""我想挑战一下我的软肋是什么电影""}",,,,,,,,,,,,,,,
影视,风浪越大，鱼越贵这句台词出自哪里,vod_clip_source_search,vod_fuzzy_search,"{""query"": ""风浪越大，鱼越贵这句台词出自哪里""}",,,,,,,,,,,,,,,
影视,生而平凡，也能拼出一条出路出自什么影视剧？,vod_clip_source_search,vod_fuzzy_search,"{""query"": ""生而平凡，也能拼出一条出路出自什么影视剧？""}",,,,,,,,,,,,,,,
影视,臣妾做不到啊是啊哪部片子的来看,vod_clip_source_search,vod_fuzzy_search,"{""query"": ""臣妾做不到啊是啊哪部片子的来看""}",,,,,,,,,,,,,,,
影视,你知道 “打不过就溜” 是哪部剧的？,vod_clip_source_search,vod_fuzzy_search,"{""query"": ""你知道 “打不过就溜” 是哪部剧的？""}",,,,,,,,,,,,,,,
影视,剑锋所指，所向披靡！是来自哪个电视剧,vod_clip_source_search,vod_fuzzy_search,"{""query"": ""剑锋所指，所向披靡！是来自哪个电视剧""}",,,,,,,,,,,,,,,
影视,哪部电影里有这句台词：我没有想赢，我只是不想输,vod_clip_source_search,vod_fuzzy_search,"{""query"": ""哪部电影里有这句台词：我没有想赢，我只是不想输""}",,,,,,,,,,,,,,,
影视,这句台词外滩的灯，永远为生意人亮着，出自哪儿,vod_clip_source_search,vod_fuzzy_search,"{""query"": ""这句台词外滩的灯，永远为生意人亮着，出自哪儿""}",,,,,,,,,,,,,,,
影视,人生除死无大事，这句台词是哪部剧的？,vod_clip_source_search,vod_fuzzy_search,"{""query"": ""人生除死无大事，这句台词是哪部剧的？""}",,,,,,,,,,,,,,,
影视,他强任他强清风拂山岗是什么剧里的,vod_clip_source_search,vod_fuzzy_search,"{""query"": ""他强任他强清风拂山岗是什么剧里的""}",,,,,,,,,,,,,,,
影视,“陆地对我来说是一艘太大的船” 这句台词来自哪部影片？,vod_clip_source_search,vod_fuzzy_search,"{""query"": ""“陆地对我来说是一艘太大的船” 这句台词来自哪部影片？""}",,,,,,,,,,,,,,,
影视,“我对你何止半分真心” 出自哪部剧,vod_clip_source_search,vod_fuzzy_search,"{""query"": ""“我对你何止半分真心” 出自哪部剧""}",,,,,,,,,,,,,,,
影视,做生意，讲究的是体面来自哪部剧,vod_clip_source_search,vod_fuzzy_search,"{""query"": ""做生意，讲究的是体面来自哪部剧""}",,,,,,,,,,,,,,,
影视,华强买瓜出自哪部剧,vod_clip_source_search,vod_fuzzy_search,"{""query"": ""华强买瓜出自哪部剧""}",,,,,,,,,,,,,,,
影视,那个警察退休后追查旧案的剧叫什么,vod_clip_source_search,vod_fuzzy_search,"{""query"": ""那个警察退休后追查旧案的剧叫什么""}",,,,,,,,,,,,,,,
影视,苏明玉逆袭那段是都挺好第几集,vod_clip_source_search,vod_fuzzy_search,"{""query"": ""苏明玉逆袭那段是都挺好第几集""}",,,,,,,,,,,,,,,
影视,逐玉男女主隔着窗户吃陈皮糖暧昧拉扯是第几集？,vod_clip_source_search,vod_fuzzy_search,"{""query"": ""逐玉男女主隔着窗户吃陈皮糖暧昧拉扯是第几集？""}",,,,,,,,,,,,,,,
影视,那部讲核潜艇研发的电视剧叫什么,vod_clip_source_search,vod_fuzzy_search,"{""query"": ""那部讲核潜艇研发的电视剧叫什么""}",,,,,,,,,,,,,,,
影视,江立伟独自关闭火场阀门出自哪部片子,vod_clip_source_search,vod_fuzzy_search,"{""query"": ""江立伟独自关闭火场阀门出自哪部片子""}",,,,,,,,,,,,,,,
影视,人世间周家三兄妹团圆是哪集,vod_clip_source_search,vod_fuzzy_search,"{""query"": ""人世间周家三兄妹团圆是哪集""}",,,,,,,,,,,,,,,
影视,那部讲电竞选手退役后当教练的剧叫什么,vod_clip_source_search,vod_fuzzy_search,"{""query"": ""那部讲电竞选手退役后当教练的剧叫什么""}",,,,,,,,,,,,,,,
影视,苏无名解读繁华背后暗藏阴影出自哪部探案剧,vod_clip_source_search,vod_fuzzy_search,"{""query"": ""苏无名解读繁华背后暗藏阴影出自哪部探案剧""}",,,,,,,,,,,,,,,
影视,那个男主隐居江湖十年身中剧毒的古装剧叫什么,vod_clip_source_search,vod_fuzzy_search,"{""query"": ""那个男主隐居江湖十年身中剧毒的古装剧叫什么""}",,,,,,,,,,,,,,,
影视,战狼2冷锋举国旗那段在第几分钟,vod_clip_source_search,vod_fuzzy_search,"{""query"": ""战狼2冷锋举国旗那段在第几分钟""}",,,,,,,,,,,,,,,
影视,东方青苍为小兰花逆天改命是哪集,vod_clip_source_search,vod_fuzzy_search,"{""query"": ""东方青苍为小兰花逆天改命是哪集""}",,,,,,,,,,,,,,,
影视,长相思小夭梅林虐杀是第几集,vod_clip_source_search,vod_fuzzy_search,"{""query"": ""长相思小夭梅林虐杀是第几集""}",,,,,,,,,,,,,,,
影视,大明王朝海瑞下狱是哪集,vod_clip_source_search,vod_fuzzy_search,"{""query"": ""大明王朝海瑞下狱是哪集""}",,,,,,,,,,,,,,,
影视,周星驰有哪些经典台词片段,vod_clip_plot_aggregate_search,vod_fuzzy_search,"{""query"": ""周星驰有哪些经典台词片段""}",,,,,,,,,,,,,,,
影视,2025年古装剧打斗场面,vod_clip_plot_aggregate_search,vod_fuzzy_search,"{""query"": ""2025年古装剧打斗场面""}",,,,,,,,,,,,,,,
影视,狂飙名场面盘点,vod_clip_plot_aggregate_search,vod_fuzzy_search,"{""query"": ""狂飙名场面盘点""}",,,,,,,,,,,,,,,
影视,狂飙催泪片段,vod_clip_plot_aggregate_search,vod_fuzzy_search,"{""query"": ""狂飙催泪片段""}",,,,,,,,,,,,,,,
影视,2023到2026年沈腾电影精彩片段合集,vod_clip_plot_aggregate_search,vod_fuzzy_search,"{""query"": ""2023到2026年沈腾电影精彩片段合集""}",,,,,,,,,,,,,,,
影视,李连杰内地电影打斗名场面,vod_clip_plot_aggregate_search,vod_fuzzy_search,"{""query"": ""李连杰内地电影打斗名场面""}",,,,,,,,,,,,,,,
影视,杨幂古装剧甜蜜名场面,vod_clip_plot_aggregate_search,vod_fuzzy_search,"{""query"": ""杨幂古装剧甜蜜名场面""}",,,,,,,,,,,,,,,
影视,莲花楼燃点片段汇总,vod_clip_plot_aggregate_search,vod_fuzzy_search,"{""query"": ""莲花楼燃点片段汇总""}",,,,,,,,,,,,,,,
影视,昨夜将至还有什么反转剧情,vod_clip_plot_aggregate_search,vod_fuzzy_search,"{""query"": ""昨夜将至还有什么反转剧情""}",,,,,,,,,,,,,,,
影视,亮剑都有哪些名场面,vod_clip_plot_aggregate_search,vod_fuzzy_search,"{""query"": ""亮剑都有哪些名场面""}",,,,,,,,,,,,,,,
影视,周生如故虐心场面集锦,vod_clip_plot_aggregate_search,vod_fuzzy_search,"{""query"": ""周生如故虐心场面集锦""}",,,,,,,,,,,,,,,
影视,白月梵星都有哪些打斗场面,vod_clip_plot_aggregate_search,vod_fuzzy_search,"{""query"": ""白月梵星都有哪些打斗场面""}",,,,,,,,,,,,,,,
影视,太平年经典场面集锦,vod_clip_plot_aggregate_search,vod_fuzzy_search,"{""query"": ""太平年经典场面集锦""}",,,,,,,,,,,,,,,
影视,逐玉告白名场面,vod_clip_plot_aggregate_search,vod_fuzzy_search,"{""query"": ""逐玉告白名场面""}",,,,,,,,,,,,,,,
影视,低智商犯罪反转场面盘点,vod_clip_plot_aggregate_search,vod_fuzzy_search,"{""query"": ""低智商犯罪反转场面盘点""}",,,,,,,,,,,,,,,
影视,成龙电影打斗片段,vod_clip_plot_aggregate_search,vod_fuzzy_search,"{""query"": ""成龙电影打斗片段""}",,,,,,,,,,,,,,,
影视,有没有哪吒2全片最震撼的戏,vod_clip_plot_aggregate_search,vod_fuzzy_search,"{""query"": ""有没有哪吒2全片最震撼的戏""}",,,,,,,,,,,,,,,
影视,嫌疑人X的献身的逻辑推理名场面短视频,vod_clip_plot_aggregate_search,vod_fuzzy_search,"{""query"": ""嫌疑人X的献身的逻辑推理名场面短视频""}",,,,,,,,,,,,,,,
影视,隐秘的角落高能反转片段,vod_clip_plot_aggregate_search,vod_fuzzy_search,"{""query"": ""隐秘的角落高能反转片段""}",,,,,,,,,,,,,,,
影视,给我搜捕风追影里成龙和梁家辉的对手戏视频,vod_clip_plot_aggregate_search,vod_fuzzy_search,"{""query"": ""给我搜捕风追影里成龙和梁家辉的对手戏视频""}",,,,,,,,,,,,,,,
影视,狂飙里张颂文和张译最高光名场面,vod_clip_plot_aggregate_search,vod_fuzzy_search,"{""query"": ""狂飙里张颂文和张译最高光名场面""}",,,,,,,,,,,,,,,
影视,想看狂飙里高启强和安欣两人同框封神片段,vod_clip_plot_aggregate_search,vod_fuzzy_search,"{""query"": ""想看狂飙里高启强和安欣两人同框封神片段""}",,,,,,,,,,,,,,,
影视,飞驰人生3中张驰、孙宇强的爆燃高光小视频有哪些,vod_clip_plot_aggregate_search,vod_fuzzy_search,"{""query"": ""飞驰人生3中张驰、孙宇强的爆燃高光小视频有哪些""}",,,,,,,,,,,,,,,
影视,看一下周迅电影哭戏名场面合集,vod_clip_plot_aggregate_search,vod_fuzzy_search,"{""query"": ""看一下周迅电影哭戏名场面合集""}",,,,,,,,,,,,,,,
影视,肖申克的救赎逆袭高光桥段汇总,vod_clip_plot_aggregate_search,vod_fuzzy_search,"{""query"": ""肖申克的救赎逆袭高光桥段汇总""}",,,,,,,,,,,,,,,
影视,教父经典对峙名场面合集,vod_clip_plot_aggregate_search,vod_fuzzy_search,"{""query"": ""教父经典对峙名场面合集""}",,,,,,,,,,,,,,,
影视,武林外传最搞笑的那些名场面,vod_clip_plot_aggregate_search,vod_fuzzy_search,"{""query"": ""武林外传最搞笑的那些名场面""}",,,,,,,,,,,,,,,
影视,人生之路里最让人血压升高的场面,vod_clip_plot_aggregate_search,vod_fuzzy_search,"{""query"": ""人生之路里最让人血压升高的场面""}",,,,,,,,,,,,,,,
影视,熊猫计划之部落奇遇记里面最燃的场面合集,vod_clip_plot_aggregate_search,vod_fuzzy_search,"{""query"": ""熊猫计划之部落奇遇记里面最燃的场面合集""}",,,,,,,,,,,,,,,
影视,我要看大伙的秘密就不是秘密那段,vod_clip_lines_search,vod_fuzzy_search,"{""query"": ""我要看大伙的秘密就不是秘密那段""}",,,,,,,,,,,,,,,
影视,我要看正经人谁写日记啊那个片段,vod_clip_lines_search,vod_fuzzy_search,"{""query"": ""我要看正经人谁写日记啊那个片段""}",,,,,,,,,,,,,,,
影视,搜索我命由我不由天的那段,vod_clip_lines_search,vod_fuzzy_search,"{""query"": ""搜索我命由我不由天的那段""}",,,,,,,,,,,,,,,
影视,跳到现实生活可比墙上的标语复杂多了的片段,vod_clip_lines_search,vod_fuzzy_search,"{""query"": ""跳到现实生活可比墙上的标语复杂多了的片段""}",,,,,,,,,,,,,,,
影视,请帮我播一下天亮前的夜，最难熬那个片段呗,vod_clip_lines_search,vod_fuzzy_search,"{""query"": ""请帮我播一下天亮前的夜，最难熬那个片段呗""}",,,,,,,,,,,,,,,
影视,"我要看那段我已无法返航,你们继续努力的视频",vod_clip_lines_search,vod_fuzzy_search,"{""query"": ""我要看那段我已无法返航,你们继续努力的视频""}",,,,,,,,,,,,,,,
影视,"我想看一个人可以被毁灭,但不能被打败的那个片段吗",vod_clip_lines_search,vod_fuzzy_search,"{""query"": ""我想看一个人可以被毁灭,但不能被打败的那个片段吗""}",,,,,,,,,,,,,,,
影视,搜索要怀疑我们怀疑的怀疑的台词片段,vod_clip_lines_search,vod_fuzzy_search,"{""query"": ""搜索要怀疑我们怀疑的怀疑的台词片段""}",,,,,,,,,,,,,,,
影视,找一下台词你过来啊这段视频,vod_clip_lines_search,vod_fuzzy_search,"{""query"": ""找一下台词你过来啊这段视频""}",,,,,,,,,,,,,,,
影视,燕子!燕子没有你我怎么活啊这段台词的视频在哪,vod_clip_lines_search,vod_fuzzy_search,"{""query"": ""燕子!燕子没有你我怎么活啊这段台词的视频在哪""}",,,,,,,,,,,,,,,
影视,"帮我播电影片段，说的是我在人群中,总能第一眼就看到你",vod_clip_lines_search,vod_fuzzy_search,"{""query"": ""帮我播电影片段，说的是我在人群中,总能第一眼就看到你""}",,,,,,,,,,,,,,,
影视,帮我看‌生我者父母，知我者唐兄啊的搞笑片段,vod_clip_lines_search,vod_fuzzy_search,"{""query"": ""帮我看‌生我者父母，知我者唐兄啊的搞笑片段""}",,,,,,,,,,,,,,,
影视,"查找做生意,时间很重要的片段那段",vod_clip_lines_search,vod_fuzzy_search,"{""query"": ""查找做生意,时间很重要的片段那段""}",,,,,,,,,,,,,,,
影视,播有此头不可低，此腰不能弯那个片段,vod_clip_lines_search,vod_fuzzy_search,"{""query"": ""播有此头不可低，此腰不能弯那个片段""}",,,,,,,,,,,,,,,
影视,麻烦放一下你妈没告诉你别欺负熊孩子吗的电影片段啊,vod_clip_lines_search,vod_fuzzy_search,"{""query"": ""麻烦放一下你妈没告诉你别欺负熊孩子吗的电影片段啊""}",,,,,,,,,,,,,,,
影视,"我是尊重规则,但它得公平啊那段视频帮我找找",vod_clip_lines_search,vod_fuzzy_search,"{""query"": ""我是尊重规则,但它得公平啊那段视频帮我找找""}",,,,,,,,,,,,,,,
影视,帮我查找一下电视剧片段是既生瑜，何生亮？,vod_clip_lines_search,vod_fuzzy_search,"{""query"": ""帮我查找一下电视剧片段是既生瑜，何生亮？""}",,,,,,,,,,,,,,,
影视,鞠躬尽瘁，死而后已的电视剧,vod_clip_lines_search,vod_fuzzy_search,"{""query"": ""鞠躬尽瘁，死而后已的电视剧""}",,,,,,,,,,,,,,,
影视,起播人活着就是折腾的视频,vod_clip_lines_search,vod_fuzzy_search,"{""query"": ""起播人活着就是折腾的视频""}",,,,,,,,,,,,,,,
影视,"放一下今天你我,划地绝交的片段的感人片段呗",vod_clip_lines_search,vod_fuzzy_search,"{""query"": ""放一下今天你我,划地绝交的片段的感人片段呗""}",,,,,,,,,,,,,,,
影视,找满江红里这计划赌的不是局，是人的片段,vod_clip_lines_search,vod_fuzzy_search,"{""query"": ""找满江红里这计划赌的不是局，是人的片段""}",,,,,,,,,,,,,,,
影视,看下西游记我叫你一声你敢答应吗?,vod_clip_lines_search,vod_fuzzy_search,"{""query"": ""看下西游记我叫你一声你敢答应吗?""}",,,,,,,,,,,,,,,
影视,播放功夫我发起疯来连自己都怕。,vod_clip_lines_search,vod_fuzzy_search,"{""query"": ""播放功夫我发起疯来连自己都怕。""}",,,,,,,,,,,,,,,
影视,播放隐秘的角落里您看我还有机会吗?那段戏,vod_clip_lines_search,vod_fuzzy_search,"{""query"": ""播放隐秘的角落里您看我还有机会吗?那段戏""}",,,,,,,,,,,,,,,
影视,看下熊出没之雪岭熊风，熊就要有个熊样,vod_clip_lines_search,vod_fuzzy_search,"{""query"": ""看下熊出没之雪岭熊风，熊就要有个熊样""}",,,,,,,,,,,,,,,
影视,"找封神第一部马看到什么,是人决定的",vod_clip_lines_search,vod_fuzzy_search,"{""query"": ""找封神第一部马看到什么,是人决定的""}",,,,,,,,,,,,,,,
影视,找一下功夫熊猫4，就算赢不了，我也要试一试的片段,vod_clip_lines_search,vod_fuzzy_search,"{""query"": ""找一下功夫熊猫4，就算赢不了，我也要试一试的片段""}",,,,,,,,,,,,,,,
影视,给我看杉杉来了电视剧里老板，撑死算工伤吗？的那集片段,vod_clip_lines_search,vod_fuzzy_search,"{""query"": ""给我看杉杉来了电视剧里老板，撑死算工伤吗？的那集片段""}",,,,,,,,,,,,,,,
影视,帮我播放士兵突击里有意义就是好好活，好好活就是做有意义的事。那个片段,vod_clip_lines_search,vod_fuzzy_search,"{""query"": ""帮我播放士兵突击里有意义就是好好活，好好活就是做有意义的事。那个片段""}",,,,,,,,,,,,,,,
影视,我想看蜘蛛侠说能力越大，责任越大的场景,vod_clip_lines_search,vod_fuzzy_search,"{""query"": ""我想看蜘蛛侠说能力越大，责任越大的场景""}",,,,,,,,,,,,,,,
影视,蜘蛛侠：平行宇宙的不管遭受多少次打击，我最终总是会爬起来片段,vod_clip_lines_search,vod_fuzzy_search,"{""query"": ""蜘蛛侠：平行宇宙的不管遭受多少次打击，我最终总是会爬起来片段""}",,,,,,,,,,,,,,,
影视,逐玉破窗之吻名场面,vod_clip_plot_search,vod_fuzzy_search,"{""query"": ""逐玉破窗之吻名场面""}",,,,,,,,,,,,,,,
影视,甄嬛传倚梅园许愿名场面,vod_clip_plot_search,vod_fuzzy_search,"{""query"": ""甄嬛传倚梅园许愿名场面""}",,,,,,,,,,,,,,,
影视,大话西游紫霞仙子眨眼名场面,vod_clip_plot_search,vod_fuzzy_search,"{""query"": ""大话西游紫霞仙子眨眼名场面""}",,,,,,,,,,,,,,,
影视,华强买瓜片段,vod_clip_plot_search,vod_fuzzy_search,"{""query"": ""华强买瓜片段""}",,,,,,,,,,,,,,,
影视,碟中谍阿汤哥倒吊潜入场面,vod_clip_plot_search,vod_fuzzy_search,"{""query"": ""碟中谍阿汤哥倒吊潜入场面""}",,,,,,,,,,,,,,,
影视,星爷我养你啊场面,vod_clip_plot_search,vod_fuzzy_search,"{""query"": ""星爷我养你啊场面""}",,,,,,,,,,,,,,,
影视,《东成西就》欧阳锋香肠嘴名场面,vod_clip_plot_search,vod_fuzzy_search,"{""query"": ""《东成西就》欧阳锋香肠嘴名场面""}",,,,,,,,,,,,,,,
影视,《花样年华》梁朝伟墙洞倾诉‌的名场面,vod_clip_plot_search,vod_fuzzy_search,"{""query"": ""《花样年华》梁朝伟墙洞倾诉‌的名场面""}",,,,,,,,,,,,,,,
影视,收看电视剧生万物，宁绣绣雪地红衣断亲的那段戏,vod_clip_plot_search,vod_fuzzy_search,"{""query"": ""收看电视剧生万物，宁绣绣雪地红衣断亲的那段戏""}",,,,,,,,,,,,,,,
影视,我想看电影《英雄》胡杨林打斗场面,vod_clip_plot_search,vod_fuzzy_search,"{""query"": ""我想看电影《英雄》胡杨林打斗场面""}",,,,,,,,,,,,,,,
影视,武林外传，吕秀才智斗姬无命的高光名场面,vod_clip_plot_search,vod_fuzzy_search,"{""query"": ""武林外传，吕秀才智斗姬无命的高光名场面""}",,,,,,,,,,,,,,,
影视,潜伏中，翠平打麻将口误的那个片段,vod_clip_plot_search,vod_fuzzy_search,"{""query"": ""潜伏中，翠平打麻将口误的那个片段""}",,,,,,,,,,,,,,,
影视,播放《卧虎藏龙》章子怡竹林打斗的片段,vod_clip_plot_search,vod_fuzzy_search,"{""query"": ""播放《卧虎藏龙》章子怡竹林打斗的片段""}",,,,,,,,,,,,,,,
影视,《甜蜜蜜》电影里，张曼玉认尸笑场名场面,vod_clip_plot_search,vod_fuzzy_search,"{""query"": ""《甜蜜蜜》电影里，张曼玉认尸笑场名场面""}",,,,,,,,,,,,,,,
影视,《九品芝麻官》里，周星驰吞剑的戏,vod_clip_plot_search,vod_fuzzy_search,"{""query"": ""《九品芝麻官》里，周星驰吞剑的戏""}",,,,,,,,,,,,,,,
影视,西红柿首富里魏翔吃乳猪的片段,vod_clip_plot_search,vod_fuzzy_search,"{""query"": ""西红柿首富里魏翔吃乳猪的片段""}",,,,,,,,,,,,,,,
影视,刘德华在《天若有情》婚纱摩托狂飙‌的封神镜头,vod_clip_plot_search,vod_fuzzy_search,"{""query"": ""刘德华在《天若有情》婚纱摩托狂飙‌的封神镜头""}",,,,,,,,,,,,,,,
影视,甄嬛甘露寺回宫片段,vod_clip_plot_search,vod_fuzzy_search,"{""query"": ""甄嬛甘露寺回宫片段""}",,,,,,,,,,,,,,,
影视,高启强黑化成为黑社会老大片段,vod_clip_plot_search,vod_fuzzy_search,"{""query"": ""高启强黑化成为黑社会老大片段""}",,,,,,,,,,,,,,,
影视,白浅取回眼睛反转片段,vod_clip_plot_search,vod_fuzzy_search,"{""query"": ""白浅取回眼睛反转片段""}",,,,,,,,,,,,,,,
影视,樊长玉揭露李丞相阴谋复仇片段,vod_clip_plot_search,vod_fuzzy_search,"{""query"": ""樊长玉揭露李丞相阴谋复仇片段""}",,,,,,,,,,,,,,,
影视,想看范云独立搞事业、朝堂爽戏的那场戏,vod_clip_plot_search,vod_fuzzy_search,"{""query"": ""想看范云独立搞事业、朝堂爽戏的那场戏""}",,,,,,,,,,,,,,,
影视,回放聚餐欧阳懿酒后痛哭，吐露多年磨难委屈的那一段,vod_clip_plot_search,vod_fuzzy_search,"{""query"": ""回放聚餐欧阳懿酒后痛哭，吐露多年磨难委屈的那一段""}",,,,,,,,,,,,,,,
影视,跳转到黄彩玲突发急病，吐露真相的那段视频,vod_clip_plot_search,vod_fuzzy_search,"{""query"": ""跳转到黄彩玲突发急病，吐露真相的那段视频""}",,,,,,,,,,,,,,,
影视,回看曹建军为追嫌犯车祸重伤，抢救无效牺牲的片段,vod_clip_plot_search,vod_fuzzy_search,"{""query"": ""回看曹建军为追嫌犯车祸重伤，抢救无效牺牲的片段""}",,,,,,,,,,,,,,,
影视,帮我播放队友拿下盗猎头目，想私刑被白菊拦下的那个片段,vod_clip_plot_search,vod_fuzzy_search,"{""query"": ""帮我播放队友拿下盗猎头目，想私刑被白菊拦下的那个片段""}",,,,,,,,,,,,,,,
影视,林美月和韩栋审讯室镜面夫妻对峙的视频片段,vod_clip_plot_search,vod_fuzzy_search,"{""query"": ""林美月和韩栋审讯室镜面夫妻对峙的视频片段""}",,,,,,,,,,,,,,,
影视,播放问心2致敬李晟医生的那段戏,vod_clip_plot_search,vod_fuzzy_search,"{""query"": ""播放问心2致敬李晟医生的那段戏""}",,,,,,,,,,,,,,,
影视,起播张一昂火车站意外擒获A级通缉犯的视频片段,vod_clip_plot_search,vod_fuzzy_search,"{""query"": ""起播张一昂火车站意外擒获A级通缉犯的视频片段""}",,,,,,,,,,,,,,,
影视,我想看程兵和队友跨越千里追凶途中互相宽慰那场戏,vod_clip_plot_search,vod_fuzzy_search,"{""query"": ""我想看程兵和队友跨越千里追凶途中互相宽慰那场戏""}",,,,,,,,,,,,,,,
影视,林品如高调回归复仇那场戏,vod_clip_plot_search,vod_fuzzy_search,"{""query"": ""林品如高调回归复仇那场戏""}",,,,,,,,,,,,,,,
影视,“地球是很危险的，你快点回火星吧！”这句话出自哪个视频,vod_clip_source_search,vod_fuzzy_search,"{""query"": ""“地球是很危险的，你快点回火星吧！”这句话出自哪个视频""}",,,,,,,,,,,,,,,
影视,小强你怎么了小强，这句话是谁在哪部电影里说的,vod_clip_source_search,vod_fuzzy_search,"{""query"": ""小强你怎么了小强，这句话是谁在哪部电影里说的""}",,,,,,,,,,,,,,,
影视,我想挑战一下我的软肋是什么电影,vod_clip_source_search,vod_fuzzy_search,"{""query"": ""我想挑战一下我的软肋是什么电影""}",,,,,,,,,,,,,,,
影视,风浪越大，鱼越贵这句台词出自哪里,vod_clip_source_search,vod_fuzzy_search,"{""query"": ""风浪越大，鱼越贵这句台词出自哪里""}",,,,,,,,,,,,,,,
影视,生而平凡，也能拼出一条出路出自什么影视剧？,vod_clip_source_search,vod_fuzzy_search,"{""query"": ""生而平凡，也能拼出一条出路出自什么影视剧？""}",,,,,,,,,,,,,,,
影视,‌“打得一拳开，免得百拳来”‌‌这句台词来自哪部电影,vod_clip_source_search,vod_fuzzy_search,"{""query"": ""‌“打得一拳开，免得百拳来”‌‌这句台词来自哪部电影""}",,,,,,,,,,,,,,,
影视,臣妾做不到啊是啊哪部片子的来看,vod_clip_source_search,vod_fuzzy_search,"{""query"": ""臣妾做不到啊是啊哪部片子的来看""}",,,,,,,,,,,,,,,
影视,你知道 “打不过就溜” 是哪部剧的？,vod_clip_source_search,vod_fuzzy_search,"{""query"": ""你知道 “打不过就溜” 是哪部剧的？""}",,,,,,,,,,,,,,,
影视,剑锋所指，所向披靡！是来自哪个电视剧,vod_clip_source_search,vod_fuzzy_search,"{""query"": ""剑锋所指，所向披靡！是来自哪个电视剧""}",,,,,,,,,,,,,,,
影视,哪部电影里有这句台词：我没有想赢，我只是不想输,vod_clip_source_search,vod_fuzzy_search,"{""query"": ""哪部电影里有这句台词：我没有想赢，我只是不想输""}",,,,,,,,,,,,,,,
影视,这句台词外滩的灯，永远为生意人亮着，出自哪儿,vod_clip_source_search,vod_fuzzy_search,"{""query"": ""这句台词外滩的灯，永远为生意人亮着，出自哪儿""}",,,,,,,,,,,,,,,
影视,人生除死无大事，这句台词是哪部剧的？,vod_clip_source_search,vod_fuzzy_search,"{""query"": ""人生除死无大事，这句台词是哪部剧的？""}",,,,,,,,,,,,,,,
影视,他强任他强清风拂山岗是什么剧里的,vod_clip_source_search,vod_fuzzy_search,"{""query"": ""他强任他强清风拂山岗是什么剧里的""}",,,,,,,,,,,,,,,
影视,‌“不抛弃，不放弃！”‌是哪部剧里的台词,vod_clip_source_search,vod_fuzzy_search,"{""query"": ""‌“不抛弃，不放弃！”‌是哪部剧里的台词""}",,,,,,,,,,,,,,,
影视,“陆地对我来说是一艘太大的船” 这句台词来自哪部影片？,vod_clip_source_search,vod_fuzzy_search,"{""query"": ""“陆地对我来说是一艘太大的船” 这句台词来自哪部影片？""}",,,,,,,,,,,,,,,
影视,“我对你何止半分真心” 出自哪部剧,vod_clip_source_search,vod_fuzzy_search,"{""query"": ""“我对你何止半分真心” 出自哪部剧""}",,,,,,,,,,,,,,,
影视,做生意，讲究的是体面来自哪部剧,vod_clip_source_search,vod_fuzzy_search,"{""query"": ""做生意，讲究的是体面来自哪部剧""}",,,,,,,,,,,,,,,
影视,华强买瓜出自哪部剧,vod_clip_source_search,vod_fuzzy_search,"{""query"": ""华强买瓜出自哪部剧""}",,,,,,,,,,,,,,,
影视,那个警察退休后追查旧案的剧叫什么,vod_clip_source_search,vod_fuzzy_search,"{""query"": ""那个警察退休后追查旧案的剧叫什么""}",,,,,,,,,,,,,,,
影视,苏明玉逆袭那段是都挺好第几集,vod_clip_source_search,vod_fuzzy_search,"{""query"": ""苏明玉逆袭那段是都挺好第几集""}",,,,,,,,,,,,,,,
影视,逐玉男女主隔着窗户吃陈皮糖暧昧拉扯是第几集？,vod_clip_source_search,vod_fuzzy_search,"{""query"": ""逐玉男女主隔着窗户吃陈皮糖暧昧拉扯是第几集？""}",,,,,,,,,,,,,,,
影视,那部讲核潜艇研发的电视剧叫什么,vod_clip_source_search,vod_fuzzy_search,"{""query"": ""那部讲核潜艇研发的电视剧叫什么""}",,,,,,,,,,,,,,,
影视,江立伟独自关闭火场阀门出自哪部片子,vod_clip_source_search,vod_fuzzy_search,"{""query"": ""江立伟独自关闭火场阀门出自哪部片子""}",,,,,,,,,,,,,,,
影视,人世间周家三兄妹团圆是哪集,vod_clip_source_search,vod_fuzzy_search,"{""query"": ""人世间周家三兄妹团圆是哪集""}",,,,,,,,,,,,,,,
影视,那部讲电竞选手退役后当教练的剧叫什么,vod_clip_source_search,vod_fuzzy_search,"{""query"": ""那部讲电竞选手退役后当教练的剧叫什么""}",,,,,,,,,,,,,,,
影视,苏无名解读繁华背后暗藏阴影出自哪部探案剧,vod_clip_source_search,vod_fuzzy_search,"{""query"": ""苏无名解读繁华背后暗藏阴影出自哪部探案剧""}",,,,,,,,,,,,,,,
影视,那个男主隐居江湖十年身中剧毒的古装剧叫什么,vod_clip_source_search,vod_fuzzy_search,"{""query"": ""那个男主隐居江湖十年身中剧毒的古装剧叫什么""}",,,,,,,,,,,,,,,
影视,战狼2冷锋举国旗那段在第几分钟,vod_clip_source_search,vod_fuzzy_search,"{""query"": ""战狼2冷锋举国旗那段在第几分钟""}",,,,,,,,,,,,,,,
影视,东方青苍为小兰花逆天改命是哪集,vod_clip_source_search,vod_fuzzy_search,"{""query"": ""东方青苍为小兰花逆天改命是哪集""}",,,,,,,,,,,,,,,
影视,长相思小夭梅林虐杀是第几集,vod_clip_source_search,vod_fuzzy_search,"{""query"": ""长相思小夭梅林虐杀是第几集""}",,,,,,,,,,,,,,,
影视,大明王朝海瑞下狱是哪集,vod_clip_source_search,vod_fuzzy_search,"{""query"": ""大明王朝海瑞下狱是哪集""}",,,,,,,,,,,,,,,
