业务域,query,是否合理,tool1,param1,tool2,param2,源行号
串行,搜一下胡歌演的电影，然后再问问刚才搜到的胡歌的电影里，评分最高的一部的导演是谁,合理,vod_search,"{
 ""action"": ""search"",
 ""retext"": ""搜一下胡歌演的电影"",
 ""query"": {
 ""and"": [
 {
 ""field"": ""actor"",
 ""value"": ""胡歌""
 }
 ]
 },
 ""sort"": {
 ""rate"": {
 ""order"": ""desc""
 }
 }
}",fan_knowledge_agent,"{
 ""query"": ""攀登者的导演是谁""
}",2
串行,搜一下周星驰演的电影，然后再问问周星驰演的电影里最经典的一部，主演的导演还导过哪些片子,合理,vod_search,"{
 ""action"": ""search"",
 ""retext"": ""搜一下周星驰演的电影"",
 ""query"": {
 ""and"": [
 {
 ""field"": ""actor"",
 ""value"": ""周星驰""
 }
 ]
 },
 ""sort"": {
 ""rate"": {
 ""order"": ""desc""
 }
 }
}",fan_knowledge_agent,"{
 ""query"": ""江湖最后一个大佬主演的导演还导过哪些片子""
}",3
串行,搜一下梁朝伟演的电影，然后再问问刚才搜到的梁朝伟的电影里，评分最高的一部的导演是谁,合理,vod_search,"{
 ""action"": ""search"",
 ""retext"": ""搜一下梁朝伟演的电影"",
 ""query"": {
 ""and"": [
 {
 ""field"": ""actor"",
 ""value"": ""梁朝伟""
 }
 ]
 },
 ""sort"": {
 ""rate"": {
 ""order"": ""desc""
 }
 }
}",fan_knowledge_agent,"{
 ""query"": ""黑狱断肠歌之砌生猪肉（粤语）的导演是谁""
}",4
串行,搜一下宁浩导演的电影，然后再问问宁浩导演的影片里评分最高的一部，主演是谁，他还演过哪些佳作,合理,vod_search,"{
 ""action"": ""search"",
 ""retext"": ""搜一下宁浩导演的电影"",
 ""query"": {
 ""and"": [
 {
 ""field"": ""director"",
 ""value"": ""宁浩""
 }
 ]
 },
 ""sort"": {
 ""rate"": {
 ""order"": ""desc""
 }
 }
}",fan_knowledge_agent,"{
 ""query"": ""疯狂的石头，主演是谁，他还演过哪些佳作""
}",5
串行,帮我搜一下黄渤演的电影，然后问问这些电影里评分最高的一部，讲的是什么故事,合理,vod_search,"{
 ""action"": ""search"",
 ""retext"": ""帮我搜一下黄渤演的电影"",
 ""query"": {
 ""and"": [
 {
 ""field"": ""actor"",
 ""value"": ""黄渤""
 },
 {
 ""field"": ""category"",
 ""value"": ""电影""
 }
 ]
 },
 ""sort"": {
 ""rate"": {
 ""order"": ""desc""
 }
 }
}",fan_knowledge_agent,"{
 ""query"": ""穿过寒冬拥抱你（武汉话）讲的是什么故事""
}",6
串行,搜一下张译或者王宝强演的电影，然后问问其中人气最高的一部是哪一年上映的,合理,vod_search,"{
 ""action"": ""search"",
 ""retext"": ""搜一下张译或者王宝强演的电影"",
 ""query"": {
 ""and"": [
 {
 ""field"": ""actor"",
 ""values"": [
 ""张译"",
 ""王宝强""
 ],
 ""operator"": ""or""
 },
 {
 ""field"": ""category"",
 ""value"": ""电影""
 }
 ]
 },
 ""sort"": {
 ""hot"": {
 ""order"": ""desc""
 }
 }
}",fan_knowledge_agent,"{
 ""query"": ""攀登者是哪一年上映的""
}",7
串行,帮我找一下郑晓龙导演的电视剧，然后问问最新的一部里有哪些主演,合理,vod_search,"{
 ""action"": ""search"",
 ""retext"": ""帮我找一下郑晓龙导演的电视剧"",
 ""query"": {
 ""and"": [
 {
 ""field"": ""director"",
 ""value"": ""郑晓龙""
 },
 {
 ""field"": ""category"",
 ""value"": ""电视剧""
 }
 ]
 },
 ""sort"": {
 ""new"": {
 ""order"": ""desc""
 }
 }
}",fan_knowledge_agent,"{
 ""query"": ""刑警使命里有哪些主演""
}",8
串行,搜一下周迅和李安合作的电影，然后问问评分最高的一部获得过什么奖项,合理,vod_search,"{
 ""action"": ""search"",
 ""retext"": ""搜一下周迅和李安合作的电影"",
 ""query"": {
 ""and"": [
 {
 ""field"": ""actor"",
 ""value"": ""周迅""
 },
 {
 ""field"": ""director"",
 ""value"": ""李安""
 }
 ]
 },
 ""sort"": {
 ""rate"": {
 ""order"": ""desc""
 }
 }
}",fan_knowledge_agent,"{
 ""query"": ""色戒获得过什么奖项""
}",9
串行,搜一下韩国的电视剧，然后问问评分最高的一部男主角是谁,合理,vod_search_all,"{
 ""action"": ""search"",
 ""retext"": ""搜一下韩国的电视剧"",
 ""query"": {
 ""and"": [
 {
 ""field"": ""area"",
 ""value"": ""韩国""
 },
 {
 ""field"": ""category"",
 ""value"": ""电视剧""
 }
 ]
 },
 ""sort"": {
 ""rate"": {
 ""order"": ""desc""
 }
 }
}",fan_knowledge_agent,"{
 ""query"": ""《来自星星的你》男主角是谁""
}",10
串行,搜一下大陆或者香港拍的电影，然后问问人气最高的一部导演是谁,合理,vod_search_all,"{
 ""action"": ""search"",
 ""retext"": ""搜一下大陆或者香港拍的电影"",
 ""query"": {
 ""and"": [
 {
 ""field"": ""area"",
 ""values"": [
 ""中国大陆"",
 ""中国香港""
 ],
 ""operator"": ""or""
 },
 {
 ""field"": ""category"",
 ""value"": ""电影""
 }
 ]
 },
 ""sort"": {
 ""hot"": {
 ""order"": ""desc""
 }
 }
}",fan_knowledge_agent,"{
 ""query"": ""飞驰人生2（IMAX）导演是谁""
}",11
串行,搜一下陈可辛导演的电影，然后问问播放量最高的一部票房怎么样,合理,vod_search_all,"{
 ""action"": ""search"",
 ""retext"": ""搜一下陈可辛导演的电影"",
 ""query"": {
 ""and"": [
 {
 ""field"": ""director"",
 ""value"": ""陈可辛""
 },
 {
 ""field"": ""category"",
 ""value"": ""电影""
 }
 ]
 },
 ""sort"": {
 ""play"": {
 ""order"": ""desc""
 }
 }
}",fan_knowledge_agent,"{
 ""query"": ""嫲嫲帆帆票房怎么样""
}",12
串行,搜一下章子怡或者巩俐演的电影，然后问问评分最高的一部是哪一年拍的,合理,vod_search_all,"{
 ""action"": ""search"",
 ""retext"": ""搜一下章子怡或者巩俐演的电影"",
 ""query"": {
 ""and"": [
 {
 ""field"": ""actor"",
 ""values"": [
 ""章子怡"",
 ""巩俐""
 ],
 ""operator"": ""or""
 },
 {
 ""field"": ""category"",
 ""value"": ""电影""
 }
 ]
 },
 ""sort"": {
 ""rate"": {
 ""order"": ""desc""
 }
 }
}",fan_knowledge_agent,"{
 ""query"": ""2046（粤语）是哪一年拍的""
}",13
串行,帮我找一下那个骑着蓝色大鸟到处送快递的机器人的动画片，然后问问这部动画片的导演是谁,合理,vod_fuzzy_search,"{
 ""query"": ""那个骑着蓝色大鸟到处送快递的机器人的动画片""
}",fan_knowledge_agent,"{
 ""query"": ""《逗鸟外传：萌宝满天飞》的导演是谁""
}",14
串行,帮我找一下那个演功夫片的胖子导演拍的高分电影，然后问问这部电影的主演都有谁,合理,vod_fuzzy_search,"{
 ""query"": ""那个演功夫片的胖子导演拍的高分电影""
}",fan_knowledge_agent,"{
 ""query"": ""A计划的主演都有谁""
}",15
串行,人生就像一盒巧克力这句台词是哪部电影里的，然后问问这部电影是哪一年上映的,合理,vod_fuzzy_search,"{
 ""query"": ""人生就像一盒巧克力这句台词是哪部电影里的""
}",fan_knowledge_agent,"{
 ""query"": ""阿甘正传是哪一年上映的""
}",16
串行,帮我找一下主角在沙漠里找水的那部电影，然后问问这部电影的男主角是谁演的,合理,vod_fuzzy_search,"{
 ""query"": ""主角在沙漠里找水的那部电影""
}",fan_knowledge_agent,"{
 ""query"": ""《撒哈拉》的男主角是谁演的""
}",17
串行,帮我找一下不是国产的、评分很高的、最近几年的科幻片，然后问问这部电影讲的是什么故事,合理,vod_fuzzy_search,"{
 ""query"": ""不是国产的、评分很高的、最近几年的科幻片""
}",fan_knowledge_agent,"{
 ""query"": ""星际穿越讲的是什么故事""
}",18
串行,帮我推荐一些和流浪地球相关的电影，然后问问推荐结果里的第一部讲的是什么故事,合理,vod_relate_search,"{
 ""query"": {
 ""field"": ""title"",
 ""value"": ""流浪地球""
 }
}",fan_knowledge_agent,"{
 ""query"": ""流浪地球2讲的是什么故事""
}",19
串行,推荐一些刘德华主演的相关影片，然后问问推荐结果里的第一部是哪一年上映的,合理,vod_relate_search,"{
 ""query"": {
 ""field"": ""actor"",
 ""value"": ""刘德华""
 }
}",fan_knowledge_agent,"{
 ""query"": ""无间道是哪一年上映的""
}",20
串行,推荐一些张艺谋导演的相关作品，然后问问推荐结果里的第一部主演是谁,合理,vod_relate_search,"{
 ""query"": {
 ""field"": ""director"",
 ""value"": ""张艺谋""
 }
}",fan_knowledge_agent,"{
 ""query"": ""活着主演是谁""
}",21
串行,推荐一些纪录片类的相关内容，然后问问推荐结果里的第一部讲的是什么主题,合理,vod_relate_search,"{
 ""query"": {
 ""field"": ""category"",
 ""value"": ""纪录片""
 }
}",fan_knowledge_agent,"{
 ""query"": ""地球脉动讲的是什么主题""
}",22
串行,推荐一些和琅琊榜类似的电视剧，然后问问推荐结果里的第一部评分怎么样,合理,vod_relate_search,"{
 ""query"": {
 ""and"": [
 {
 ""field"": ""title"",
 ""value"": ""琅琊榜""
 },
 {
 ""field"": ""category"",
 ""value"": ""电视剧""
 }
 ]
 }
}",fan_knowledge_agent,"{
 ""query"": ""伪装者评分怎么样""
}",23
串行,搜一下吴京导演的电影，然后再问问吴京导演的影片里评分最高的一部，主演是谁，他还演过哪些佳作,合理,vod_search,"{
 ""action"": ""search"",
 ""retext"": ""搜一下吴京导演的电影"",
 ""query"": {
 ""and"": [
 {
 ""field"": ""director"",
 ""value"": ""吴京""
 }
 ]
 },
 ""sort"": {
 ""rate"": {
 ""order"": ""desc""
 }
 }
}",fan_knowledge_agent,"{
 ""query"": ""狼牙主演是谁，他还演过哪些佳作""
}",24
串行,搜一下刘德华演的电影，然后问问评分最高的一部的导演是谁,合理,vod_search,"{
 ""action"": ""search"",
 ""retext"": ""搜一下刘德华演的电影"",
 ""query"": {
 ""and"": [
 {
 ""field"": ""actor"",
 ""value"": ""刘德华""
 },
 {
 ""field"": ""category"",
 ""value"": ""电影""
 }
 ]
 },
 ""sort"": {
 ""rate"": {
 ""order"": ""desc""
 }
 }
}",fan_knowledge_agent,"{
 ""query"": ""无间道的导演是谁""
}",25
串行,搜一下张国荣演的电影，然后问问评分最高的一部讲的是什么故事,合理,vod_search,"{
 ""action"": ""search"",
 ""retext"": ""搜一下张国荣演的电影"",
 ""query"": {
 ""and"": [
 {
 ""field"": ""actor"",
 ""value"": ""张国荣""
 },
 {
 ""field"": ""category"",
 ""value"": ""电影""
 }
 ]
 },
 ""sort"": {
 ""rate"": {
 ""order"": ""desc""
 }
 }
}",fan_knowledge_agent,"{
 ""query"": ""霸王别姬讲的是什么故事""
}",26
串行,搜一下周润发演的电影，然后问问人气最高的一部是哪一年上映的,合理,vod_search,"{
 ""action"": ""search"",
 ""retext"": ""搜一下周润发演的电影"",
 ""query"": {
 ""and"": [
 {
 ""field"": ""actor"",
 ""value"": ""周润发""
 },
 {
 ""field"": ""category"",
 ""value"": ""电影""
 }
 ]
 },
 ""sort"": {
 ""hot"": {
 ""order"": ""desc""
 }
 }
}",fan_knowledge_agent,"{
 ""query"": ""英雄本色是哪一年上映的""
}",27
串行,搜一下梁家辉演的电影，然后问问评分最高的一部获得过什么奖项,合理,vod_search,"{
 ""action"": ""search"",
 ""retext"": ""搜一下梁家辉演的电影"",
 ""query"": {
 ""and"": [
 {
 ""field"": ""actor"",
 ""value"": ""梁家辉""
 },
 {
 ""field"": ""category"",
 ""value"": ""电影""
 }
 ]
 },
 ""sort"": {
 ""rate"": {
 ""order"": ""desc""
 }
 }
}",fan_knowledge_agent,"{
 ""query"": ""黑社会获得过什么奖项""
}",28
串行,搜一下葛优演的电影，然后问问评分最高的一部主演都有谁,合理,vod_search,"{
 ""action"": ""search"",
 ""retext"": ""搜一下葛优演的电影"",
 ""query"": {
 ""and"": [
 {
 ""field"": ""actor"",
 ""value"": ""葛优""
 },
 {
 ""field"": ""category"",
 ""value"": ""电影""
 }
 ]
 },
 ""sort"": {
 ""rate"": {
 ""order"": ""desc""
 }
 }
}",fan_knowledge_agent,"{
 ""query"": ""活着主演都有谁""
}",29
串行,搜一下沈腾演的电影，然后问问播放量最高的一部票房怎么样,合理,vod_search,"{
 ""action"": ""search"",
 ""retext"": ""搜一下沈腾演的电影"",
 ""query"": {
 ""and"": [
 {
 ""field"": ""actor"",
 ""value"": ""沈腾""
 },
 {
 ""field"": ""category"",
 ""value"": ""电影""
 }
 ]
 },
 ""sort"": {
 ""play"": {
 ""order"": ""desc""
 }
 }
}",fan_knowledge_agent,"{
 ""query"": ""夏洛特烦恼票房怎么样""
}",30
串行,搜一下徐峥演的电影，然后问问评分最高的一部男主角是谁演的,合理,vod_search,"{
 ""action"": ""search"",
 ""retext"": ""搜一下徐峥演的电影"",
 ""query"": {
 ""and"": [
 {
 ""field"": ""actor"",
 ""value"": ""徐峥""
 },
 {
 ""field"": ""category"",
 ""value"": ""电影""
 }
 ]
 },
 ""sort"": {
 ""rate"": {
 ""order"": ""desc""
 }
 }
}",fan_knowledge_agent,"{
 ""query"": ""我不是药神男主角是谁演的""
}",31
串行,搜一下白百何演的电影，然后问问评分最高的一部导演是谁,合理,vod_search,"{
 ""action"": ""search"",
 ""retext"": ""搜一下白百何演的电影"",
 ""query"": {
 ""and"": [
 {
 ""field"": ""actor"",
 ""value"": ""白百何""
 },
 {
 ""field"": ""category"",
 ""value"": ""电影""
 }
 ]
 },
 ""sort"": {
 ""rate"": {
 ""order"": ""desc""
 }
 }
}",fan_knowledge_agent,"{
 ""query"": ""失恋33天导演是谁""
}",32
串行,搜一下刘亦菲演的电影，然后问问最新的一部讲的是什么故事,合理,vod_search,"{
 ""action"": ""search"",
 ""retext"": ""搜一下刘亦菲演的电影"",
 ""query"": {
 ""and"": [
 {
 ""field"": ""actor"",
 ""value"": ""刘亦菲""
 },
 {
 ""field"": ""category"",
 ""value"": ""电影""
 }
 ]
 },
 ""sort"": {
 ""new"": {
 ""order"": ""desc""
 }
 }
}",fan_knowledge_agent,"{
 ""query"": ""花木兰讲的是什么故事""
}",33
串行,搜一下王凯演的电视剧，然后问问评分最高的一部有哪些主演,合理,vod_search,"{
 ""action"": ""search"",
 ""retext"": ""搜一下王凯演的电视剧"",
 ""query"": {
 ""and"": [
 {
 ""field"": ""actor"",
 ""value"": ""王凯""
 },
 {
 ""field"": ""category"",
 ""value"": ""电视剧""
 }
 ]
 },
 ""sort"": {
 ""rate"": {
 ""order"": ""desc""
 }
 }
}",fan_knowledge_agent,"{
 ""query"": ""大江大河有哪些主演""
}",34
串行,搜一下孙俪演的电视剧，然后问问评分最高的一部女主角是谁,合理,vod_search,"{
 ""action"": ""search"",
 ""retext"": ""搜一下孙俪演的电视剧"",
 ""query"": {
 ""and"": [
 {
 ""field"": ""actor"",
 ""value"": ""孙俪""
 },
 {
 ""field"": ""category"",
 ""value"": ""电视剧""
 }
 ]
 },
 ""sort"": {
 ""rate"": {
 ""order"": ""desc""
 }
 }
}",fan_knowledge_agent,"{
 ""query"": ""甄嬛传女主角是谁""
}",35
串行,搜一下赵丽颖演的电视剧，然后问问人气最高的一部讲的是什么故事,合理,vod_search,"{
 ""action"": ""search"",
 ""retext"": ""搜一下赵丽颖演的电视剧"",
 ""query"": {
 ""and"": [
 {
 ""field"": ""actor"",
 ""value"": ""赵丽颖""
 },
 {
 ""field"": ""category"",
 ""value"": ""电视剧""
 }
 ]
 },
 ""sort"": {
 ""hot"": {
 ""order"": ""desc""
 }
 }
}",fan_knowledge_agent,"{
 ""query"": ""知否知否应是绿肥红瘦讲的是什么故事""
}",36
串行,搜一下靳东演的电视剧，然后问问人气最高的一部是哪一年上映的,合理,vod_search,"{
 ""action"": ""search"",
 ""retext"": ""搜一下靳东演的电视剧"",
 ""query"": {
 ""and"": [
 {
 ""field"": ""actor"",
 ""value"": ""靳东""
 },
 {
 ""field"": ""category"",
 ""value"": ""电视剧""
 }
 ]
 },
 ""sort"": {
 ""hot"": {
 ""order"": ""desc""
 }
 }
}",fan_knowledge_agent,"{
 ""query"": ""伪装者是哪一年上映的""
}",37
串行,搜一下黄轩演的电视剧，然后问问最新的一部导演是谁,合理,vod_search,"{
 ""action"": ""search"",
 ""retext"": ""搜一下黄轩演的电视剧"",
 ""query"": {
 ""and"": [
 {
 ""field"": ""actor"",
 ""value"": ""黄轩""
 },
 {
 ""field"": ""category"",
 ""value"": ""电视剧""
 }
 ]
 },
 ""sort"": {
 ""new"": {
 ""order"": ""desc""
 }
 }
}",fan_knowledge_agent,"{
 ""query"": ""风起洛阳导演是谁""
}",38
串行,搜一下雷佳音演的电影，然后问问人气最高的一部讲的是什么故事,合理,vod_search,"{
 ""action"": ""search"",
 ""retext"": ""搜一下雷佳音演的电影"",
 ""query"": {
 ""and"": [
 {
 ""field"": ""actor"",
 ""value"": ""雷佳音""
 },
 {
 ""field"": ""category"",
 ""value"": ""电影""
 }
 ]
 },
 ""sort"": {
 ""hot"": {
 ""order"": ""desc""
 }
 }
}",fan_knowledge_agent,"{
 ""query"": ""人潮汹涌讲的是什么故事""
}",39
串行,搜一下易烊千玺演的电影，然后问问评分最高的一部获得过什么奖项,合理,vod_search,"{
 ""action"": ""search"",
 ""retext"": ""搜一下易烊千玺演的电影"",
 ""query"": {
 ""and"": [
 {
 ""field"": ""actor"",
 ""value"": ""易烊千玺""
 },
 {
 ""field"": ""category"",
 ""value"": ""电影""
 }
 ]
 },
 ""sort"": {
 ""rate"": {
 ""order"": ""desc""
 }
 }
}",fan_knowledge_agent,"{
 ""query"": ""少年的你获得过什么奖项""
}",40
串行,搜一下马伊琍演的电视剧，然后问问评分最高的一部有哪些主演,合理,vod_search,"{
 ""action"": ""search"",
 ""retext"": ""搜一下马伊琍演的电视剧"",
 ""query"": {
 ""and"": [
 {
 ""field"": ""actor"",
 ""value"": ""马伊琍""
 },
 {
 ""field"": ""category"",
 ""value"": ""电视剧""
 }
 ]
 },
 ""sort"": {
 ""rate"": {
 ""order"": ""desc""
 }
 }
}",fan_knowledge_agent,"{
 ""query"": ""我的前半生有哪些主演""
}",41
串行,搜一下殷桃演的电视剧，然后问问评分最高的一部评分怎么样,合理,vod_search,"{
 ""action"": ""search"",
 ""retext"": ""搜一下殷桃演的电视剧"",
 ""query"": {
 ""and"": [
 {
 ""field"": ""actor"",
 ""value"": ""殷桃""
 },
 {
 ""field"": ""category"",
 ""value"": ""电视剧""
 }
 ]
 },
 ""sort"": {
 ""rate"": {
 ""order"": ""desc""
 }
 }
}",fan_knowledge_agent,"{
 ""query"": ""鸡毛飞上天评分怎么样""
}",42
串行,搜一下朱一龙演的电影，然后问问人气最高的一部讲的是什么故事,合理,vod_search,"{
 ""action"": ""search"",
 ""retext"": ""搜一下朱一龙演的电影"",
 ""query"": {
 ""and"": [
 {
 ""field"": ""actor"",
 ""value"": ""朱一龙""
 },
 {
 ""field"": ""category"",
 ""value"": ""电影""
 }
 ]
 },
 ""sort"": {
 ""hot"": {
 ""order"": ""desc""
 }
 }
}",fan_knowledge_agent,"{
 ""query"": ""人生大事讲的是什么故事""
}",43
串行,搜一下杨幂演的电视剧，然后问问人气最高的一部男主角是谁,合理,vod_search,"{
 ""action"": ""search"",
 ""retext"": ""搜一下杨幂演的电视剧"",
 ""query"": {
 ""and"": [
 {
 ""field"": ""actor"",
 ""value"": ""杨幂""
 },
 {
 ""field"": ""category"",
 ""value"": ""电视剧""
 }
 ]
 },
 ""sort"": {
 ""hot"": {
 ""order"": ""desc""
 }
 }
}",fan_knowledge_agent,"{
 ""query"": ""三生三世十里桃花男主角是谁""
}",44
串行,搜一下张艺谋导演的电影，然后问问评分最高的一部主演是谁,合理,vod_search,"{
 ""action"": ""search"",
 ""retext"": ""搜一下张艺谋导演的电影"",
 ""query"": {
 ""and"": [
 {
 ""field"": ""director"",
 ""value"": ""张艺谋""
 },
 {
 ""field"": ""category"",
 ""value"": ""电影""
 }
 ]
 },
 ""sort"": {
 ""rate"": {
 ""order"": ""desc""
 }
 }
}",fan_knowledge_agent,"{
 ""query"": ""活着主演是谁""
}",45
串行,搜一下冯小刚导演的电影，然后问问评分最高的一部讲的是什么故事,合理,vod_search,"{
 ""action"": ""search"",
 ""retext"": ""搜一下冯小刚导演的电影"",
 ""query"": {
 ""and"": [
 {
 ""field"": ""director"",
 ""value"": ""冯小刚""
 },
 {
 ""field"": ""category"",
 ""value"": ""电影""
 }
 ]
 },
 ""sort"": {
 ""rate"": {
 ""order"": ""desc""
 }
 }
}",fan_knowledge_agent,"{
 ""query"": ""甲方乙方讲的是什么故事""
}",46
串行,搜一下陈凯歌导演的电影，然后问问评分最高的一部获得过什么奖项,合理,vod_search,"{
 ""action"": ""search"",
 ""retext"": ""搜一下陈凯歌导演的电影"",
 ""query"": {
 ""and"": [
 {
 ""field"": ""director"",
 ""value"": ""陈凯歌""
 },
 {
 ""field"": ""category"",
 ""value"": ""电影""
 }
 ]
 },
 ""sort"": {
 ""rate"": {
 ""order"": ""desc""
 }
 }
}",fan_knowledge_agent,"{
 ""query"": ""霸王别姬获得过什么奖项""
}",47
串行,搜一下徐克导演的电影，然后问问人气最高的一部男主角是谁演的,合理,vod_search,"{
 ""action"": ""search"",
 ""retext"": ""搜一下徐克导演的电影"",
 ""query"": {
 ""and"": [
 {
 ""field"": ""director"",
 ""value"": ""徐克""
 },
 {
 ""field"": ""category"",
 ""value"": ""电影""
 }
 ]
 },
 ""sort"": {
 ""hot"": {
 ""order"": ""desc""
 }
 }
}",fan_knowledge_agent,"{
 ""query"": ""狄仁杰之通天帝国男主角是谁演的""
}",48
串行,搜一下王家卫导演的电影，然后问问评分最高的一部是哪一年上映的,合理,vod_search,"{
 ""action"": ""search"",
 ""retext"": ""搜一下王家卫导演的电影"",
 ""query"": {
 ""and"": [
 {
 ""field"": ""director"",
 ""value"": ""王家卫""
 },
 {
 ""field"": ""category"",
 ""value"": ""电影""
 }
 ]
 },
 ""sort"": {
 ""rate"": {
 ""order"": ""desc""
 }
 }
}",fan_knowledge_agent,"{
 ""query"": ""花样年华是哪一年上映的""
}",49
串行,搜一下孔笙导演的电视剧，然后问问评分最高的一部有哪些主演,合理,vod_search,"{
 ""action"": ""search"",
 ""retext"": ""搜一下孔笙导演的电视剧"",
 ""query"": {
 ""and"": [
 {
 ""field"": ""director"",
 ""value"": ""孔笙""
 },
 {
 ""field"": ""category"",
 ""value"": ""电视剧""
 }
 ]
 },
 ""sort"": {
 ""rate"": {
 ""order"": ""desc""
 }
 }
}",fan_knowledge_agent,"{
 ""query"": ""琅琊榜有哪些主演""
}",50
串行,搜一下正午阳光导演的电视剧，然后问问评分最高的一部讲的是什么故事,合理,vod_search_all,"{
 ""action"": ""search"",
 ""retext"": ""搜一下正午阳光导演的电视剧"",
 ""query"": {
 ""and"": [
 {
 ""field"": ""company"",
 ""value"": ""正午阳光""
 },
 {
 ""field"": ""category"",
 ""value"": ""电视剧""
 }
 ]
 },
 ""sort"": {
 ""rate"": {
 ""order"": ""desc""
 }
 }
}",fan_knowledge_agent,"{
 ""query"": ""山海情讲的是什么故事""
}",51
串行,搜一下高希希导演的电视剧，然后问问人气最高的一部男主角是谁,合理,vod_search,"{
 ""action"": ""search"",
 ""retext"": ""搜一下高希希导演的电视剧"",
 ""query"": {
 ""and"": [
 {
 ""field"": ""director"",
 ""value"": ""高希希""
 },
 {
 ""field"": ""category"",
 ""value"": ""电视剧""
 }
 ]
 },
 ""sort"": {
 ""hot"": {
 ""order"": ""desc""
 }
 }
}",fan_knowledge_agent,"{
 ""query"": ""三国男主角是谁""
}",52
串行,搜一下李少红导演的电视剧，然后问问评分最高的一部评分怎么样,合理,vod_search,"{
 ""action"": ""search"",
 ""retext"": ""搜一下李少红导演的电视剧"",
 ""query"": {
 ""and"": [
 {
 ""field"": ""director"",
 ""value"": ""李少红""
 },
 {
 ""field"": ""category"",
 ""value"": ""电视剧""
 }
 ]
 },
 ""sort"": {
 ""rate"": {
 ""order"": ""desc""
 }
 }
}",fan_knowledge_agent,"{
 ""query"": ""大明宫词评分怎么样""
}",53
串行,搜一下陈思诚导演的电影，然后问问播放量最高的一部票房怎么样,合理,vod_search,"{
 ""action"": ""search"",
 ""retext"": ""搜一下陈思诚导演的电影"",
 ""query"": {
 ""and"": [
 {
 ""field"": ""director"",
 ""value"": ""陈思诚""
 },
 {
 ""field"": ""category"",
 ""value"": ""电影""
 }
 ]
 },
 ""sort"": {
 ""play"": {
 ""order"": ""desc""
 }
 }
}",fan_knowledge_agent,"{
 ""query"": ""唐人街探案票房怎么样""
}",54
串行,搜一下乌尔善导演的电影，然后问问人气最高的一部讲的是什么故事,合理,vod_search,"{
 ""action"": ""search"",
 ""retext"": ""搜一下乌尔善导演的电影"",
 ""query"": {
 ""and"": [
 {
 ""field"": ""director"",
 ""value"": ""乌尔善""
 },
 {
 ""field"": ""category"",
 ""value"": ""电影""
 }
 ]
 },
 ""sort"": {
 ""hot"": {
 ""order"": ""desc""
 }
 }
}",fan_knowledge_agent,"{
 ""query"": ""封神第一部：朝歌风云讲的是什么故事""
}",55
串行,搜一下郭帆导演的电影，然后问问评分最高的一部导演还导过哪些片子,合理,vod_search,"{
 ""action"": ""search"",
 ""retext"": ""搜一下郭帆导演的电影"",
 ""query"": {
 ""and"": [
 {
 ""field"": ""director"",
 ""value"": ""郭帆""
 },
 {
 ""field"": ""category"",
 ""value"": ""电影""
 }
 ]
 },
 ""sort"": {
 ""rate"": {
 ""order"": ""desc""
 }
 }
}",fan_knowledge_agent,"{
 ""query"": ""流浪地球导演还导过哪些片子""
}",56
串行,搜一下日本的动画电影，然后问问评分最高的一部导演是谁,合理,vod_search_all,"{
 ""action"": ""search"",
 ""retext"": ""搜一下日本的动画电影"",
 ""query"": {
 ""and"": [
 {
 ""field"": ""area"",
 ""value"": ""日本""
 },
 {
 ""field"": ""children_second_genre"",
 ""value"": ""动画电影""
 },
 {
 ""field"": ""category"",
 ""value"": ""电影""
 }
 ]
 },
 ""sort"": {
 ""rate"": {
 ""order"": ""desc""
 }
 }
}",fan_knowledge_agent,"{
 ""query"": ""千与千寻导演是谁""
}",57
串行,搜一下美国的科幻电影，然后问问评分最高的一部讲的是什么故事,合理,vod_search_all,"{
 ""action"": ""search"",
 ""retext"": ""搜一下美国的科幻电影"",
 ""query"": {
 ""and"": [
 {
 ""field"": ""area"",
 ""value"": ""美国""
 },
 {
 ""field"": ""category"",
 ""value"": ""电影""
 }
 ]
 },
 ""sort"": {
 ""rate"": {
 ""order"": ""desc""
 }
 }
}",fan_knowledge_agent,"{
 ""query"": ""星际穿越讲的是什么故事""
}",58
串行,搜一下英国的悬疑电视剧，然后问问评分最高的一部男主角是谁,合理,vod_search_all,"{
 ""action"": ""search"",
 ""retext"": ""搜一下英国的悬疑电视剧"",
 ""query"": {
 ""and"": [
 {
 ""field"": ""area"",
 ""value"": ""英国""
 },
 {
 ""field"": ""category"",
 ""value"": ""电视剧""
 },
 {
 ""field"": ""tag"",
 ""value"": ""悬疑""
 }
 ]
 },
 ""sort"": {
 ""rate"": {
 ""order"": ""desc""
 }
 }
}",fan_knowledge_agent,"{
 ""query"": ""神探夏洛克男主角是谁""
}",59
串行,搜一下法语电影，然后问问评分最高的一部是哪一年上映的,合理,vod_search_all,"{
 ""action"": ""search"",
 ""retext"": ""搜一下法语电影"",
 ""query"": {
 ""and"": [
 {
 ""field"": ""language"",
 ""value"": ""法语""
 },
 {
 ""field"": ""category"",
 ""value"": ""电影""
 }
 ]
 },
 ""sort"": {
 ""rate"": {
 ""order"": ""desc""
 }
 }
}",fan_knowledge_agent,"{
 ""query"": ""这个杀手不太冷是哪一年上映的""
}",60
串行,搜一下粤语电影，然后问问人气最高的一部导演是谁,合理,vod_search_all,"{
 ""action"": ""search"",
 ""retext"": ""搜一下粤语电影"",
 ""query"": {
 ""and"": [
 {
 ""field"": ""language"",
 ""value"": ""粤语""
 },
 {
 ""field"": ""category"",
 ""value"": ""电影""
 }
 ]
 },
 ""sort"": {
 ""hot"": {
 ""order"": ""desc""
 }
 }
}",fan_knowledge_agent,"{
 ""query"": ""无间道（粤语）导演是谁""
}",61
串行,搜一下中国香港拍的警匪电影，然后问问评分最高的一部主演都有谁,合理,vod_search_all,"{
 ""action"": ""search"",
 ""retext"": ""搜一下中国香港拍的警匪电影"",
 ""query"": {
 ""and"": [
 {
 ""field"": ""area"",
 ""value"": ""中国香港""
 },
 {
 ""field"": ""category"",
 ""value"": ""电影""
 },
 {
 ""field"": ""tag"",
 ""value"": ""警匪""
 }
 ]
 },
 ""sort"": {
 ""rate"": {
 ""order"": ""desc""
 }
 }
}",fan_knowledge_agent,"{
 ""query"": ""无间道主演都有谁""
}",62
串行,搜一下韩国的爱情电视剧，然后问问最新的一部讲的是什么故事,合理,vod_search_all,"{
 ""action"": ""search"",
 ""retext"": ""搜一下韩国的爱情电视剧"",
 ""query"": {
 ""and"": [
 {
 ""field"": ""area"",
 ""value"": ""韩国""
 },
 {
 ""field"": ""category"",
 ""value"": ""电视剧""
 },
 {
 ""field"": ""tag"",
 ""value"": ""爱情""
 }
 ]
 },
 ""sort"": {
 ""new"": {
 ""order"": ""desc""
 }
 }
}",fan_knowledge_agent,"{
 ""query"": ""眼泪女王讲的是什么故事""
}",63
串行,搜一下美国拍的动画片，然后问问评分最高的一部男主角是谁,合理,vod_search_all,"{
 ""action"": ""search"",
 ""retext"": ""搜一下美国拍的动画片"",
 ""query"": {
 ""and"": [
 {
 ""field"": ""area"",
 ""value"": ""美国""
 },
 {
 ""field"": ""category"",
 ""value"": ""动画片""
 }
 ]
 },
 ""sort"": {
 ""rate"": {
 ""order"": ""desc""
 }
 }
}",fan_knowledge_agent,"{
 ""query"": ""疯狂动物城男主角是谁""
}",64
串行,搜一下央视纪录片，然后问问评分最高的一部讲的是什么主题,合理,vod_search_all,"{
 ""action"": ""search"",
 ""retext"": ""搜一下央视纪录片"",
 ""query"": {
 ""and"": [
 {
 ""field"": ""channel"",
 ""value"": ""央视""
 },
 {
 ""field"": ""category"",
 ""value"": ""纪录片""
 }
 ]
 },
 ""sort"": {
 ""rate"": {
 ""order"": ""desc""
 }
 }
}",fan_knowledge_agent,"{
 ""query"": ""舌尖上的中国讲的是什么主题""
}",65
串行,搜一下中国大陆或者中国香港拍的喜剧电影，然后问问人气最高的一部是哪一年上映的,合理,vod_search_all,"{
 ""action"": ""search"",
 ""retext"": ""搜一下中国大陆或者中国香港拍的喜剧电影"",
 ""query"": {
 ""and"": [
 {
 ""field"": ""area"",
 ""values"": [
 ""中国大陆"",
 ""中国香港""
 ],
 ""operator"": ""or""
 },
 {
 ""field"": ""category"",
 ""value"": ""电影""
 },
 {
 ""field"": ""tag"",
 ""value"": ""喜剧""
 }
 ]
 },
 ""sort"": {
 ""hot"": {
 ""order"": ""desc""
 }
 }
}",fan_knowledge_agent,"{
 ""query"": ""飞驰人生2是哪一年上映的""
}",66
串行,搜一下日本的电视剧，然后问问评分最高的一部获得过什么奖项,合理,vod_search_all,"{
 ""action"": ""search"",
 ""retext"": ""搜一下日本的电视剧"",
 ""query"": {
 ""and"": [
 {
 ""field"": ""area"",
 ""value"": ""日本""
 },
 {
 ""field"": ""category"",
 ""value"": ""电视剧""
 }
 ]
 },
 ""sort"": {
 ""rate"": {
 ""order"": ""desc""
 }
 }
}",fan_knowledge_agent,"{
 ""query"": ""半泽直树获得过什么奖项""
}",67
串行,搜一下美国的纪录片电影，然后问问播放量最高的一部讲的是什么故事,合理,vod_search_all,"{
 ""action"": ""search"",
 ""retext"": ""搜一下美国的纪录片电影"",
 ""query"": {
 ""and"": [
 {
 ""field"": ""area"",
 ""value"": ""美国""
 },
 {
 ""field"": ""category"",
 ""value"": ""纪录片""
 }
 ]
 },
 ""sort"": {
 ""play"": {
 ""order"": ""desc""
 }
 }
}",fan_knowledge_agent,"{
 ""query"": ""地球脉动讲的是什么故事""
}",68
串行,帮我找一下那部讲机器人清理地球垃圾最后爱上植物的电影，然后问问这部电影导演是谁,合理,vod_fuzzy_search,"{
 ""query"": ""机器人清理地球垃圾最后爱上植物的电影""
}",fan_knowledge_agent,"{
 ""query"": ""机器人总动员导演是谁""
}",69
串行,找一下那部在海上和老虎一起漂流求生的电影，然后问问这部电影是哪一年上映的,合理,vod_fuzzy_search,"{
 ""query"": ""在海上和老虎一起漂流求生的电影""
}",fan_knowledge_agent,"{
 ""query"": ""少年派的奇幻漂流是哪一年上映的""
}",70
串行,那句“愿原力与你同在”是哪部电影里的，然后问问这部电影讲的是什么故事,合理,vod_fuzzy_search,"{
 ""query"": ""“愿原力与你同在”是哪部电影里的""
}",fan_knowledge_agent,"{
 ""query"": ""星球大战讲的是什么故事""
}",71
串行,帮我找一下那个用记忆碎片讲故事的悬疑电影，然后问问男主角是谁演的,合理,vod_fuzzy_search,"{
 ""query"": ""用记忆碎片讲故事的悬疑电影""
}",fan_knowledge_agent,"{
 ""query"": ""记忆碎片男主角是谁演的""
}",72
串行,找一下那个所有情绪住在小女孩脑袋里的动画片，然后问问导演是谁,合理,vod_fuzzy_search,"{
 ""query"": ""所有情绪住在小女孩脑袋里的动画片""
}",fan_knowledge_agent,"{
 ""query"": ""头脑特工队导演是谁""
}",73
串行,帮我找一下那个讲宇航员穿越虫洞寻找新家园的电影，然后问问这部电影评分怎么样,合理,vod_fuzzy_search,"{
 ""query"": ""讲宇航员穿越虫洞寻找新家园的电影""
}",fan_knowledge_agent,"{
 ""query"": ""星际穿越评分怎么样""
}",74
串行,找一下“自由！自由！”这句呼喊是哪部电影里的，然后问问这部电影是哪一年拍的,合理,vod_fuzzy_search,"{
 ""query"": ""“自由！自由！”这句呼喊是哪部电影里的""
}",fan_knowledge_agent,"{
 ""query"": ""勇敢的心是哪一年拍的""
}",75
串行,帮我找一下那个父亲带着女儿在外星人到来后努力求生的电影，然后问问这部电影讲的是什么故事,合理,vod_fuzzy_search,"{
 ""query"": ""父亲带着女儿在外星人到来后努力求生的电影""
}",fan_knowledge_agent,"{
 ""query"": ""寂静之地讲的是什么故事""
}",76
串行,找一下主角被困在荒岛上只能和排球说话的电影，然后问问男主角是谁,合理,vod_fuzzy_search,"{
 ""query"": ""主角被困在荒岛上只能和排球说话的电影""
}",fan_knowledge_agent,"{
 ""query"": ""荒岛余生男主角是谁""
}",77
串行,那句“你跳，我就跳”是哪部电影里的，然后问问这部电影导演是谁,合理,vod_fuzzy_search,"{
 ""query"": ""“你跳，我就跳”是哪部电影里的""
}",fan_knowledge_agent,"{
 ""query"": ""泰坦尼克号导演是谁""
}",78
串行,帮我找一下那个会喷火的龙和少年成为朋友的动画片，然后问问这部动画片讲的是什么故事,合理,vod_fuzzy_search,"{
 ""query"": ""会喷火的龙和少年成为朋友的动画片""
}",fan_knowledge_agent,"{
 ""query"": ""驯龙高手讲的是什么故事""
}",79
串行,找一下讲黑客进入虚拟世界对抗机器统治的电影，然后问问这部电影是哪一年上映的,合理,vod_fuzzy_search,"{
 ""query"": ""讲黑客进入虚拟世界对抗机器统治的电影""
}",fan_knowledge_agent,"{
 ""query"": ""黑客帝国是哪一年上映的""
}",80
串行,帮我找一下讲一个老人把房子绑上气球去冒险的动画片，然后问问主演都有谁配音,合理,vod_fuzzy_search,"{
 ""query"": ""老人把房子绑上气球去冒险的动画片""
}",fan_knowledge_agent,"{
 ""query"": ""飞屋环游记主演都有谁配音""
}",81
串行,找一下那部所有玩具都会在主人离开后活过来的动画片，然后问问导演是谁,合理,vod_fuzzy_search,"{
 ""query"": ""所有玩具都会在主人离开后活过来的动画片""
}",fan_knowledge_agent,"{
 ""query"": ""玩具总动员导演是谁""
}",82
串行,帮我找一下主角在时间循环里不断重复同一天的电影，然后问问这部电影评分怎么样,合理,vod_fuzzy_search,"{
 ""query"": ""主角在时间循环里不断重复同一天的电影""
}",fan_knowledge_agent,"{
 ""query"": ""土拨鼠之日评分怎么样""
}",83
串行,那句“我是世界之王”是哪部电影里的，然后问问这部电影讲的是什么故事,合理,vod_fuzzy_search,"{
 ""query"": ""“我是世界之王”是哪部电影里的""
}",fan_knowledge_agent,"{
 ""query"": ""泰坦尼克号讲的是什么故事""
}",84
串行,帮我推荐一些和流浪地球类似的电影，然后问问推荐结果里的第一部导演是谁,合理,vod_relate_search,"{
 ""query"": {
 ""field"": ""title"",
 ""value"": ""流浪地球""
 }
}",fan_knowledge_agent,"{
 ""query"": ""流浪地球2导演是谁""
}",85
串行,推荐一些和甄嬛传类似的电视剧，然后问问推荐结果里的第一部讲的是什么故事,合理,vod_relate_search,"{
 ""query"": {
 ""and"": [
 {
 ""field"": ""title"",
 ""value"": ""甄嬛传""
 },
 {
 ""field"": ""category"",
 ""value"": ""电视剧""
 }
 ]
 }
}",fan_knowledge_agent,"{
 ""query"": ""如懿传讲的是什么故事""
}",86
串行,推荐一些刘德华主演的相关电影，然后问问推荐结果里的第一部主演都有谁,合理,vod_relate_search,"{
 ""query"": {
 ""and"": [
 {
 ""field"": ""actor"",
 ""value"": ""刘德华""
 },
 {
 ""field"": ""category"",
 ""value"": ""电影""
 }
 ]
 }
}",fan_knowledge_agent,"{
 ""query"": ""无间道主演都有谁""
}",87
串行,推荐一些宫崎骏相关的动画电影，然后问问推荐结果里的第一部是哪一年上映的,合理,vod_relate_search,"{
 ""query"": {
 ""and"": [
 {
 ""field"": ""director"",
 ""value"": ""宫崎骏""
 },
 {
 ""field"": ""category"",
 ""value"": ""电影""
 }
 ]
 }
}",fan_knowledge_agent,"{
 ""query"": ""千与千寻是哪一年上映的""
}",88
串行,推荐一些悬疑题材的电影，然后问问推荐结果里的第一部评分怎么样,合理,vod_relate_search,"{
 ""query"": {
 ""and"": [
 {
 ""field"": ""tag"",
 ""value"": ""悬疑""
 },
 {
 ""field"": ""category"",
 ""value"": ""电影""
 }
 ]
 }
}",fan_knowledge_agent,"{
 ""query"": ""看不见的客人评分怎么样""
}",89
串行,推荐一些纪录片类的相关作品，然后问问推荐结果里的第一部讲的是什么主题,合理,vod_relate_search,"{
 ""query"": {
 ""field"": ""category"",
 ""value"": ""纪录片""
 }
}",fan_knowledge_agent,"{
 ""query"": ""地球脉动讲的是什么主题""
}",90
串行,推荐一些和霸王别姬类似的电影，然后问问推荐结果里的第一部获得过什么奖项,合理,vod_relate_search,"{
 ""query"": {
 ""field"": ""title"",
 ""value"": ""霸王别姬""
 }
}",fan_knowledge_agent,"{
 ""query"": ""活着获得过什么奖项""
}",91
串行,推荐一些张艺谋导演的相关电影，然后问问推荐结果里的第一部主演是谁,合理,vod_relate_search,"{
 ""query"": {
 ""and"": [
 {
 ""field"": ""director"",
 ""value"": ""张艺谋""
 },
 {
 ""field"": ""category"",
 ""value"": ""电影""
 }
 ]
 }
}",fan_knowledge_agent,"{
 ""query"": ""活着主演是谁""
}",92
串行,推荐一些和神探夏洛克类似的电视剧，然后问问推荐结果里的第一部男主角是谁,合理,vod_relate_search,"{
 ""query"": {
 ""and"": [
 {
 ""field"": ""title"",
 ""value"": ""神探夏洛克""
 },
 {
 ""field"": ""category"",
 ""value"": ""电视剧""
 }
 ]
 }
}",fan_knowledge_agent,"{
 ""query"": ""基本演绎法男主角是谁""
}",93
串行,推荐一些亲情题材的电影，然后问问推荐结果里的第一部讲的是什么故事,合理,vod_relate_search,"{
 ""query"": {
 ""and"": [
 {
 ""field"": ""tag"",
 ""value"": ""亲情""
 },
 {
 ""field"": ""category"",
 ""value"": ""电影""
 }
 ]
 }
}",fan_knowledge_agent,"{
 ""query"": ""当幸福来敲门讲的是什么故事""
}",94
串行,推荐一些周星驰相关的电影，然后问问推荐结果里的第一部导演是谁,合理,vod_relate_search,"{
 ""query"": {
 ""and"": [
 {
 ""field"": ""actor"",
 ""value"": ""周星驰""
 },
 {
 ""field"": ""category"",
 ""value"": ""电影""
 }
 ]
 }
}",fan_knowledge_agent,"{
 ""query"": ""功夫导演是谁""
}",95
串行,推荐一些和琅琊榜类似的古装剧，然后问问推荐结果里的第一部评分怎么样,合理,vod_relate_search,"{
 ""query"": {
 ""and"": [
 {
 ""field"": ""title"",
 ""value"": ""琅琊榜""
 },
 {
 ""field"": ""category"",
 ""value"": ""电视剧""
 }
 ]
 }
}",fan_knowledge_agent,"{
 ""query"": ""庆余年评分怎么样""
}",96
串行,推荐一些喜剧类电影，然后问问推荐结果里的第一部是哪一年上映的,合理,vod_relate_search,"{
 ""query"": {
 ""and"": [
 {
 ""field"": ""tag"",
 ""value"": ""喜剧""
 },
 {
 ""field"": ""category"",
 ""value"": ""电影""
 }
 ]
 }
}",fan_knowledge_agent,"{
 ""query"": ""夏洛特烦恼是哪一年上映的""
}",97
串行,推荐一些梁朝伟主演的相关影片，然后问问推荐结果里的第一部讲的是什么故事,合理,vod_relate_search,"{
 ""query"": {
 ""and"": [
 {
 ""field"": ""actor"",
 ""value"": ""梁朝伟""
 },
 {
 ""field"": ""category"",
 ""value"": ""电影""
 }
 ]
 }
}",fan_knowledge_agent,"{
 ""query"": ""一代宗师讲的是什么故事""
}",98
串行,推荐一些和千与千寻类似的动画片，然后问问推荐结果里的第一部导演是谁,合理,vod_relate_search,"{
 ""query"": {
 ""and"": [
 {
 ""field"": ""title"",
 ""value"": ""千与千寻""
 },
 {
 ""field"": ""category"",
 ""value"": ""电影""
 }
 ]
 }
}",fan_knowledge_agent,"{
 ""query"": ""哈尔的移动城堡导演是谁""
}",99
串行,推荐一些体育题材电影，然后问问推荐结果里的第一部主演都有谁,合理,vod_relate_search,"{
 ""query"": {
 ""and"": [
 {
 ""field"": ""tag"",
 ""value"": ""体育""
 },
 {
 ""field"": ""category"",
 ""value"": ""电影""
 }
 ]
 }
}",fan_knowledge_agent,"{
 ""query"": ""夺冠主演都有谁""
}",100
串行,推荐一些和无间道类似的警匪片，然后问问推荐结果里的第一部评分怎么样,合理,vod_relate_search,"{
 ""query"": {
 ""and"": [
 {
 ""field"": ""title"",
 ""value"": ""无间道""
 },
 {
 ""field"": ""category"",
 ""value"": ""电影""
 }
 ]
 }
}",fan_knowledge_agent,"{
 ""query"": ""窃听风云评分怎么样""
}",101
