业务域,query,意图,期望工具,期望参数,是否合理,问题（gold审计）
音乐,K歌潮湿的心,,music_ksong_search,"{""retext"": ""K歌潮湿的心"", ""song"": [""潮湿的心""]}",,
音乐,K歌上山岗龙飘飘,,music_ksong_search,"{""retext"": ""K歌上山岗龙飘飘"", ""song"": [""上山岗""], ""singer"": [""龙飘飘""]}",,
音乐,"播放""而我将爱你所爱的人间，愿你所愿的笑颜""这首歌的视频",,music_song_mv_search,"{""retext"": ""播放\""而我将爱你所爱的人间，愿你所愿的笑颜\""这首歌的视频"", ""lyrics"": [""而我将爱你所爱的人间愿你所愿的笑颜""]}",,
音乐,播放QQ音乐恐龙抗狼,,music_song_qqmusic_search,"{""retext"": ""播放QQ音乐恐龙抗狼"", ""keywords"": [""恐龙抗狼""]}",,
音乐,播放QQ音乐上的流行歌曲,,music_song_qqmusic_search,"{""retext"": ""播放QQ音乐上的流行歌曲"", ""keywords"": [""热门""]}",,
音乐,播放李贞贤mv,,music_song_mv_search,"{""retext"": ""播放李贞贤mv"", ""singer"": [""李贞贤""]}",,
音乐,播放视频版凤凰花开的路口,,music_song_mv_search,"{""retext"": ""播放视频版凤凰花开的路口"", ""song"": [""凤凰花开的路口""]}",,
音乐,播放泰坦尼克号的歌曲视频,,music_song_mv_search,"{""retext"": ""播放泰坦尼克号的歌曲视频"", ""ip"": [""泰坦尼克号""]}",,
音乐,播放天地龙鳞mv,,music_song_mv_search,"{""retext"": ""播放天地龙鳞mv"", ""song"": [""天地龙鳞""]}",,
音乐,播放周杰伦女儿殿下MV,,music_song_mv_search,"{""retext"": ""播放周杰伦女儿殿下MV"", ""song"": [""女儿殿下""], ""singer"": [""周杰伦""]}",,
音乐,播放自由飞翔音乐视频,,music_song_mv_search,"{""retext"": ""播放自由飞翔音乐视频"", ""song"": [""自由飞翔""]}",,
音乐,唱阿云朵的最真的梦,,music_ksong_search,"{""retext"": ""唱阿云朵的最真的梦"", ""song"": [""最真的梦""], ""singer"": [""阿云朵""]}",,
音乐,唱个戏卷席筒,,music_ksong_search,"{""retext"": ""唱个戏卷席筒"", ""song"": [""卷席筒""]}",,
音乐,唱孙悦的歌,,music_ksong_search,"{""retext"": ""唱孙悦的歌"", ""singer"": [""孙悦""]}",,
音乐,唱豫剧穆桂英下山,,music_ksong_search,"{""retext"": ""唱豫剧穆桂英下山"", ""song"": [""穆桂英下山""], ""tag"": [""豫剧""]}",,
音乐,唱再遇梨花颂杨钰莹,,music_ksong_search,"{""retext"": ""唱再遇梨花颂杨钰莹"", ""song"": [""再遇梨花颂""], ""singer"": [""杨钰莹""]}",,
音乐,点一首周传雄免费的歌,,music_ksong_search,"{""retext"": ""点一首周传雄免费的歌"", ""singer"": [""周传雄""], ""version"": [""免费版""]}",,
音乐,歌曲热搜榜MV,,music_song_search,,,
音乐,嗯唱一个落花,,music_ksong_search,"{""retext"": ""嗯唱一个落花"", ""song"": [""落花""]}",,
音乐,搜索谢娜参演的MV视频,,music_song_mv_search,"{""retext"": ""搜索谢娜参演的MV视频"", ""singer"": [""谢娜""]}",,
音乐,我想唱蔡琴的你的眼神,,music_ksong_search,"{""retext"": ""我想唱蔡琴的你的眼神"", ""song"": [""你的眼神""], ""singer"": [""蔡琴""]}",,
音乐,我想唱李荣浩的歌曲,,music_ksong_search,"{""retext"": ""我想唱李荣浩的歌曲"", ""singer"": [""李荣浩""]}",,
音乐,我想看国庆节歌曲的MV,,music_song_mv_search,"{""retext"": ""我想看国庆节歌曲的MV"", ""tag"": [""国庆节""]}",,
音乐,我想看王蓉的MV,,music_song_mv_search,"{""retext"": ""我想看王蓉的MV"", ""singer"": [""王蓉""]}",,
音乐,我要唱不要钱的猪猪侠,,music_ksong_search,"{""retext"": ""我要唱不要钱的猪猪侠"", ""song"": [""猪猪侠""], ""version"": [""免费版""]}",,
音乐,我要唱歌曲，新不了情,,music_ksong_search,"{""retext"": ""我要唱歌曲，新不了情"", ""song"": [""新不了情""]}",,
音乐,我要唱这一生还有多少遗憾,,music_ksong_search,"{""retext"": ""我要唱这一生还有多少遗憾"", ""song"": [""这一生能有多少的遗憾""]}",,
音乐,我要听mv,,music_song_mv_search,"{""retext"": ""我要听mv""}",,
音乐,播放小马宝莉全歌版,,music_song_search,"{""retext"": ""播放小马宝莉全歌版"", ""ip"": [""小马宝莉""]}",,
音乐,海信小聚00后热歌榜的歌曲,,music_song_search,,,
音乐,播放喜庆的音乐,,music_song_search,"{""retext"": ""播放喜庆的音乐"", ""tag"": [""喜庆""]}",,
音乐,播放想见你的插曲,,music_song_search,"{""retext"": ""播放想见你的插曲"", ""ip"": [""想见你""]}",,
音乐,播放抒情音乐,,music_song_search,"{""retext"": ""播放抒情音乐"", ""tag"": [""抒情""]}",,
音乐,"听一首歌曲""十年之后，我们是朋友""",,music_song_search,"{""retext"": ""听一首歌曲\""十年之后，我们是朋友\"""", ""lyrics"": [""十年之后我们是朋友""]}",,
音乐,我想听YouTube音乐排行榜的歌,,music_song_search,,,
音乐,放华语歌，不用花钱的,,music_song_search,"{""retext"": ""放华语歌，不用花钱的"", ""version"": [""免费版""], ""tag"": [""华语流行""]}",,
音乐,帮我放速度与激情的主题曲,,music_song_search,"{""retext"": ""帮我放速度与激情的主题曲"", ""ip"": [""速度与激情""]}",,
音乐,推荐几首元旦节适合听的歌,,music_song_search,"{""retext"": ""推荐几首元旦节适合听的歌"", ""tag"": [""元旦""]}",,
音乐,"来一个歌曲，歌词是 ""窗外的麻雀，在电线杆上多嘴""",,music_song_search,,,
音乐,播放喊麦歌曲,,music_song_search,"{""retext"": ""播放喊麦歌曲"", ""tag"": [""喊麦""]}",,
音乐,放开心锤锤动漫的片头曲,,music_song_search,"{""retext"": ""放开心锤锤动漫的片头曲"", ""ip"": [""开心锤锤""]}",,
音乐,孙楠和那英唱的歌,,music_song_search,"{""retext"": ""孙楠和那英唱的歌"", ""singer"": [""孙楠"", ""那英""]}",,
音乐,播放2023年的网红歌,,music_song_search,,,
音乐,我想听龚玥的十送红军,,music_song_search,"{""retext"": ""我想听龚玥的十送红军"", ""song"": [""十送红军""], ""singer"": [""龚玥""]}",,
音乐,我想听90年代的歌曲,,music_song_search,,,
音乐,播放专辑一场游戏一场梦,,music_song_search,"{""retext"": ""播放专辑一场游戏一场梦"", ""album"": [""一场游戏一场梦""]}",,
音乐,影视金曲,,music_song_search,,,
音乐,我想听雨一直下里的音乐,,music_song_search,"{""retext"": ""我想听雨一直下里的音乐"", ""album"": [""雨一直下""]}",,
音乐,欧美地区的音乐,,music_song_search,"{""retext"": ""欧美地区的音乐"", ""tag"": [""欧美流行""]}",,
音乐,经典的男女对唱歌曲,,music_song_search,"{""retext"": ""经典的男女对唱歌曲"", ""tag"": [""男女对唱"", ""经典""]}",,
音乐,播放陈奕迅的歌，不要付费的,,music_song_search,"{""retext"": ""播放陈奕迅的歌，不要付费的"", ""version"": [""免费版""], ""singer"": [""陈奕迅""]}",,
音乐,古装剧的OST歌曲,,music_song_search,"{""retext"": ""古装剧的OST歌曲"", ""tag"": [""古装剧ost""]}",,
音乐,林若宁填词的歌曲,,music_song_search,"{""retext"": ""林若宁填词的歌曲"", ""lyricist"": [""林若宁""]}",,
音乐,迈克尔杰克逊演唱会经典曲目,,music_song_search,"{""retext"": ""迈克尔杰克逊演唱会经典曲目"", ""singer"": [""迈克尔杰克逊""], ""tag"": [""演唱会"", ""经典""]}",,
音乐,给我找‌新世纪音乐,,music_song_search,"{""retext"": ""给我找‌新世纪音乐"", ""tag"": [""新世纪纯音乐""]}",,
音乐,唱周华健专辑,,music_song_search,"{""retext"": ""唱周华健专辑"", ""singer"": [""周华健""]}",,
音乐,00后DJ版音乐,,music_song_search,"{""retext"": ""00后DJ版音乐"", ""version"": [""dj版""], ""tag"": [""00后""]}",,
音乐,有没有环保公益主题的音乐,,music_song_search,"{""retext"": ""有没有环保公益主题的音乐"", ""tag"": [""环保公益""]}",,
音乐,来一首歌曲MORE MORE JUMP,,music_song_search,"{""retext"": ""来一首歌曲MORE MORE JUMP"", ""song"": [""MORE MORE JUMP""]}",,
音乐,为我播放原谅我年轻不懂爱的音乐,,music_song_search,"{""retext"": ""为我播放原谅我年轻不懂爱的音乐"", ""song"": [""原谅我年轻不懂爱""]}",,
音乐,我想听琅琊榜电视剧的歌,,music_song_search,"{""retext"": ""我想听琅琊榜电视剧的歌"", ""ip"": [""琅琊榜""]}",,
音乐,我要听进击的巨人的片头曲,,music_song_search,"{""retext"": ""我要听进击的巨人的片头曲"", ""ip"": [""进击的巨人""]}",,
音乐,播放歌曲来不来都等你陈瑞演唱,,music_song_search,"{""retext"": ""播放歌曲来不来都等你陈瑞演唱"", ""song"": [""来不来都等你""], ""singer"": [""陈瑞""]}",,
音乐,我要听免费的起风了伴奏版,,music_song_search,"{""retext"": ""我要听免费的起风了伴奏版"", ""song"": [""起风了""], ""version"": [""伴奏版"", ""免费版""]}",,
音乐,欧若拉的音乐,,music_song_search,"{""retext"": ""欧若拉的音乐"", ""song"": [""欧若拉""]}",,
音乐,小提琴演奏乐《梁祝》,,music_song_search,"{""retext"": ""小提琴演奏乐《梁祝》"", ""song"": [""梁祝""], ""tag"": [""小提琴演奏""]}",,
音乐,给我放点适合看书的，古典音乐或轻柔民谣吧,,music_song_search,"{""retext"": ""播放朋友聚会时听的歌"", ""tag"": [""古典"", ""轻柔""]}",,
音乐,我要听 周杰伦或者林俊杰的歌,,music_song_search,"{""retext"": ""我要听 周杰伦或者林俊杰的歌"", ""singer"": [""周杰伦"", ""林俊杰""]}",,
音乐,开心的歌,,music_song_search,"{""retext"": ""开心的歌"", ""tag"": [""开心""]}",,
音乐,换个一路向北,,music_song_search,"{""retext"": ""换个一路向北"", ""song"": [""一路向北""]}",,
音乐,我想听孙露的小小的太阳,,music_song_search,"{""retext"": ""我想听孙露的小小的太阳"", ""song"": [""小小的太阳""], ""singer"": [""孙露""]}",,
音乐,播放歌曲疼爱妈妈蓝琪儿演唱,,music_song_search,"{""retext"": ""播放歌曲疼爱妈妈蓝琪儿演唱"", ""song"": [""疼爱妈妈""], ""singer"": [""蓝琪儿""]}",,
音乐,刘德华梁朝伟一起唱的歌,,music_song_search,"{""retext"": ""刘德华梁朝伟一起唱的歌"", ""tag"": [""合唱""], ""singer"": [""刘德华"", ""梁朝伟""]}",,
音乐,播放《江南》专辑的全部歌曲,,music_song_search,"{""retext"": ""播放《江南》专辑的全部歌曲"", ""album"": [""江南""]}",,
音乐,播放古典音乐,,music_song_search,"{""retext"": ""播放古典音乐"", ""tag"": [""古典""]}",,
音乐,给我放甄嬛传的片尾曲,,music_song_search,"{""retext"": ""给我放甄嬛传的片尾曲"", ""ip"": [""甄嬛传""]}",,
音乐,免费粤语音乐,,music_song_search,"{""retext"": ""免费粤语音乐"", ""version"": [""免费版""], ""tag"": [""粤语""]}",,
音乐,李健创作的民谣歌曲有哪些,,music_song_search,"{""retext"": ""李健创作的民谣歌曲有哪些"", ""composer"": [""李健""], ""tag"": [""古典"", ""民谣""]}",,
音乐,我想听神雕侠侣刘亦菲的主题曲,,music_song_search,"{""retext"": ""我想听神雕侠侣刘亦菲的主题曲"", ""ip"": [""神雕侠侣""]}",,
音乐,王菲伤感免费版,,music_song_search,"{""retext"": ""王菲伤感免费版"", ""version"": [""免费版""], ""singer"": [""王菲""], ""tag"": [""伤感""]}",,
音乐,望海高歌专辑,,music_song_search,"{""retext"": ""望海高歌专辑"", ""singer"": [""望海高歌""]}",,
音乐,听滨崎步演唱会经典舞曲,,music_song_search,"{""retext"": ""听滨崎步演唱会经典舞曲"", ""singer"": [""滨崎步""], ""tag"": [""演唱会"", ""舞曲"", ""经典""]}",,
音乐,搜索Super Star的歌曲,,music_song_search,"{""retext"": ""搜索Super Star的歌曲"", ""song"": [""super star""]}",,
音乐,你好我要听好汉歌,,music_song_search,"{""retext"": ""你好我要听好汉歌"", ""song"": [""好汉歌""]}",,
音乐,播放我要的幸福专辑歌曲,,music_song_search,"{""retext"": ""播放我要的幸福专辑歌曲"", ""album"": [""我要的幸福""]}",,
音乐,播放朋友聚会时听的歌,,music_song_search,"{""retext"": ""播放朋友聚会时听的歌"", ""tag"": [""家庭聚会""]}",,
音乐,疯狂动物城歌曲免费版,,music_song_search,"{""retext"": ""疯狂动物城歌曲免费版"", ""ip"": [""疯狂动物城""], ""version"": [""免费版""]}",,
音乐,播放清早起来歌曲,,music_song_search,"{""retext"": ""播放清早起来歌曲"", ""tag"": [""清早起来""]}",,
音乐,适合在婚礼仪式上放的歌,,music_song_search,"{""retext"": ""适合在婚礼仪式上放的歌"", ""tag"": [""婚礼""]}",,
音乐,陈少琪作词久石让作曲林忆莲演唱的电影主题曲,,music_song_search,"{""retext"": ""陈少琪作词久石让作曲林忆莲演唱的电影主题曲"", ""lyricist"": [""陈少琪""], ""composer"": [""久石让""], ""singer"": [""林忆莲""], ""tag"": [""电影""]}",,
音乐,‌扬琴演奏乐‌,,music_song_search,"{""retext"": ""‌扬琴演奏乐‌"", ""tag"": [""扬琴""]}",,
音乐,放一首留什么给你,,music_song_search,"{""retext"": ""放一首留什么给你"", ""song"": [""留什么给你""]}",,
音乐,放一首由小柯作曲的音乐,,music_song_search,"{""retext"": ""放一首由小柯作曲的音乐"", ""composer"": [""小柯""]}",,
音乐,来点香港商台榜的歌,,music_song_search,,,
音乐,泰勒·斯威夫特、艾德·希兰合作的《I Knew You Were Trouble.》,,music_song_search,"{""retext"": ""泰勒·斯威夫特、艾德·希兰合作的《I Knew You Were Trouble.》"", ""song"": [""I Knew You Were Trouble.""], ""singer"": [""泰勒·斯威夫特"", ""艾德希兰""]}",,
音乐,我要听我是歌手的歌,,music_song_search,"{""retext"": ""我要听我是歌手的歌"", ""ip"": [""我是歌手""]}",,
音乐,公主请开心这首歌,,music_song_search,"{""retext"": ""公主请开心这首歌"", ""song"": [""公主请开心""]}",,
音乐,听一个爵士风格的歌,,music_song_search,"{""retext"": ""听一个爵士风格的歌"", ""tag"": [""爵士""]}",,
音乐,我想听几首张信哲唱的经典歌曲,,music_song_search,"{""retext"": ""我想听几首张信哲唱的经典歌曲"", ""singer"": [""张信哲""], ""tag"": [""经典""]}",,
音乐,长途开车容易犯困，来点提神的摇滚乐,,music_song_search,"{""retext"": ""长途开车容易犯困，来点提神的摇滚乐"", ""tag"": [""摇滚""]}",,
音乐,看苦乐村官片头曲,,music_song_search,"{""retext"": ""看苦乐村官片头曲"", ""ip"": [""苦乐村官""]}",,
音乐,播放包含妈妈坐在门前，哼着花儿与少年的歌,,music_song_search,"{""retext"": ""播放包含妈妈坐在门前，哼着花儿与少年的歌"", ""lyrics"": [""妈妈坐在门前哼着花儿与少年""]}",,
音乐,放歌放慢慢,,music_song_search,"{""retext"": ""放歌放慢慢"", ""song"": [""慢慢""]}",,
音乐,小提琴演奏的治愈系乐曲,,music_song_search,"{""retext"": ""小提琴演奏的治愈系乐曲"", ""tag"": [""温暖治愈"", ""小提琴""]}",,
音乐,播放周深演唱的粤语歌曲,,music_song_search,"{""retext"": ""播放周深演唱的粤语歌曲"", ""singer"": [""周深""], ""tag"": [""粤语""]}",,
音乐,国风的歌,,music_song_search,"{""retext"": ""国风的歌"", ""tag"": [""国风""]}",,
音乐,播放熊大熊二的歌,,music_song_search,"{""retext"": ""播放熊大熊二的歌"", ""ip"": [""熊出没""]}",,
音乐,播放最新歌曲,,music_song_search,,,
音乐,播几首薛之谦唱的歌,,music_song_search,"{""retext"": ""播几首薛之谦唱的歌"", ""singer"": [""薛之谦""]}",,
音乐,播放莫文蔚《不散，不见》专辑的最后一首,,music_song_search,"{""retext"": ""播放莫文蔚《不散，不见》专辑的最后一首"", ""album"": [""不散不见""], ""singer"": [""莫文蔚""]}",,
音乐,播放五月天《自传》专辑的第三首歌,,music_song_search,"{""retext"": ""播放五月天《自传》专辑的第三首歌"", ""album"": [""自传""], ""singer"": [""五月天""], ""tag"": [""第三首歌""]}",,
音乐,降央卓玛的专辑,,music_song_search,"{""retext"": ""降央卓玛的专辑"", ""singer"": [""降央卓玛""]}",,
音乐,搜索适合颁奖典礼的歌,,music_song_search,"{""retext"": ""搜索适合颁奖典礼的歌"", ""tag"": [""颁奖典礼""]}",,
音乐,播放宋雨琦所有歌曲,,music_song_search,"{""retext"": ""播放宋雨琦所有歌曲"", ""singer"": [""宋雨琦""]}",,
音乐,放松的歌曲,,music_song_search,"{""retext"": ""放松的歌曲"", ""tag"": [""轻松""]}",,
音乐,我想听影视金曲榜,,music_song_search,"{""retext"": ""我想听影视金曲榜"", ""toplist"": [""影视金曲榜""]}",,
音乐,唐伯虎演唱的伯虎说免费版,,music_song_search,"{""retext"": ""唐伯虎演唱的伯虎说免费版"", ""song"": [""伯虎说""], ""version"": [""免费版""], ""singer"": [""唐伯虎""]}",,
音乐,播放网络歌曲榜的歌,,music_song_search,,,
音乐,推荐一些适合多人合唱的流行歌曲,,music_song_search,"{""retext"": ""推荐一些适合多人合唱的流行歌曲"", ""tag"": [""合唱"", ""流行""]}",,
音乐,兰亭序麒麟歌曲,,music_song_search,"{""retext"": ""兰亭序麒麟歌曲"", ""song"": [""兰亭序麒麟""]}",,
音乐,听一下逐玉的影视原声带,,music_song_search,"{""retext"": ""听一下逐玉的影视原声带"", ""ip"": [""逐玉""]}",,
音乐,放哆啦A梦动画片的主题曲,,music_song_search,"{""retext"": ""放哆啦A梦动画片的主题曲"", ""ip"": [""哆啦a梦""]}",,
音乐,合唱歌曲,,music_song_search,"{""retext"": ""合唱歌曲"", ""tag"": [""合唱""]}",,
音乐,播放白噪音,,music_song_search,"{""retext"": ""播放白噪音"", ""tag"": [""白噪音""]}",,
音乐,快播放爵士音乐,,music_song_search,"{""retext"": ""快播放爵士音乐"", ""tag"": [""爵士""]}",,
音乐,欧若拉的音乐,,music_song_search,"{""retext"": ""适合在婚礼仪式上放的歌"", ""song"": [""欧若拉""]}",,
音乐,蔡徐坤唱的情人,,music_song_search,"{""retext"": ""蔡徐坤唱的情人"", ""song"": [""情人""], ""singer"": [""蔡徐坤""]}",,
音乐,播放我是歌手歌曲,,music_song_search,"{""retext"": ""播放我是歌手歌曲"", ""ip"": [""我是歌手""]}",,
音乐,换一个起风了,,music_song_search,"{""retext"": ""换一个起风了"", ""song"": [""起风了""]}",,
音乐,放一下王赫野的大风吹,,music_song_search,"{""retext"": ""放一下王赫野的大风吹"", ""song"": [""大风吹""], ""singer"": [""王赫野""]}",,
音乐,小聚小聚，请播放王菲免费专辑,,music_song_search,"{""retext"": ""小聚小聚，请播放王菲免费专辑"", ""version"": [""免费版""], ""singer"": [""王菲""]}",,
音乐,放动漫葫芦兄弟的主题曲,,music_song_search,"{""retext"": ""放动漫葫芦兄弟的主题曲"", ""ip"": [""葫芦兄弟""]}",,
音乐,来一首由黄伟文作词的粤语歌,,music_song_search,"{""retext"": ""来一首由黄伟文作词的粤语歌"", ""lyricist"": [""黄伟文""], ""tag"": [""粤语""]}",,
音乐,听一下张韶涵唱的歌,,music_song_search,"{""retext"": ""听一下张韶涵唱的歌"", ""singer"": [""张韶涵""]}",,
音乐,播放土坡上的狗尾草藏语版免费的,,music_song_search,"{""retext"": ""播放土坡上的狗尾草藏语版免费的"", ""song"": [""土坡上的狗尾草""], ""version"": [""免费版""], ""tag"": [""藏语""]}",,
音乐,林夕作词陈辉阳作曲王菲演唱的歌曲,,music_song_search,"{""retext"": ""林夕作词陈辉阳作曲王菲演唱的歌曲"", ""lyricist"": [""林夕""], ""composer"": [""陈辉阳""], ""singer"": [""王菲""]}",,
音乐,沂蒙山小调,,music_song_search,"{""retext"": ""沂蒙山小调"", ""song"": [""沂蒙山小调""]}",,
音乐,CCTV-15音乐频道的经典民乐‌,,tvchannel_music_search,"{""retext"": ""CCTV-15音乐频道的经典民乐""}",,
音乐,‌搜索CCTV音乐频道的流行金曲合集‌,,tvchannel_music_search,"{""retext"": ""搜索CCTV音乐频道的流行金曲合集""}",,
音乐,‌我想听央视音乐频道的钢琴独奏曲目‌,,tvchannel_music_search,"{""retext"": ""我想听央视音乐频道的钢琴独奏曲目""}",,
音乐,‌我想看CCTV-15的春节主题音乐‌,,tvchannel_music_search,"{""retext"": ""我想看CCTV-15的春节主题音乐""}",,
音乐,‌请播放中央音乐频道的轻音乐精选‌,,tvchannel_music_search,"{""retext"": ""请播放中央音乐频道的轻音乐精选""}",,
音乐,‌搜一下CCTV音乐频道的影视原声带‌,,tvchannel_music_search,"{""retext"": ""搜一下CCTV音乐频道的影视原声带""}",,
音乐,‌放央视音乐频道的爵士乐,,tvchannel_music_search,"{""retext"": ""放央视音乐频道的爵士乐""}",,
音乐,‌查找中央15台的民族风歌曲‌,,tvchannel_music_search,"{""retext"": ""查找中央15台的民族风歌曲""}",,
音乐,‌中央音乐频道的儿童音乐,,tvchannel_music_search,"{""retext"": ""中央音乐频道的儿童音乐""}",,
音乐,CCTV音乐频道的交响乐‌,,tvchannel_music_search,"{""retext"": ""CCTV音乐频道的交响乐""}",,
音乐,‌央视音乐频道的电子音乐,,tvchannel_music_search,"{""retext"": ""央视音乐频道的电子音乐""}",,
音乐,‌搜索CCTV15的怀旧老歌特辑‌,,tvchannel_music_search,"{""retext"": ""搜索CCTV15的怀旧老歌特辑""}",,
音乐,‌播放中央音乐频道的世界音乐之旅‌,,tvchannel_music_search,"{""retext"": ""播放中央音乐频道的世界音乐之旅""}",,
音乐,‌搜索CCTV音乐频道的现场演唱会音乐‌,,tvchannel_music_search,"{""retext"": ""搜索CCTV音乐频道的现场演唱会音乐""}",,
音乐,‌播放央视音乐频道的音乐,,tvchannel_music_search,"{""retext"": ""播放央视音乐频道的音乐""}",,
音乐,中央电视台戏曲频道播放过的歌曲,,tvchannel_music_search,"{""retext"": ""中央电视台戏曲频道播放过的歌曲""}",,
音乐,CCTV11唱过的戏曲音乐,,tvchannel_music_search,"{""retext"": ""CCTV11唱过的戏曲音乐""}",,
音乐,在湖南台演唱的音乐,,tvchannel_music_search,"{""retext"": ""在湖南台演唱的音乐""}",,
音乐,播放浙江卫视唱过的歌,,tvchannel_music_search,"{""retext"": ""播放浙江卫视唱过的歌""}",,
音乐,我想听东方卫视的歌,,tvchannel_music_search,"{""retext"": ""我想听东方卫视的歌""}",,
音乐,我想听我收藏的歌曲,,music_song_favorite_search,"{""retext"": ""我想听我收藏的歌曲""}",,
音乐,播放我收藏的歌曲,,music_song_favorite_search,"{""retext"": ""播放我收藏的歌曲""}",,
音乐,放一首我收藏的歌,,music_song_favorite_search,"{""retext"": ""放一首我收藏的歌""}",,
音乐,播放我收藏的列表内的音乐,,music_song_favorite_search,"{""retext"": ""播放我收藏的列表内的音乐""}",,
音乐,播放我收藏列表中的歌曲,,music_song_favorite_search,"{""retext"": ""播放我收藏列表中的歌曲""}",,
音乐,我想听我收藏的列表里的歌,,music_song_favorite_search,"{""retext"": ""我想听我收藏的列表里的歌""}",,
音乐,来一首我收藏列表里的歌,,music_song_favorite_search,"{""retext"": ""来一首我收藏列表里的歌""}",,
音乐,播放我收藏的列表,,music_song_favorite_search,"{""retext"": ""播放我收藏的列表""}",,
音乐,播放我收藏列表里的歌,,music_song_favorite_search,"{""retext"": ""播放我收藏列表里的歌""}",,
音乐,要听一首我收藏的歌曲,,music_song_favorite_search,"{""retext"": ""要听一首我收藏的歌曲""}",,
音乐,我要听我收藏的歌曲,,music_song_favorite_search,"{""retext"": ""我要听我收藏的歌曲""}",,
音乐,播放我收藏过的歌曲,,music_song_favorite_search,"{""retext"": ""播放我收藏过的歌曲""}",,
音乐,播放我收藏的全部歌曲,,music_song_favorite_search,"{""retext"": ""播放我收藏的全部歌曲""}",,
音乐,放我收藏的歌,,music_song_favorite_search,"{""retext"": ""放我收藏的歌""}",,
音乐,来点收藏列表里的音乐,,music_song_favorite_search,"{""retext"": ""来点收藏列表里的音乐""}",,
音乐,播一首我收藏过的曲子,,music_song_favorite_search,"{""retext"": ""播一首我收藏过的曲子""}",,
音乐,切一首收藏歌单里的歌,,music_song_favorite_search,"{""retext"": ""切一首收藏歌单里的歌""}",,
音乐,放几首我收藏的音乐,,music_song_favorite_search,"{""retext"": ""放几首我收藏的音乐""}",,
音乐,给我放收藏列表里的全部歌曲,,music_song_favorite_search,"{""retext"": ""给我放收藏列表里的全部歌曲""}",,
音乐,我想听我收藏过的所有曲目,,music_song_favorite_search,"{""retext"": ""我想听我收藏过的所有曲目""}",,
音乐,我想听我最近听过的歌,,music_song_history,"{""retext"": ""我想听我最近听过的歌""}",,
音乐,播放我最近听过的歌曲,,music_song_history,"{""retext"": ""播放我最近听过的歌曲""}",,
音乐,放一首我之前听过的歌,,music_song_history,"{""retext"": ""放一首我之前听过的歌""}",,
音乐,播放我的历史记录里的音乐,,music_song_history,"{""retext"": ""播放我的历史记录里的音乐""}",,
音乐,来一首我之前听过的歌,,music_song_history,"{""retext"": ""来一首我之前听过的歌""}",,
音乐,播放我的历史记录,,music_song_history,"{""retext"": ""播放我的历史记录""}",,
音乐,听我最近听过的歌单,,music_song_history,"{""retext"": ""听我最近听过的歌单""}",,
音乐,播放历史播放列表,,music_song_history,"{""retext"": ""播放历史播放列表""}",,
音乐,听我之前的播放记录,,music_song_history,"{""retext"": ""听我之前的播放记录""}",,
音乐,播放我之前听过的歌单,,music_song_history,"{""retext"": ""播放我之前听过的歌单""}",,
音乐,听历史的歌,,music_song_history,"{""retext"": ""听历史的歌""}",,
音乐,来一首历史里的歌,,music_song_history,"{""retext"": ""来一首历史里的歌""}",,
音乐,我想听以前播放过的歌,,music_song_history,"{""retext"": ""我想听以前播放过的歌""}",,
音乐,播放历史播放过的歌曲,,music_song_history,"{""retext"": ""播放历史播放过的歌曲""}",,
音乐,我要听之前听过的歌曲,,music_song_history,"{""retext"": ""我要听之前听过的歌曲""}",,
音乐,我想听我听歌记录里的曲目,,music_song_history,"{""retext"": ""我想听我听歌记录里的曲目""}",,
音乐,放听歌历史里的音乐,,music_song_history,"{""retext"": ""放听歌历史里的音乐""}",,
音乐,来点之前听过的曲子,,music_song_history,"{""retext"": ""来点之前听过的曲子""}",,
音乐,我想听历史播放记录的歌,,music_song_history,"{""retext"": ""我想听历史播放记录的歌""}",,
音乐,帮我放历史播放记录里的歌曲,,music_song_history,"{""retext"": ""帮我放历史播放记录里的歌曲""}",,
音乐,我想听歌,,music_song_recommend,"{""retext"": ""我想听歌""}",,
音乐,播放几首歌,,music_song_recommend,"{""retext"": ""播放几首歌""}",,
音乐,听歌,,music_song_recommend,"{""retext"": ""听歌""}",,
音乐,有没有好听的歌,,music_song_recommend,"{""retext"": ""有没有好听的歌""}",,
音乐,你唱歌吧,,music_song_recommend,"{""retext"": ""你唱歌吧""}",,
音乐,单曲,,music_song_recommend,"{""retext"": ""单曲""}",,
音乐,来点音乐,,music_song_recommend,"{""retext"": ""来点音乐""}",,
音乐,免费歌曲播放,,music_song_recommend,"{""retext"": ""免费歌曲播放""}",,
音乐,打开歌单,,music_song_recommend,"{""retext"": ""打开歌单""}",,
音乐,换一个类型歌曲,,music_song_recommend,"{""retext"": ""换一个类型歌曲""}",,
音乐,播放我的音乐,,music_song_recommend,"{""retext"": ""播放我的音乐""}",,
音乐,随便听听音乐,,music_song_recommend,"{""retext"": ""随便听听音乐""}",,
音乐,推荐一款音乐,,music_song_recommend,"{""retext"": ""推荐一款音乐""}",,
音乐,唱首歌来听,,music_song_recommend,"{""retext"": ""唱首歌来听""}",,
音乐,帮我找央视音乐频道的演唱会现场版,,tvchannel_music_search,"{""retext"": ""帮我找央视音乐频道的演唱会现场版""}",,
音乐,切到CCTV-15的民歌专场,,tvchannel_music_search,"{""retext"": ""切到CCTV-15的民歌专场""}",,
音乐,我想看央视十五套的儿童歌曲,,tvchannel_music_search,"{""retext"": ""我想看央视十五套的儿童歌曲""}",,
音乐,CCTV15的校园民谣合集,,tvchannel_music_search,"{""retext"": ""CCTV15的校园民谣合集""}",,
音乐,播放中央十五台的红歌经典,,tvchannel_music_search,"{""retext"": ""播放中央十五台的红歌经典""}",,
音乐,CCTV-15音乐频道的茶馆小调,,tvchannel_music_search,"{""retext"": ""CCTV-15音乐频道的茶馆小调""}",,
音乐,播放央视音乐频道的民乐精选,,tvchannel_music_search,"{""retext"": ""播放央视音乐频道的民乐精选""}",,
音乐,查找CCTV-15的民歌专辑,,tvchannel_music_search,"{""retext"": ""查找CCTV-15的民歌专辑""}",,
音乐,给我放CCTV音乐频道的国乐盛典,,tvchannel_music_search,"{""retext"": ""给我放CCTV音乐频道的国乐盛典""}",,
音乐,中央音乐频道的诗经古曲,,tvchannel_music_search,"{""retext"": ""中央音乐频道的诗经古曲""}",,
音乐,我想听CCTV-15的二胡名曲,,tvchannel_music_search,"{""retext"": ""我想听CCTV-15的二胡名曲""}",,
音乐,CCTV15音乐频道的怀旧经典,,tvchannel_music_search,"{""retext"": ""CCTV15音乐频道的怀旧经典""}",,
音乐,搜CCTV-15的拉丁音乐专题,,tvchannel_music_search,"{""retext"": ""搜CCTV-15的拉丁音乐专题""}",,
音乐,播放CCTV音乐频道的港台金曲,,tvchannel_music_search,"{""retext"": ""播放CCTV音乐频道的港台金曲""}",,
音乐,CCTV-15的奥斯卡电影原声,,tvchannel_music_search,"{""retext"": ""CCTV-15的奥斯卡电影原声""}",,
音乐,央视音乐台的劲歌金曲,,tvchannel_music_search,"{""retext"": ""央视音乐台的劲歌金曲""}",,
音乐,CCTV-15的草原天籁,,tvchannel_music_search,"{""retext"": ""CCTV-15的草原天籁""}",,
音乐,中央音乐频道的新春音乐会,,tvchannel_music_search,"{""retext"": ""中央音乐频道的新春音乐会""}",,
音乐,CCTV15的电视连续剧主题曲,,tvchannel_music_search,"{""retext"": ""CCTV15的电视连续剧主题曲""}",,
音乐,CCTV-15的华语流行榜,,tvchannel_music_search,"{""retext"": ""CCTV-15的华语流行榜""}",,
音乐,播放湖南卫视的快乐大本营主题曲,,tvchannel_music_search,"{""retext"": ""播放湖南卫视的快乐大本营主题曲""}",,
音乐,我想听江苏卫视非诚勿扰里播过的歌,,tvchannel_music_search,"{""retext"": ""我想听江苏卫视非诚勿扰里播过的歌""}",,
音乐,浙江卫视中国好声音的歌,,tvchannel_music_search,"{""retext"": ""浙江卫视中国好声音的歌""}",,
音乐,东方卫视的梦想改造家插曲,,tvchannel_music_search,"{""retext"": ""东方卫视的梦想改造家插曲""}",,
音乐,北京卫视的养生堂片头曲,,tvchannel_music_search,"{""retext"": ""北京卫视的养生堂片头曲""}",,
音乐,深圳卫视的年代秀歌曲,,tvchannel_music_search,"{""retext"": ""深圳卫视的年代秀歌曲""}",,
音乐,辽宁卫视春晚的歌,,tvchannel_music_search,"{""retext"": ""辽宁卫视春晚的歌""}",,
音乐,山东卫视的经典老歌,,tvchannel_music_search,"{""retext"": ""山东卫视的经典老歌""}",,
音乐,广东卫视的粤剧金曲,,tvchannel_music_search,"{""retext"": ""广东卫视的粤剧金曲""}",,
音乐,天津卫视相声大会的歌,,tvchannel_music_search,"{""retext"": ""天津卫视相声大会的歌""}",,
音乐,河南卫视梨园春的戏曲,,tvchannel_music_search,"{""retext"": ""河南卫视梨园春的戏曲""}",,
音乐,安徽卫视国剧盛典的配乐,,tvchannel_music_search,"{""retext"": ""安徽卫视国剧盛典的配乐""}",,
音乐,我想看哪个台有老歌节目,,tvchannel_music_search,"{""retext"": ""我想看哪个台有老歌节目""}",,
音乐,搜索电视台演过的民歌,,tvchannel_music_search,"{""retext"": ""搜索电视台演过的民歌""}",,
音乐,电视台播放过的怀旧金曲,,tvchannel_music_search,"{""retext"": ""电视台播放过的怀旧金曲""}",,
音乐,中央六台播过的电影歌曲,,tvchannel_music_search,"{""retext"": ""中央六台播过的电影歌曲""}",,
音乐,我想听音乐电视台的歌,,tvchannel_music_search,"{""retext"": ""我想听音乐电视台的歌""}",,
音乐,CCTV-3综艺频道的歌舞节目,,tvchannel_music_search,"{""retext"": ""CCTV-3综艺频道的歌舞节目""}",,
音乐,请放音乐广播频道的轻音乐,,tvchannel_music_search,"{""retext"": ""请放音乐广播频道的轻音乐""}",,
音乐,电视台歌友会唱过的歌,,tvchannel_music_search,"{""retext"": ""电视台歌友会唱过的歌""}",,
音乐,把收藏的歌放给我听,,music_song_favorite_search,"{""retext"": ""把收藏的歌放给我听""}",,
音乐,从我的收藏里挑一首播放,,music_song_favorite_search,"{""retext"": ""从我的收藏里挑一首播放""}",,
音乐,从我的收藏里找一首出来,,music_song_favorite_search,"{""retext"": ""从我的收藏里找一首出来""}",,
音乐,把收藏的歌曲放一遍,,music_song_favorite_search,"{""retext"": ""把收藏的歌曲放一遍""}",,
音乐,我要听我收藏的所有歌,,music_song_favorite_search,"{""retext"": ""我要听我收藏的所有歌""}",,
音乐,播放收藏里的歌曲,,music_song_favorite_search,"{""retext"": ""播放收藏里的歌曲""}",,
音乐,来一首收藏里比较好听的,,music_song_favorite_search,"{""retext"": ""来一首收藏里比较好听的""}",,
音乐,放收藏歌单中最近添加的,,music_song_favorite_search,"{""retext"": ""放收藏歌单中最近添加的""}",,
音乐,播放我收藏的华语经典,,music_song_favorite_search,"{""retext"": ""播放我收藏的华语经典""}",,
音乐,我想听我收藏的英文歌,,music_song_favorite_search,"{""retext"": ""我想听我收藏的英文歌""}",,
音乐,切一首我收藏的民歌,,music_song_favorite_search,"{""retext"": ""切一首我收藏的民歌""}",,
音乐,来点我收藏的轻音乐,,music_song_favorite_search,"{""retext"": ""来点我收藏的轻音乐""}",,
音乐,放我收藏歌单里最常听的,,music_song_favorite_search,"{""retext"": ""放我收藏歌单里最常听的""}",,
音乐,播放我收藏的粤语歌,,music_song_favorite_search,"{""retext"": ""播放我收藏的粤语歌""}",,
音乐,来一首我收藏的古风歌曲,,music_song_favorite_search,"{""retext"": ""来一首我收藏的古风歌曲""}",,
音乐,放我收藏里最新收藏的那首,,music_song_favorite_search,"{""retext"": ""放我收藏里最新收藏的那首""}",,
音乐,我想听我收藏的儿歌,,music_song_favorite_search,"{""retext"": ""我想听我收藏的儿歌""}",,
音乐,播放我收藏的钢琴曲,,music_song_favorite_search,"{""retext"": ""播放我收藏的钢琴曲""}",,
音乐,播我收藏的日文歌,,music_song_favorite_search,"{""retext"": ""播我收藏的日文歌""}",,
音乐,来一首我收藏的纯音乐,,music_song_favorite_search,"{""retext"": ""来一首我收藏的纯音乐""}",,
音乐,放我收藏里的老歌,,music_song_favorite_search,"{""retext"": ""放我收藏里的老歌""}",,
音乐,我想听我收藏的广场舞歌曲,,music_song_favorite_search,"{""retext"": ""我想听我收藏的广场舞歌曲""}",,
音乐,播放我收藏的影视原声,,music_song_favorite_search,"{""retext"": ""播放我收藏的影视原声""}",,
音乐,切我收藏的民谣,,music_song_favorite_search,"{""retext"": ""切我收藏的民谣""}",,
音乐,从收藏里选一首DJ,,music_song_favorite_search,"{""retext"": ""从收藏里选一首DJ""}",,
音乐,放收藏歌单里心情好听的,,music_song_favorite_search,"{""retext"": ""放收藏歌单里心情好听的""}",,
音乐,我收藏里有摇滚吗,,music_song_favorite_search,"{""retext"": ""我收藏里有摇滚吗""}",,
音乐,给我随机播一首收藏的歌,,music_song_favorite_search,"{""retext"": ""给我随机播一首收藏的歌""}",,
音乐,把收藏里欢快的歌放出来,,music_song_favorite_search,"{""retext"": ""把收藏里欢快的歌放出来""}",,
音乐,挑一首我收藏的粤语老歌,,music_song_favorite_search,"{""retext"": ""挑一首我收藏的粤语老歌""}",,
音乐,放我收藏的爵士乐,,music_song_favorite_search,"{""retext"": ""放我收藏的爵士乐""}",,
音乐,我想听我收藏的儿童歌曲,,music_song_favorite_search,"{""retext"": ""我想听我收藏的儿童歌曲""}",,
音乐,放我收藏的校园民谣,,music_song_favorite_search,"{""retext"": ""放我收藏的校园民谣""}",,
音乐,播一首我收藏的欧美热歌,,music_song_favorite_search,"{""retext"": ""播一首我收藏的欧美热歌""}",,
音乐,放我收藏的怀旧金曲,,music_song_favorite_search,"{""retext"": ""放我收藏的怀旧金曲""}",,
音乐,来一首我收藏的治愈系音乐,,music_song_favorite_search,"{""retext"": ""来一首我收藏的治愈系音乐""}",,
音乐,播放我收藏的电子舞曲,,music_song_favorite_search,"{""retext"": ""播放我收藏的电子舞曲""}",,
音乐,放一首我收藏的闽南语歌,,music_song_favorite_search,"{""retext"": ""放一首我收藏的闽南语歌""}",,
音乐,播放我收藏的新年歌曲,,music_song_favorite_search,"{""retext"": ""播放我收藏的新年歌曲""}",,
音乐,我想听我收藏的日语歌,,music_song_favorite_search,"{""retext"": ""我想听我收藏的日语歌""}",,
音乐,继续播放我上次没听完的歌,,music_song_history,"{""retext"": ""继续播放我上次没听完的歌""}",,
音乐,我想听上一首听过的歌,,music_song_history,"{""retext"": ""我想听上一首听过的歌""}",,
音乐,播放昨天的播放记录,,music_song_history,"{""retext"": ""播放昨天的播放记录""}",,
音乐,放我之前单曲循环过的那首,,music_song_history,"{""retext"": ""放我之前单曲循环过的那首""}",,
音乐,我想再听一次上次听过的歌,,music_song_history,"{""retext"": ""我想再听一次上次听过的歌""}",,
音乐,从我的播放历史里挑一首,,music_song_history,"{""retext"": ""从我的播放历史里挑一首""}",,
音乐,播放昨天听过的歌曲,,music_song_history,"{""retext"": ""播放昨天听过的歌曲""}",,
音乐,放我昨天播放列表的歌,,music_song_history,"{""retext"": ""放我昨天播放列表的歌""}",,
音乐,我上次点过的那首歌再来一遍,,music_song_history,"{""retext"": ""我上次点过的那首歌再来一遍""}",,
音乐,播放我最近播放过的歌单,,music_song_history,"{""retext"": ""播放我最近播放过的歌单""}",,
音乐,给我放听歌记录里的歌,,music_song_history,"{""retext"": ""给我放听歌记录里的歌""}",,
音乐,切一首我之前单曲循环的歌,,music_song_history,"{""retext"": ""切一首我之前单曲循环的歌""}",,
音乐,再来一首我之前听过的英文歌,,music_song_history,"{""retext"": ""再来一首我之前听过的英文歌""}",,
音乐,播放听歌历史里最近的那首,,music_song_history,"{""retext"": ""播放听歌历史里最近的那首""}",,
音乐,放我最近反复听过的那首歌,,music_song_history,"{""retext"": ""放我最近反复听过的那首歌""}",,
音乐,继续放我昨天没听完的那张专辑,,music_song_history,"{""retext"": ""继续放我昨天没听完的那张专辑""}",,
音乐,播放我上一次的播放记录,,music_song_history,"{""retext"": ""播放我上一次的播放记录""}",,
音乐,我想听我今天听过的歌,,music_song_history,"{""retext"": ""我想听我今天听过的歌""}",,
音乐,播放近一周的听歌记录,,music_song_history,"{""retext"": ""播放近一周的听歌记录""}",,
音乐,放我之前听过的那首歌,,music_song_history,"{""retext"": ""放我之前听过的那首歌""}",,
音乐,切到我历史里点过的那一首,,music_song_history,"{""retext"": ""切到我历史里点过的那一首""}",,
音乐,播放我最近播放过的同一首歌,,music_song_history,"{""retext"": ""播放我最近播放过的同一首歌""}",,
音乐,从听歌历史里再选一首,,music_song_history,"{""retext"": ""从听歌历史里再选一首""}",,
音乐,播放上周听过的歌,,music_song_history,"{""retext"": ""播放上周听过的歌""}",,
音乐,我想再听一遍我曾经听过的歌,,music_song_history,"{""retext"": ""我想再听一遍我曾经听过的歌""}",,
音乐,从我的听歌记录里挑出喜欢的,,music_song_history,"{""retext"": ""从我的听歌记录里挑出喜欢的""}",,
音乐,播放我昨天循环过的歌,,music_song_history,"{""retext"": ""播放我昨天循环过的歌""}",,
音乐,放我听歌历史里点红心的那首,,music_song_history,"{""retext"": ""放我听歌历史里点红心的那首""}",,
音乐,播放最近三天听过的歌,,music_song_history,"{""retext"": ""播放最近三天听过的歌""}",,
音乐,放我最近收藏前听过的歌,,music_song_history,"{""retext"": ""放我最近收藏前听过的歌""}",,
音乐,切到听歌记录里最近的一首,,music_song_history,"{""retext"": ""切到听歌记录里最近的一首""}",,
音乐,播放我上周点过的歌,,music_song_history,"{""retext"": ""播放我上周点过的歌""}",,
音乐,放我听歌历史里点赞过的歌,,music_song_history,"{""retext"": ""放我听歌历史里点赞过的歌""}",,
音乐,继续播我昨晚没放完的歌,,music_song_history,"{""retext"": ""继续播我昨晚没放完的歌""}",,
音乐,从播放历史里选首华语歌,,music_song_history,"{""retext"": ""从播放历史里选首华语歌""}",,
音乐,播放我一个月前听过的歌,,music_song_history,"{""retext"": ""播放我一个月前听过的歌""}",,
音乐,我想再听一次我听过的那首民谣,,music_song_history,"{""retext"": ""我想再听一次我听过的那首民谣""}",,
音乐,从历史记录里挑一首DJ,,music_song_history,"{""retext"": ""从历史记录里挑一首DJ""}",,
音乐,继续放我之前的播放,,music_song_history,"{""retext"": ""继续放我之前的播放""}",,
音乐,播放我前两天循环过的歌,,music_song_history,"{""retext"": ""播放我前两天循环过的歌""}",,
音乐,我想听音乐,,music_song_recommend,"{""retext"": ""我想听音乐""}",,
音乐,我要听歌,,music_song_recommend,"{""retext"": ""我要听歌""}",,
音乐,播放音乐,,music_song_recommend,"{""retext"": ""播放音乐""}",,
音乐,播放歌曲,,music_song_recommend,"{""retext"": ""播放歌曲""}",,
音乐,放首歌吧,,music_song_recommend,"{""retext"": ""放首歌吧""}",,
音乐,放一首歌,,music_song_recommend,"{""retext"": ""放一首歌""}",,
音乐,放首歌,,music_song_recommend,"{""retext"": ""放首歌""}",,
音乐,放首歌来,,music_song_recommend,"{""retext"": ""放首歌来""}",,
音乐,来首歌,,music_song_recommend,"{""retext"": ""来首歌""}",,
音乐,来首歌听,,music_song_recommend,"{""retext"": ""来首歌听""}",,
音乐,来首歌听听,,music_song_recommend,"{""retext"": ""来首歌听听""}",,
音乐,来首音乐,,music_song_recommend,"{""retext"": ""来首音乐""}",,
音乐,来一首歌,,music_song_recommend,"{""retext"": ""来一首歌""}",,
音乐,来一首,,music_song_recommend,"{""retext"": ""来一首""}",,
音乐,听歌吧,,music_song_recommend,"{""retext"": ""听歌吧""}",,
音乐,随便放一首,,music_song_recommend,"{""retext"": ""随便放一首""}",,
音乐,随便来一首,,music_song_recommend,"{""retext"": ""随便来一首""}",,
音乐,随便来首歌,,music_song_recommend,"{""retext"": ""随便来首歌""}",,
音乐,随便放首歌,,music_song_recommend,"{""retext"": ""随便放首歌""}",,
音乐,有什么好听的歌,,music_song_recommend,"{""retext"": ""有什么好听的歌""}",,
音乐,来首好听的,,music_song_recommend,"{""retext"": ""来首好听的""}",,
音乐,有没有好歌,,music_song_recommend,"{""retext"": ""有没有好歌""}",,
音乐,有什么好歌,,music_song_recommend,"{""retext"": ""有什么好歌""}",,
音乐,推荐首歌,,music_song_recommend,"{""retext"": ""推荐首歌""}",,
音乐,推荐一首歌,,music_song_recommend,"{""retext"": ""推荐一首歌""}",,
音乐,推荐首歌来听,,music_song_recommend,"{""retext"": ""推荐首歌来听""}",,
音乐,推荐首歌听听,,music_song_recommend,"{""retext"": ""推荐首歌听听""}",,
音乐,点首歌,,music_song_recommend,"{""retext"": ""点首歌""}",,
音乐,点首歌听,,music_song_recommend,"{""retext"": ""点首歌听""}",,
音乐,切首歌,,music_song_recommend,"{""retext"": ""切首歌""}",,
音乐,给我唱首歌,,music_song_recommend,"{""retext"": ""给我唱首歌""}",,
音乐,放点音乐,,music_song_recommend,"{""retext"": ""放点音乐""}",,
音乐,放点歌,,music_song_recommend,"{""retext"": ""放点歌""}",,
音乐,来点音乐,,music_song_recommend,"{""retext"": ""来点音乐""}",,
音乐,来点歌,,music_song_recommend,"{""retext"": ""来点歌""}",,
音乐,换一个世上只有妈妈好,,music_song_search,"{""retext"": ""播放世上只有妈妈好"", ""song"": [""世上只有妈妈好""]}",,
音乐,换个一路向北,,music_song_search,"{""retext"": ""播放一路向北"", ""song"": [""一路向北""]}",,
音乐,切个周杰伦的一路向北,,music_song_search,"{""retext"": ""播放周杰伦的一路向北"", ""song"": [""一路向北""], ""singer"": [""周杰伦""]}",,
音乐,换一首不同的歌，来张学友的再见,,music_song_search,"{""retext"": ""播放张学友的再见"", ""song"": [""再见""], ""singer"": [""张学友""]}",,
音乐,这首不好听，换周杰伦的稻香,,music_song_search,"{""retext"": ""播放周杰伦的稻香"", ""song"": [""稻香""], ""singer"": [""周杰伦""]}",,
音乐,下一首土坡上狗尾巴草,,music_song_search,"{""retext"": ""播放土坡上狗尾巴草"", ""song"": [""土坡上狗尾巴草""]}",,
音乐,换一首战火燃烧,,music_song_search,"{""retext"": ""播放战火燃烧"", ""song"": [""战火燃烧""]}",,
音乐,给我换一个背对背拥抱,,music_song_search,"{""retext"": ""播放背对背拥抱"", ""song"": [""背对背拥抱""]}",,
音乐,下一个红山果,,music_song_search,"{""retext"": ""播放红山果"", ""song"": [""红山果""]}",,
音乐,换一个大花轿,,music_song_search,"{""retext"": ""播放大花轿"", ""song"": [""大花轿""]}",,
音乐,换一个奥特曼歌曲,,music_song_search,"{""retext"": ""播放奥特曼歌曲"", ""ip"": [""奥特曼""]}",,
音乐,再换一个大香蕉,,music_song_search,"{""retext"": ""播放大香蕉"", ""song"": [""大香蕉""]}",,
音乐,再换一个离别开出花,,music_song_search,"{""retext"": ""播放离别开出花"", ""song"": [""离别开出花""]}",,
音乐,再换一个野狼disco,,music_song_search,"{""retext"": ""播放野狼disco"", ""song"": [""野狼disco""]}",,
音乐,请播放下一首今生最爱,,music_song_search,"{""retext"": ""播放今生最爱"", ""song"": [""今生最爱""]}",,
音乐,换一首孤勇者,,music_song_search,"{""retext"": ""播放孤勇者"", ""song"": [""孤勇者""]}",,
音乐,换一个起风了,,music_song_search,"{""retext"": ""播放起风了"", ""song"": [""起风了""]}",,
音乐,换个青花瓷,,music_song_search,"{""retext"": ""播放青花瓷"", ""song"": [""青花瓷""]}",,
音乐,换一首大鱼,,music_song_search,"{""retext"": ""播放大鱼"", ""song"": [""大鱼""]}",,
音乐,换一个平凡之路,,music_song_search,"{""retext"": ""播放平凡之路"", ""song"": [""平凡之路""]}",,
音乐,切一首周深的大鱼,,music_song_search,"{""retext"": ""播放周深的大鱼"", ""song"": [""大鱼""], ""singer"": [""周深""]}",,
音乐,切个治愈民谣南山南,,music_song_search,"{""retext"": ""播放治愈民谣南山南"", ""song"": [""南山南""], ""tag"": [""民谣"", ""温暖治愈""]}",,
音乐,切一首热门古风赤伶,,music_song_search,"{""retext"": ""播放热门古风赤伶"", ""song"": [""赤伶""], ""tag"": [""古风""]}",,
音乐,切个动画片主题曲葫芦娃,,music_song_search,"{""retext"": ""播放动画片主题曲葫芦娃"", ""song"": [""葫芦娃""], ""tag"": [""卡通动画""]}",,
音乐,这首听腻了，换首消愁,,music_song_search,"{""retext"": ""播放消愁"", ""song"": [""消愁""]}",,
音乐,这首歌不太喜欢，换一首富士山下,,music_song_search,"{""retext"": ""播放富士山下"", ""song"": [""富士山下""]}",,
音乐,不好听，切换到七里香,,music_song_search,"{""retext"": ""播放七里香"", ""song"": [""七里香""]}",,
音乐,这首节奏不喜欢，换一个年轮,,music_song_search,"{""retext"": ""播放年轮"", ""song"": [""年轮""]}",,
音乐,下一首放孤勇者,,music_song_search,"{""retext"": ""播放孤勇者"", ""song"": [""孤勇者""]}",,
音乐,放下一首周杰伦的晴天,,music_song_search,"{""retext"": ""播放周杰伦的晴天"", ""song"": [""晴天""], ""singer"": [""周杰伦""]}",,
音乐,这首不好听，换个邓紫棋的光年之外,,music_song_search,"{""retext"": ""播放邓紫棋的光年之外"", ""song"": [""光年之外""], ""singer"": [""邓紫棋""]}",,
音乐,切一首林俊杰的江南,,music_song_search,"{""retext"": ""播放林俊杰的江南"", ""song"": [""江南""], ""singer"": [""林俊杰""]}",,
音乐,换个毛不易的消愁,,music_song_search,"{""retext"": ""播放毛不易的消愁"", ""song"": [""消愁""], ""singer"": [""毛不易""]}",,
音乐,下一首陈奕迅的富士山下,,music_song_search,"{""retext"": ""播放陈奕迅的富士山下"", ""song"": [""富士山下""], ""singer"": [""陈奕迅""]}",,
音乐,给我切个歌，来一首毛阿敏的相思,,music_song_search,"{""retext"": ""播放毛阿敏的相思"", ""song"": [""相思""], ""singer"": [""毛阿敏""]}",,
音乐,重新换一首，播放动漫主题曲追光者,,music_song_search,"{""retext"": ""播放动漫主题曲追光者"", ""song"": [""追光者""], ""tag"": [""动漫原声""]}",,
音乐,我要听抖音热歌榜,,music_song_search,"{""retext"": ""我要听抖音热歌榜"", ""tag"": [""抖音""]}",,
音乐,放几首民谣榜里的歌曲,,music_song_search,"{""retext"": ""放几首民谣榜里的歌曲"", ""tag"": [""民谣""]}",,
音乐,放摇滚榜的歌曲,,music_song_search,"{""retext"": ""放摇滚榜的歌曲"", ""tag"": [""摇滚""]}",,
音乐,韩国Melon音乐榜的音乐,,music_song_search,"{""retext"": ""韩国Melon音乐榜的音乐"", ""tag"": [""韩语""]}",,
音乐,播放欧美金曲榜,,music_song_search,"{""retext"": ""播放欧美金曲榜"", ""tag"": [""欧美流行""]}",,
音乐,适合冬日取暖时听的音乐,,music_song_search,"{""retext"": ""适合冬日取暖时听的音乐""}",,
音乐,找一个适合健身时听的歌单播放,,music_song_search,"{""retext"": ""找一个适合健身时听的歌单播放"", ""tag"": [""运动""]}",,
音乐,找一些有助于专注学习的歌,,music_song_search,"{""retext"": ""找一些有助于专注学习的歌"", ""tag"": [""工作学习&咖啡厅""]}",,
音乐,找点适合晚餐时的背景音乐,,music_song_search,"{""retext"": ""找点适合晚餐时的背景音乐"", ""tag"": [""烛光晚餐""]}",,
音乐,播放跑步音乐,,music_song_search,"{""retext"": ""播放跑步音乐"", ""tag"": [""跑步&骑行""]}",,
音乐,推荐学习的时候听的歌曲,,music_song_search,"{""retext"": ""推荐学习的时候听的歌曲"", ""tag"": [""工作学习&咖啡厅""]}",,
音乐,喝咖啡的时候听的歌,,music_song_search,"{""retext"": ""喝咖啡的时候听的歌"", ""tag"": [""咖啡厅""]}",,
音乐,梅花三弄琴箫合奏,,music_song_search,"{""retext"": ""梅花三弄琴箫合奏"", ""song"": [""梅花三弄""], ""tag"": [""古琴""]}",,
音乐,古筝曲,,music_song_search,"{""retext"": ""古筝曲"", ""tag"": [""古筝""]}",,
音乐,唢呐演奏的《百鸟朝凤》,,music_song_search,"{""retext"": ""唢呐演奏的百鸟朝凤"", ""song"": [""百鸟朝凤""], ""tag"": [""唢呐""]}",,
音乐,播放钢琴曲,,music_song_search,"{""retext"": ""播放钢琴曲"", ""tag"": [""钢琴""]}",,
音乐,任同祥的唢呐演奏乐,,music_song_search,"{""retext"": ""任同祥的唢呐演奏乐"", ""singer"": [""任同祥""], ""tag"": [""唢呐""]}",,
音乐,琵琶独奏曲,,music_song_search,"{""retext"": ""琵琶独奏曲"", ""tag"": [""琵琶""]}",,
音乐,我想看周杰伦的一路向北MV,,music_song_mv_search,"{""retext"": ""我想看周杰伦的一路向北MV"", ""singer"": [""周杰伦""], ""song"": [""一路向北""]}",,
音乐,我要听七里香专辑MV,,music_song_mv_search,"{""retext"": ""我要听七里香专辑MV"", ""album"": [""七里香""]}",,
音乐,雪龙吟视频,,music_song_mv_search,"{""retext"": ""播放雪龙吟MV"", ""song"": [""雪龙吟""]}",,
音乐,我要听一路向北的MV,,music_song_mv_search,"{""retext"": ""我要看勇气大爆发的MV"", ""song"": [""一路向北""]}",,
音乐,我要看小鸡小鸡MV,,music_song_mv_search,"{""retext"": ""我要看小鸡小鸡MV"", ""song"": [""小鸡小鸡""]}",,
音乐,我想听社会摇MV,,music_song_mv_search,"{""retext"": ""我想看社会摇MV"", ""song"": [""社会摇""]}",,
音乐,吻别mv,,music_song_mv_search,"{""retext"": ""播放吻别MV"", ""song"": [""吻别""]}",,
音乐,播放一个江南STYLE MV,,music_song_mv_search,"{""retext"": ""播放江南STYLE MV"", ""song"": [""江南STYLE""]}",,
音乐,新年快乐歌曲视频,,music_song_mv_search,"{""retext"": ""播放新年快乐MV"", ""song"": [""新年快乐""]}",,
音乐,播放告白气球的MV,,music_song_mv_search,"{""retext"": ""播放告白气球的MV"", ""song"": [""告白气球""]}",,
音乐,我要看周杰伦MV,,music_song_mv_search,"{""retext"": ""我要看周杰伦的MV"", ""singer"": [""周杰伦""]}",,
音乐,我要看凤凰传奇的MV,,music_song_mv_search,"{""retext"": ""我要看凤凰传奇的MV"", ""singer"": [""凤凰传奇""]}",,
音乐,我要看抖音热歌榜的MV,,music_song_mv_search,"{""retext"": ""我要看抖音热歌榜的MV"", ""tag"": [""抖音""]}",,
音乐,随便放点古风歌曲的MV,,music_song_mv_search,"{""retext"": ""随便放点古风歌曲的MV"", ""tag"": [""古风""]}",,
音乐,播放民谣MV,,music_song_mv_search,"{""retext"": ""播放民谣MV"", ""tag"": [""民谣""]}",,
音乐,播放欧美音乐的MV,,music_song_mv_search,"{""retext"": ""播放欧美音乐的MV"", ""tag"": [""欧美流行""]}",,
音乐,我要看韩国歌曲MV,,music_song_mv_search,"{""retext"": ""我要看韩国歌曲MV"", ""tag"": [""韩语""]}",,
音乐,我想看90年代的歌曲MV,,music_song_mv_search,"{""retext"": ""我想看90年代的歌曲MV""}",,
音乐,播放千禧年的歌曲MV,,music_song_mv_search,"{""retext"": ""播放千禧年的歌曲MV""}",,
音乐,2025年最火的歌的MV,,music_song_mv_search,"{""retext"": ""2025年最火的歌的MV""}",,
音乐,播放校园歌曲的MV,,music_song_mv_search,"{""retext"": ""播放校园歌曲的MV"", ""tag"": [""校园""]}",,
音乐,播放新年歌曲MV,,music_song_mv_search,"{""retext"": ""播放新年歌曲MV"", ""tag"": [""新春佳节""]}",,
音乐,我要看三生三世十里桃花的MV,,music_song_mv_search,"{""retext"": ""我要看三生三世十里桃花的MV"", ""ip"": [""三生三世十里桃花""]}",,
音乐,我想看韩剧OST的MV,,music_song_mv_search,"{""retext"": ""我想看韩剧OST的MV"", ""tag"": [""电视剧原声""]}",,
音乐,帮我播放带“向左向右向前看”的那首歌的MV,,music_song_mv_search,"{""retext"": ""帮我播放带向左向右向前看的那首歌的MV"", ""lyrics"": [""向左向右向前看""]}",,
音乐,我要看歌词是“微微笑，小时候的梦我知道”的MV,,music_song_mv_search,"{""retext"": ""我要看歌词是微微笑小时候的梦我知道的MV"", ""lyrics"": [""微微笑小时候的梦我知道""]}",,
音乐,播放I AM GLORIA专辑MV,,music_song_mv_search,"{""retext"": ""播放I AM GLORIA专辑MV"", ""album"": [""I AM GLORIA""]}",,
音乐,请播放七里香专辑里的MV,,music_song_mv_search,"{""retext"": ""请播放七里香专辑里的MV"", ""album"": [""七里香""]}",,
音乐,找田中千绘出演的周杰伦MV,,music_song_mv_search,"{""retext"": ""找田中千绘出演的周杰伦MV"", ""singer"": [""周杰伦""]}",,
音乐,唱凤凰传奇全部的歌,,music_ksong_search,"{""retext"": ""唱凤凰传奇的歌"", ""singer"": [""凤凰传奇""]}",,
音乐,我要唱萱草花,,music_ksong_search,"{""retext"": ""我要唱萱草花"", ""song"": [""萱草花""]}",,
音乐,唱个儿歌拔萝卜,,music_ksong_search,"{""retext"": ""唱个儿歌拔萝卜"", ""song"": [""拔萝卜""], ""tag"": [""儿童歌曲""]}",,
音乐,唱点免费的歌,,music_ksong_search,"{""retext"": ""唱点免费的歌"", ""version"": [""免费版""]}",,
音乐,唱首小跳蛙,,music_ksong_search,"{""retext"": ""唱首小跳蛙"", ""song"": [""小跳蛙""]}",,
音乐,演唱久别的人,,music_ksong_search,"{""retext"": ""演唱久别的人"", ""song"": [""久别的人""]}",,
音乐,唱没有共产党就没有新中国,,music_ksong_search,"{""retext"": ""唱没有共产党就没有新中国"", ""song"": [""没有共产党就没有新中国""]}",,
音乐,唱个歌稻香,,music_ksong_search,"{""retext"": ""唱个歌稻香"", ""song"": [""稻香""]}",,
音乐,我要唱歌好运来,,music_ksong_search,"{""retext"": ""我要唱歌好运来"", ""song"": [""好运来""]}",,
音乐,唱一首云菲菲的歌,,music_ksong_search,"{""retext"": ""唱一首云菲菲的歌"", ""singer"": [""云菲菲""]}",,
音乐,我想唱奥特曼歌曲,,music_ksong_search,"{""retext"": ""我想唱奥特曼歌曲"", ""ip"": [""奥特曼""]}",,
音乐,唱一首免费的花园种花,,music_ksong_search,"{""retext"": ""唱一首免费的花园种花"", ""song"": [""花园种花""], ""version"": [""免费版""]}",,
音乐,唱儿歌小手拍拍,,music_ksong_search,"{""retext"": ""唱儿歌小手拍拍"", ""song"": [""小手拍拍""], ""tag"": [""儿童歌曲""]}",,
音乐,唱个白毛女,,music_ksong_search,"{""retext"": ""唱个白毛女"", ""song"": [""白毛女""]}",,
音乐,唱抖音热歌,,music_ksong_search,"{""retext"": ""唱抖音热歌"", ""tag"": [""抖音""]}",,
音乐,K歌潮湿的心,,music_ksong_search,"{""retext"": ""K歌潮湿的心"", ""song"": [""潮湿的心""]}",,
音乐,唱藏海传,,music_ksong_search,"{""retext"": ""唱藏海传"", ""ip"": [""藏海传""]}",,
音乐,唱大花轿,,music_ksong_search,"{""retext"": ""唱大花轿"", ""song"": [""大花轿""]}",,
音乐,请帮我点一首讲不出再见,,music_ksong_search,"{""retext"": ""请帮我点一首讲不出再见"", ""song"": [""讲不出再见""]}",,
音乐,我想唱爱我你就抱抱我,,music_ksong_search,"{""retext"": ""我想唱爱我你就抱抱我"", ""song"": [""爱我你就抱抱我""]}",,
音乐,演唱童心向党,,music_ksong_search,"{""retext"": ""演唱童心向党"", ""song"": [""童心向党""]}",,
音乐,唱圣诞歌,,music_ksong_search,"{""retext"": ""唱圣诞歌"", ""tag"": [""圣诞节""]}",,
音乐,500年桑田沧海K歌版,,music_ksong_search,"{""retext"": ""500年桑田沧海K歌版"", ""song"": [""500年桑田沧海""]}",,
音乐,K歌王菲的如愿,,music_ksong_search,"{""retext"": ""K歌王菲的如愿"", ""song"": [""如愿""], ""singer"": [""王菲""]}",,
音乐,唱一闪一闪亮晶晶,,music_ksong_search,"{""retext"": ""唱一闪一闪亮晶晶"", ""song"": [""一闪一闪亮晶晶""]}",,
音乐,唱小手拍拍,,music_ksong_search,"{""retext"": ""唱小手拍拍"", ""song"": [""小手拍拍""]}",,
音乐,唱个汪汪队,,music_ksong_search,"{""retext"": ""唱个汪汪队"", ""ip"": [""汪汪队""]}",,
音乐,K歌科尔沁夫唱画你,,music_ksong_search,"{""retext"": ""K歌科尔沁夫唱画你"", ""song"": [""画你""], ""singer"": [""科尔沁夫""]}",,
音乐,唱陈琳的歌,,music_ksong_search,"{""retext"": ""唱陈琳的歌"", ""singer"": [""陈琳""]}",,
音乐,QQ音乐的妈妈的专辑,,music_song_qqmusic_search,"{""retext"": ""QQ音乐的妈妈的专辑"", ""keywords"": [""妈妈""]}",,
音乐,QQ音乐来一首歌曲天际,,music_song_qqmusic_search,"{""retext"": ""QQ音乐来一首歌曲天际"", ""keywords"": [""天际""]}",,
音乐,QQ音乐逆转时空主题曲,,music_song_qqmusic_search,"{""retext"": ""QQ音乐逆转时空主题曲"", ""keywords"": [""逆转时空""]}",,
音乐,拉丁舞歌曲QQ音乐,,music_song_qqmusic_search,"{""retext"": ""拉丁舞歌曲QQ音乐"", ""keywords"": [""热门""]}",,
音乐,请播放打开QQ音乐大碗宽面,,music_song_qqmusic_search,"{""retext"": ""请播放打开QQ音乐大碗宽面"", ""keywords"": [""大碗宽面""]}",,
音乐,用QQ音乐放首歌听,,music_song_qqmusic_search,"{""retext"": ""用QQ音乐放首歌听"", ""keywords"": [""热门""]}",,
音乐,周传雄黄昏QQ音乐,,music_song_qqmusic_search,"{""retext"": ""周传雄黄昏QQ音乐"", ""keywords"": [""周传雄"", ""黄昏""]}",,
音乐,QQ音乐里的斗牛曲,,music_song_qqmusic_search,"{""retext"": ""QQ音乐里的斗牛曲"", ""keywords"": [""斗牛曲""]}",,
音乐,我想听QQ音乐琴香,,music_song_qqmusic_search,"{""retext"": ""我想听QQ音乐琴香"", ""keywords"": [""琴香""]}",,
音乐,打开QQ音乐随机播放音乐,,music_song_qqmusic_search,"{""retext"": ""打开QQ音乐随机播放音乐"", ""keywords"": [""热门""]}",,
音乐,用QQ音乐播放折子戏,,music_song_qqmusic_search,"{""retext"": ""用QQ音乐播放折子戏"", ""keywords"": [""折子戏""]}",,
音乐,QQ音乐super star,,music_song_qqmusic_search,"{""retext"": ""QQ音乐super star"", ""keywords"": [""super star""]}",,
音乐,QQ音乐帮我播放南方凯的离别开出花,,music_song_qqmusic_search,"{""retext"": ""QQ音乐帮我播放南方凯的离别开出花"", ""keywords"": [""南方凯"", ""离别开出花""]}",,
音乐,播放QQ音乐免费音乐,,music_song_qqmusic_search,"{""retext"": ""播放QQ音乐免费音乐"", ""keywords"": [""热门""]}",,
音乐,我要听QQ音乐北京欢迎你,,music_song_qqmusic_search,"{""retext"": ""我要听QQ音乐北京欢迎你"", ""keywords"": [""北京欢迎你""]}",,
音乐,用QQ音乐播放黄家驹的歌,,music_song_qqmusic_search,"{""retext"": ""用QQ音乐播放黄家驹的歌"", ""keywords"": [""黄家驹""]}",,
音乐,在QQ音乐里面听单依纯的不值得,,music_song_qqmusic_search,"{""retext"": ""在QQ音乐里面听单依纯的不值得"", ""keywords"": [""单依纯"", ""不值得""]}",,
