业务域,query,意图,期望工具,期望参数,是否合理,备注,业务备注,,,,,,,,,,,,
体育,格斗比赛视频,sports_vod_search,sports_vod_search,"{""query"": {""field"": ""sport_name"", ""value"": ""格斗""}}",合理,,,,,,,,,,,,,,
体育,找个跳伞的比赛视频,sports_vod_search,sports_vod_search,"{""query"": {""field"": ""sport_name"", ""value"": ""跳伞""}}",合理,,,,,,,,,,,,,,
体育,播放跳水比赛视频,sports_vod_search,sports_vod_search,"{""query"": {""field"": ""sport_name"", ""value"": ""跳水""}}",合理,,,,,,,,,,,,,,
体育,进入文班亚马精彩进球集锦,sports_vod_search,sports_vod_search,"{""query"": {""field"": ""sport_star"", ""value"": ""文班亚马""}}",合理,,,,,,,,,,,,,,
体育,看下欧洲杯预选赛的视频,sports_vod_search,sports_vod_search,"{""query"": {""and"": [{""field"": ""sport_game"", ""value"": ""欧洲杯""}, {""field"": ""sport_competition_phase"", ""value"": ""预选赛""}]}}",合理,,,,,,,,,,,,,,
体育,麻烦播放个足球亚巡赛的视频,sports_vod_search,sports_vod_search,"{""query"": {""and"": [{""field"": ""sport_name"", ""value"": ""足球""}, {""field"": ""sport_game"", ""value"": ""亚巡赛""}]}}",合理,,,,,,,,,,,,,,
体育,找一下k联赛的比赛视频,sports_vod_search,sports_vod_search,"{""query"": {""field"": ""sport_game"", ""value"": ""k联赛""}}",合理,,,,,,,,,,,,,,
体育,男子800米决赛视频,sports_vod_search,sports_vod_search,"{""query"": {""and"": [{""field"": ""sport_name"", ""value"": ""田径""}, {""field"": ""sport_competition_phase"", ""value"": ""决赛""}]}}",不合理,"应为{""query"": {""and"": [{""field"": ""sport_name"", ""value"": ""男子800米""}, {""field"": ""sport_competition_phase"", ""value"": ""决赛""}]}}",同意修改,,,,,,,,,,,,
体育,nba雄鹿比赛视频,sports_vod_search,sports_vod_search,"{""query"": {""and"": [{""field"": ""sport_game"", ""value"": ""NBA""}, {""field"": ""sport_team"", ""value"": ""雄鹿""}]}}",合理,,,,,,,,,,,,,,
体育,搏击格斗的比赛视频,sports_vod_search,sports_vod_search,"{""query"": {""and"": [{""field"": ""sport_name"", ""value"": ""格斗""}, {""field"": ""sport_name"", ""value"": ""搏击""}]}}",不合理,"按照标签知识应为{""query"": {""field"": ""sport_name"", ""value"": ""搏击格斗""}}",同意修改,,,,,,,,,,,,
体育,德甲今天的视频,sports_vod_search,sports_vod_search,"{""query"": {""field"": ""sport_game"", ""value"": ""德甲""}}",不合理,今天没有提取参数,同意,,,,,,,,,,,,
体育,世界杯视频,sports_vod_search,sports_vod_search,"{""query"": {""field"": ""sport_game"", ""value"": ""世界杯""}}",合理,,,,,,,,,,,,,,
体育,打开速度轮滑视频,sports_vod_search,sports_vod_search,"{""query"": {""field"": ""sport_name"", ""value"": ""速度轮滑""}}",合理,,,,,,,,,,,,,,
体育,搜索下欧联的比赛视频,sports_vod_search,sports_vod_search,"{""query"": {""field"": ""sport_game"", ""value"": ""欧联""}}",不合理,"改写补全后query为搜索欧联杯的比赛视频，应为{""query"": {""field"": ""sport_game"", ""value"": ""欧联杯""}}",同意,,,,,,,,,,,,
体育,ac米兰的视频,sports_vod_search,sports_vod_search,"{""query"": {""field"": ""sport_team"", ""value"": ""ac米兰""}}",合理,,,,,,,,,,,,,,
体育,cba总决赛录像,sports_vod_search,sports_vod_search,"{""query"": {""and"": [{""field"": ""sport_game"", ""value"": ""CBA""}, {""field"": ""sport_competition_phase"", ""value"": ""总决赛""}]}}",合理,,,,,,,,,,,,,,
体育,找个自由体操比赛视频,sports_vod_search,sports_vod_search,"{""query"": {""field"": ""sport_name"", ""value"": ""自由体操""}}",合理,,,,,,,,,,,,,,
体育,冰球的视频,sports_vod_search,sports_vod_search,"{""query"": {""field"": ""sport_name"", ""value"": ""冰球""}}",合理,,,,,,,,,,,,,,
体育,帮搜索法甲的集锦,sports_vod_search,sports_vod_search,"{""query"": {""field"": ""sport_game"", ""value"": ""法甲""}}",合理,,,,,,,,,,,,,,
体育,短跑比赛视频,sports_vod_search,sports_vod_search,"{""query"": {""field"": ""sport_name"", ""value"": ""短跑""}}",合理,,,,,,,,,,,,,,
体育,搜索下亚冠的比赛视频,sports_vod_search,sports_vod_search,"{""query"": {""field"": ""sport_game"", ""value"": ""亚冠""}}",合理,,,,,,,,,,,,,,
体育,关于皇马的球赛视频,sports_vod_search,sports_vod_search,"{""query"": {""field"": ""sport_team"", ""value"": ""皇马""}}",合理,,,,,,,,,,,,,,
体育,欧冠比赛视频,sports_vod_search,sports_vod_search,"{""query"": {""field"": ""sport_game"", ""value"": ""欧冠""}}",合理,,,,,,,,,,,,,,
体育,赛车比赛视频,sports_vod_search,sports_vod_search,"{""query"": {""field"": ""sport_name"", ""value"": ""赛车""}}",合理,,,,,,,,,,,,,,
体育,播放中超联赛的比赛视频,sports_vod_search,sports_vod_search,"{""query"": {""field"": ""sport_game"", ""value"": ""中超""}}",合理,,,,,,,,,,,,,,
体育,棒球比赛的视频,sports_vod_search,sports_vod_search,"{""query"": {""field"": ""sport_name"", ""value"": ""棒球""}}",合理,,,,,,,,,,,,,,
体育,麻烦搜索击剑回播,sports_match_search,sports_match_search,"{""query"": {""and"": [{""field"": ""sport_name"", ""value"": ""击剑""}, {""field"": ""live_state"", ""values"": [""3"", ""4""]}]}}",合理,,,,,,,,,,,,,,
体育,网球的视频,sports_vod_search,sports_vod_search,"{""query"": {""field"": ""sport_name"", ""value"": ""网球""}}",合理,,,,,,,,,,,,,,
体育,我看下羽毛球复赛视频,sports_vod_search,sports_vod_search,"{""query"": {""and"": [{""field"": ""sport_name"", ""value"": ""羽毛球""}, {""field"": ""sport_competition_phase"", ""value"": ""复赛""}]}}",合理,,,,,,,,,,,,,,
体育,打开库里投篮慢动作视频,sports_vod_search,sports_vod_search,"{""query"": {""and"": [{""field"": ""sport_name"", ""value"": ""篮球""}, {""field"": ""sport_star"", ""value"": ""库里""}]}}",不合理,投篮、慢动作都没有提参,当前线上只会提取出来(sport_star:库里),,,,,,,,,,,,
体育,观看澳网的视频,sports_vod_search,sports_vod_search,"{""query"": {""field"": ""sport_game"", ""value"": ""澳网""}}",合理,,,,,,,,,,,,,,
体育,太阳队,sports_team_search,sports_team_search,"{""sport_team"": ""菲尼克斯太阳队""}",不合理,"应为{""sport_team"": ""太阳队""}",同意,,,,,,,,,,,,
体育,波特兰开拓者队,sports_team_search,sports_team_search,"{""sport_team"": ""波特兰开拓者队""}",合理,,,,,,,,,,,,,,
体育,勒沃库森队,sports_team_search,sports_team_search,"{""sport_team"": ""勒沃库森队""}",合理,,,,,,,,,,,,,,
体育,挪威队,sports_team_search,sports_team_search,"{""sport_team"": ""挪威队""}",合理,,,,,,,,,,,,,,
体育,快船队,sports_team_search,sports_team_search,"{""sport_team"": ""快船队""}",合理,,,,,,,,,,,,,,
体育,菲尼克斯太阳队,sports_team_search,sports_team_search,"{""sport_team"": ""菲尼克斯太阳队""}",合理,,,,,,,,,,,,,,
体育,奇才队,sports_team_search,sports_team_search,"{""sport_team"": ""奇才""}",不合理,"应为{""sport_team"": ""奇才队""}",同意,,,,,,,,,,,,
体育,贝尔格莱德红星队,sports_team_search,sports_team_search,"{""sport_team"": ""贝尔格莱德红星队""}",合理,,,,,,,,,,,,,,
体育,天津津门虎队,sports_team_search,sports_team_search,"{""sport_team"": ""天津津门虎""}",不合理,"应为{""sport_team"": ""天津津门虎队""}",同意,,,,,,,,,,,,
体育,黄蜂队,sports_team_search,sports_team_search,"{""sport_team"": ""夏洛特黄蜂队""}",合理,,,,,,,,,,,,,,
体育,马赛队,sports_team_search,sports_team_search,"{""sport_team"": ""马赛队""}",合理,,,,,,,,,,,,,,
体育,纽约尼克斯队,sports_team_search,sports_team_search,"{""sport_team"": ""纽约尼克斯队""}",合理,,,,,,,,,,,,,,
体育,瑞士队,sports_team_search,sports_team_search,"{""sport_team"": ""瑞士队""}",合理,,,,,,,,,,,,,,
体育,俄罗斯队,sports_team_search,sports_team_search,"{""sport_team"": ""俄罗斯队""}",合理,,,,,,,,,,,,,,
体育,博卡青年队,sports_team_search,sports_team_search,"{""sport_team"": ""博卡青年队""}",合理,,,,,,,,,,,,,,
体育,法国队,sports_team_search,sports_team_search,"{""sport_team"": ""法国队""}",合理,,,,,,,,,,,,,,
体育,国际米兰队,sports_team_search,sports_team_search,"{""sport_team"": ""国际米兰队""}",合理,,,,,,,,,,,,,,
体育,密尔沃基雄鹿队,sports_team_search,sports_team_search,"{""sport_team"": ""密尔沃基雄鹿队""}",合理,,,,,,,,,,,,,,
体育,老鹰队,sports_team_search,sports_team_search,"{""sport_team"": ""亚特兰大老鹰队""}",合理,,,,,,,,,,,,,,
体育,孟菲斯灰熊队,sports_team_search,sports_team_search,"{""sport_team"": ""孟菲斯灰熊队""}",合理,,,,,,,,,,,,,,
体育,森林狼队,sports_team_search,sports_team_search,"{""sport_team"": ""森林狼队""}",合理,,,,,,,,,,,,,,
体育,印度队,sports_team_search,sports_team_search,"{""sport_team"": ""印度队""}",合理,,,,,,,,,,,,,,
体育,埃塞俄比亚队,sports_team_search,sports_team_search,"{""sport_team"": ""埃塞俄比亚队""}",合理,,,,,,,,,,,,,,
体育,小聚我要看中超联赛积分榜,sports_rank_search,sports_rank_search,"{""sport_game"": ""中超"", ""sport_rank_type"": ""积分榜""}",合理,,,,,,,,,,,,,,
体育,小聚我要看意甲积分榜,sports_rank_llm_search,sports_rank_search,"{""sport_game"": ""意甲"", ""sport_rank_type"": ""积分榜""}",合理,,,,,,,,,,,,,,
体育,nba抢断榜,sports_rank_search,sports_rank_search,"{""sport_game"": ""NBA"", ""sport_rank_type"": ""抢断榜""}",合理,,,,,,,,,,,,,,
体育,中超联赛积分榜,sports_rank_search,sports_rank_search,"{""sport_game"": ""中超"", ""sport_rank_type"": ""积分榜""}",合理,,,,,,,,,,,,,,
体育,乒乓球世界杯排名,sports_rank_llm_search,sports_rank_search,"{""sport_game"": ""世界杯"", ""sport_rank_type"": ""积分榜""}",不合理,"应为{""sport_game"": ""乒乓球世界杯"", ""sport_rank_type"": ""积分榜""}",rank_search一般情况下只针对足球篮球，其他赛事/运动都会走泛知识,,,,,,,,,,,,
体育,中甲积分榜,sports_rank_llm_search,sports_rank_search,"{""sport_game"": ""中甲"", ""sport_rank_type"": ""积分榜""}",合理,,,,,,,,,,,,,,
体育,亚冠射手榜,sports_rank_llm_search,sports_rank_search,"{""sport_game"": ""亚冠"", ""sport_rank_type"": ""射手榜""}",合理,,,,,,,,,,,,,,
体育,中超排名,sports_rank_search,sports_rank_search,"{""sport_game"": ""中超"", ""sport_rank_type"": ""积分榜""}",合理,,,,,,,,,,,,,,
体育,意甲的射手榜,sports_rank_llm_search,sports_rank_search,"{""sport_game"": ""意甲"", ""sport_rank_type"": ""射手榜""}",合理,,,,,,,,,,,,,,
体育,中超射手排行榜,sports_rank_llm_search,sports_rank_search,"{""sport_game"": ""中超"", ""sport_rank_type"": ""射手榜""}",合理,,,,,,,,,,,,,,
体育,播放中超联赛,sports_match_search,sports_match_search,"{""query"": {""field"": ""sport_game"", ""value"": ""中超""}}",合理,,,,,,,,,,,,,,
体育,播放西甲联赛,sports_match_search,sports_match_search,"{""query"": {""field"": ""sport_game"", ""value"": ""西甲""}}",合理,,,,,,,,,,,,,,
体育,播放欧洲杯,sports_match_search,sports_match_search,"{""query"": {""field"": ""sport_game"", ""value"": ""欧洲杯""}}",合理,,,,,,,,,,,,,,
体育,搜索羽毛球,sports_match_search,sports_match_search,"{""query"": {""field"": ""sport_name"", ""value"": ""羽毛球""}}",合理,,,,,,,,,,,,,,
体育,我想看cba,sports_match_search,sports_match_search,"{""query"": {""field"": ""sport_game"", ""value"": ""CBA""}}",合理,,,,,,,,,,,,,,
体育,跳台滑雪,sports_match_search,sports_match_search,"{""query"": {""field"": ""sport_name"", ""value"": ""跳台滑雪""}}",合理,,,,,,,,,,,,,,
体育,播放湖人的比赛,sports_match_search,sports_match_search,"{""query"": {""field"": ""sport_team"", ""value"": ""湖人""}}",不合理,"改写补全后的query为播放洛杉矶湖人队的比赛，应为{""query"": {""field"": ""sport_team"", ""value"": ""洛杉矶湖人队""}}",同意,,,,,,,,,,,,
体育,wcba,sports_match_search,sports_match_search,"{""query"": {""field"": ""sport_game"", ""value"": ""wcba""}}",合理,,,,,,,,,,,,,,
体育,播放免费的nba视频,sports_vod_search,sports_vod_search,"{""query"": {""field"": ""sport_game"", ""value"": ""NBA""}}",合理,,,,,,,,,,,,,,
体育,播放速度滑冰比赛,sports_match_search,sports_match_search,"{""query"": {""field"": ""sport_name"", ""value"": ""速度滑冰""}}",合理,,,,,,,,,,,,,,
体育,女子摔跤比赛,sports_match_search,sports_match_search,"{""query"": {""field"": ""sport_name"", ""value"": ""女子摔跤""}}",合理,,,,,,,,,,,,,,
体育,中国女篮亚洲杯小组赛,sports_match_search,sports_match_search,"{""query"": {""and"": [{""field"": ""sport_game"", ""value"": ""女篮亚洲杯""}, {""field"": ""sport_team"", ""value"": ""中国""}, {""field"": ""sport_competition_phase"", ""value"": ""小组赛""}]}}",合理,,,,,,,,,,,,,,
体育,罗马主场对斯图加特的球赛,sports_match_search,sports_match_search,"{""query"": {""and"": [{""field"": ""sport_team_home"", ""value"": ""罗马""}, {""field"": ""sport_team_guest"", ""value"": ""斯图加特""}]}}",合理,,,,,,,,,,,,,,
体育,我要看独行侠对阵国王的全部赛程,sports_match_search,sports_match_search,"{""query"": {""and"": [{""field"": ""sport_team"", ""value"": ""独行侠""}, {""field"": ""sport_team"", ""value"": ""国王""}]}}",合理,,,,,,,,,,,,,,
体育,法国对战阿根廷,sports_match_search,sports_match_search,"{""query"": {""and"": [{""field"": ""sport_team"", ""value"": ""法国""}, {""field"": ""sport_team"", ""value"": ""阿根廷""}]}}",合理,,,,,,,,,,,,,,
体育,我要看篮球赛,sports_match_search,sports_match_search,"{""query"": {""field"": ""sport_name"", ""value"": ""篮球""}}",合理,,,,,,,,,,,,,,
体育,勇士队对火箭队nba,sports_match_search,sports_match_search,"{""query"": {""and"": [{""field"": ""sport_game"", ""value"": ""NBA""}, {""field"": ""sport_team"", ""value"": ""勇士""}, {""field"": ""sport_team"", ""value"": ""火箭""}]}}",不合理,"补全改写后应为{""query"": {""and"": [{""field"": ""sport_team"", ""values"": [""勇士队"", ""休斯敦火箭队""], ""operator"": ""and""}, {""field"": ""sport_game"", ""value"": ""NBA""}]}}",这里的火箭队变成了休斯顿火箭，为什么勇士不是金州勇士，如果要改写成全称应该统一,,,,,,,,,,,,
体育,帮我播放勇士vs森林狼的比赛,sports_match_search,sports_match_search,"{""query"": {""and"": [{""field"": ""sport_team"", ""value"": ""勇士""}, {""field"": ""sport_team"", ""value"": ""森林狼""}]}}",不合理,"补全改写{""query"": {""field"": ""sport_team"", ""values"": [""勇士"", ""森林狼队""], ""operator"": ""and""}}",同意,,,,,,,,,,,,
体育,湖人vs森林狼,sports_match_search,sports_match_search,"{""query"": {""and"": [{""field"": ""sport_team"", ""value"": ""湖人""}, {""field"": ""sport_team"", ""value"": ""森林狼""}]}}",不合理,同82,同意,,,,,,,,,,,,
体育,播放湖人对快船,sports_match_search,sports_match_search,"{""query"": {""and"": [{""field"": ""sport_team"", ""value"": ""湖人""}, {""field"": ""sport_team"", ""value"": ""快船""}]}}",不合理,同82,同意,,,,,,,,,,,,
体育,播放里昂主场对战布雷斯特足球比赛,sports_match_search,sports_match_search,"{""query"": {""and"": [{""field"": ""sport_team_home"", ""value"": ""里昂""}, {""field"": ""sport_name"", ""value"": ""足球""}, {""field"": ""sport_team_guest"", ""value"": ""布雷斯特""}]}}",合理,,,,,,,,,,,,,,
体育,播放篮球比赛回放,sports_match_search,sports_match_search,"{""query"": {""and"": [{""field"": ""sport_name"", ""value"": ""篮球""}, {""field"": ""live_state"", ""values"": [""3"", ""4""]}]}}",合理,,,,,,,,,,,,,,
体育,中超联赛回看,sports_match_search,sports_match_search,"{""query"": {""and"": [{""field"": ""sport_game"", ""value"": ""中超""}, {""field"": ""live_state"", ""values"": [""3"", ""4""]}]}}",合理,,,,,,,,,,,,,,
体育,有没有意甲的比赛安排表,sports_match_search,sports_match_search,"{""query"": {""field"": ""sport_game"", ""value"": ""意甲""}}",合理,,,,,,,,,,,,,,
体育,中超上一轮的比赛,sports_match_search,sports_match_search,"{""query"": {""and"": [{""field"": ""sport_game"", ""value"": ""中超""}, {""field"": ""round_offset"", ""value"": ""-1""}]}}",合理,,,,,,,,,,,,,,
体育,放自行车比赛,sports_match_search,sports_match_search,"{""query"": {""field"": ""sport_name"", ""value"": ""自行车""}}",合理,,,,,,,,,,,,,,
体育,现在有什么比赛可以看,sports_match_search,sports_match_search,"{""query"": {""field"": ""sport_time"", ""value"": ""20260824""}}",合理,,,,,,,,,,,,,,
体育,蹦床比赛,sports_match_search,sports_match_search,"{""query"": {""field"": ""sport_name"", ""value"": ""蹦床""}}",合理,,,,,,,,,,,,,,
体育,英超后面的比赛,sports_match_search,sports_match_search,"{""query"": {""and"": [{""field"": ""sport_game"", ""value"": ""英超""}, {""field"": ""live_state"", ""value"": ""1""}]}}",合理,,,,,,,,,,,,,,
体育,中国比美国比赛,sports_match_search,sports_match_search,"{""query"": {""and"": [{""field"": ""sport_team"", ""value"": ""中国""}, {""field"": ""sport_team"", ""value"": ""美国""}]}}",合理,,,,,,,,,,,,,,
体育,cba常规赛,sports_match_search,sports_match_search,"{""query"": {""and"": [{""field"": ""sport_game"", ""value"": ""cba""}, {""field"": ""sport_competition_phase"", ""value"": ""常规赛""}]}}",合理,,,,,,,,,,,,,,
体育,掘金对奇才比赛nba,sports_match_search,sports_match_search,"{""query"": {""and"": [{""field"": ""sport_game"", ""value"": ""NBA""}, {""field"": ""sport_team"", ""value"": ""掘金""}, {""field"": ""sport_team"", ""value"": ""奇才""}]}}",合理,,,,,,,,,,,,,,
体育,播放丁俊晖台球比赛,sports_match_search,sports_match_search,"{""query"": {""and"": [{""field"": ""sport_name"", ""value"": ""台球""}, {""field"": ""sport_star"", ""value"": ""丁俊晖""}]}}",合理,,,,,,,,,,,,,,
体育,皇马客场pk曼城的球赛,sports_match_search,sports_match_search,"{""query"": {""and"": [{""field"": ""sport_team_home"", ""value"": ""曼城""}, {""field"": ""sport_team_guest"", ""value"": ""皇马""}]}}",合理,,,,,,,,,,,,,,
体育,皇家马德里的比赛,sports_match_search,sports_match_search,"{""query"": {""field"": ""sport_team"", ""value"": ""皇家马德里""}}",合理,,,,,,,,,,,,,,
体育,播放尼克斯客场对阵太阳比赛,sports_match_search,sports_match_search,"{""query"": {""and"": [{""field"": ""sport_team_home"", ""value"": ""太阳""}, {""field"": ""sport_team_guest"", ""value"": ""尼克斯""}]}}",合理,,,,,,,,,,,,,,
体育,有没有波兰对阵法国的完整赛事,sports_match_search,sports_match_search,"{""query"": {""and"": [{""field"": ""sport_team"", ""value"": ""波兰""}, {""field"": ""sport_team"", ""value"": ""法国""}]}}",合理,,,,,,,,,,,,,,
体育,播放体育频道篮球,sports_match_search,sports_match_search,"{""query"": {""field"": ""sport_name"", ""value"": ""篮球""}}",合理,,,,,,,,,,,,,,
体育,nba太阳vs快船回放,sports_match_search,sports_match_search,"{""query"": {""and"": [{""field"": ""sport_game"", ""value"": ""NBA""}, {""field"": ""sport_team"", ""value"": ""太阳""}, {""field"": ""sport_team"", ""value"": ""快船""}, {""field"": ""live_state"", ""values"": [""3"", ""4""]}]}}",合理,,,,,,,,,,,,,,
体育,回看乒乓球比赛,sports_match_search,sports_match_search,"{""query"": {""and"": [{""field"": ""sport_name"", ""value"": ""乒乓球""}, {""field"": ""live_state"", ""values"": [""3"", ""4""]}]}}",合理,,,,,,,,,,,,,,
体育,体操赛事,sports_match_search,sports_match_search,"{""query"": {""field"": ""sport_name"", ""value"": ""体操""}}",合理,,,,,,,,,,,,,,
体育,帮我预约尤文图斯ac米兰队的比赛,sports_match_reservation,sports_match_reservation,"{""query"": {""and"": [{""field"": ""sport_team"", ""value"": ""尤文图斯""}, {""field"": ""sport_team"", ""value"": ""ac米兰""}]}}",合理,,,,,,,,,,,,,,
体育,预约河床队队的足球比赛,sports_match_reservation,sports_match_reservation,"{""query"": {""and"": [{""field"": ""sport_name"", ""value"": ""足球""}, {""field"": ""sport_team"", ""value"": ""河床""}]}}",不合理,"应为{""query"": {""and"": [{""field"": ""sport_team"", ""value"": ""河床队""}, {""field"": ""sport_name"", ""value"": ""足球""}]}}",同意,,,,,,,,,,,,
体育,给我预约周六nba常规赛太阳对战老鹰,sports_match_reservation,sports_match_reservation,"{""query"": {""and"": [{""field"": ""sport_game"", ""value"": ""NBA""}, {""field"": ""sport_team"", ""value"": ""太阳""}, {""field"": ""sport_team"", ""value"": ""老鹰""}, {""field"": ""sport_time"", ""value"": ""20260829""}, {""field"": ""sport_competition_phase"", ""value"": ""常规赛""}]}}",合理,,,,,,,,,,,,,,
体育,帮我预约下nba后天的比赛,sports_match_reservation,sports_match_reservation,"{""query"": {""and"": [{""field"": ""sport_game"", ""value"": ""NBA""}, {""field"": ""sport_time"", ""value"": ""20260826""}]}}",合理,,,,,,,,,,,,,,
体育,给我预约后天杨家玉的比赛,sports_match_reservation,sports_match_reservation,"{""query"": {""and"": [{""field"": ""sport_time"", ""value"": ""20260826""}, {""field"": ""sport_star"", ""value"": ""杨家玉""}]}}",合理,,,,,,,,,,,,,,
体育,预约泰勒弗里茨2月1日的下场球赛,sports_match_reservation,sports_match_reservation,"{""query"": {""and"": [{""field"": ""sport_time"", ""value"": ""20260201""}, {""field"": ""sport_star"", ""value"": ""泰勒·弗里茨""}]}}",合理,,,,,,,,,,,,,,
体育,预约河床队的球赛,sports_match_reservation,sports_match_reservation,"{""query"": {""field"": ""sport_team"", ""value"": ""河床""}}",不合理,河床队,同意,,,,,,,,,,,,
体育,预约世界杯决赛,sports_match_reservation,sports_match_reservation,"{""query"": {""field"": ""sport_game"", ""value"": ""世界杯""}}",不合理,"没有决赛，应为{""query"": {""and"": [{""field"": ""sport_game"", ""value"": ""世界杯""}, {""field"": ""sport_competition_phase"", ""value"": ""决赛""}]}}",同意,,,,,,,,,,,,
体育,快船队和爵士队的球赛预测下谁能赢啊,sports_match_forecast,sports_match_forecast,"{""query"": {""and"": [{""field"": ""sport_team"", ""value"": ""快船队""}, {""field"": ""sport_team"", ""value"": ""爵士队""}]}}",存疑 ,sports_match_forecast 应该走泛知识,,,,,,,,,,,,,
体育,曼城和利物浦的英超德比战谁能取胜,sports_match_forecast,sports_match_forecast,"{""query"": {""and"": [{""field"": ""sport_team"", ""value"": ""曼城""}, {""field"": ""sport_team"", ""value"": ""利物浦队""}]}}",不合理,"缺少英超，应为{""query"": {""and"": [{""field"": ""sport_team"", ""values"": [""曼城"", ""利物浦队""], ""operator"": ""and""}, {""field"": ""sport_game"", ""value"": ""英超""}]}}",同意,,,,,,,,,,,,
体育,预测拜仁慕尼黑对多特蒙德队谁能获胜,sports_match_forecast,sports_match_forecast,"{""query"": {""and"": [{""field"": ""sport_team"", ""value"": ""拜仁慕尼黑""}, {""field"": ""sport_team"", ""value"": ""多特蒙德队""}]}}",不合理,"补全改写后query为预测拜仁对多特蒙德队谁能获胜，应为{""query"": {""field"": ""sport_team"", ""values"": [""拜仁"", ""多特蒙德""], ""operator"": ""and""}}",sports_match_forecast 应该走泛知识,,,,,,,,,,,,
体育,皇马vs阿森纳的友谊赛最终谁会赢,sports_match_forecast,sports_match_forecast,"{""query"": {""and"": [{""field"": ""sport_team"", ""value"": ""皇马""}, {""field"": ""sport_team"", ""value"": ""阿森纳""}]}}",不合理,"缺少友谊赛，应为{""query"": {""and"": [{""field"": ""sport_team"", ""values"": [""皇马"", ""阿森纳""], ""operator"": ""and""}, {""field"": ""sport_game"", ""value"": ""友谊赛""}]}}",sports_match_forecast 应该走泛知识,,,,,,,,,,,,
体育,巴塞尔对阵比尔森你猜谁能获胜,sports_match_forecast,sports_match_forecast,"{""query"": {""and"": [{""field"": ""sport_team"", ""value"": ""巴塞尔""}, {""field"": ""sport_team"", ""value"": ""比尔森""}]}}",存疑 ,sports_match_forecast 应该走泛知识,,,,,,,,,,,,,
体育,皇马和阿森纳比赛谁能赢,sports_match_forecast,sports_match_forecast,"{""query"": {""and"": [{""field"": ""sport_team"", ""value"": ""皇马""}, {""field"": ""sport_team"", ""value"": ""阿森纳""}]}}",存疑 ,sports_match_forecast 应该走泛知识,,,,,,,,,,,,,
体育,国王vs奇才哪个队能赢,sports_match_forecast,sports_match_forecast,"{""query"": {""and"": [{""field"": ""sport_team"", ""value"": ""国王""}, {""field"": ""sport_team"", ""value"": ""奇才""}]}}",存疑 ,sports_match_forecast 应该走泛知识,,,,,,,,,,,,,
体育,山地自行车视频,sports_vod_search,sports_vod_search,"{""query"": {""field"": ""sport_name"", ""value"": ""山地自行车""}}",合理,,,,,,,,,,,,,,
体育,请播放一个斯诺克的比赛录像,sports_vod_search,sports_vod_search,"{""query"": {""field"": ""sport_name"", ""value"": ""斯诺克""}}",合理,,,,,,,,,,,,,,
体育,查下西甲精华,sports_vod_search,sports_vod_search,"{""query"": {""field"": ""sport_game"", ""value"": ""西甲""}}",不合理,"此条为工具schema示例，应为{""query"": {""field"": ""title"", ""value"": ""西甲精华""}}",同意,,,,,,,,,,,,
体育,土耳其队,sports_team_search,sports_team_search,"{""sport_team"": ""土耳其队""}",合理,,,,,,,,,,,,,,
体育,调到今晚的足球比赛,sports_match_search,sports_match_search,"{""query"": {""and"": [{""field"": ""sport_name"", ""value"": ""足球""}, {""field"": ""sport_time_range"", , ""from"": ""20260824 18:00:00"", ""to"": ""20260824 23:59:59""}]}}",合理,,,,,,,,,,,,,,
体育,这周有比赛吗,sports_match_search,sports_match_search,"{""query"": {""field"": ""sport_time_range"", ""from"": ""20260824 00:00:00"", ""to"": ""20260830 23:59:59""}}",不合理,走泛知识,同意,,,,,,,,,,,,
体育,欧联最近的比赛安排,sports_match_search,sports_match_search,"{""query"": {""and"": [{""field"": ""sport_game"", ""value"": ""欧联""}}]}}",不合理,"改写补全后query为欧联杯最近的赛事预告，应为{""query"": {""field"": ""sport_game"", ""value"": ""欧联杯""}}",同意,,,,,,,,,,,,
体育,北京北汽vs山东高速,sports_match_search,sports_match_search,"{""query"": {""and"": [{""field"": ""sport_team"", ""value"": ""北京北汽""}, {""field"": ""sport_team"", ""value"": ""山东高速""}]}}",合理,,,,,,,,,,,,,,
体育,法国和克罗地亚的球赛,sports_match_search,sports_match_search,"{""query"": {""and"": [{""field"": ""sport_team"", ""value"": ""法国""}, {""field"": ""sport_team"", ""value"": ""克罗地亚""}]}}",合理,,,,,,,,,,,,,,
体育,全红婵跳水比赛,sports_match_search,sports_match_search,"{""query"": {""and"": [{""field"": ""sport_star"", ""value"": ""全红婵""}, {""field"": ""sport_name"", ""value"": ""跳水""}]}}",合理,,,,,,,,,,,,,,
体育,明天的比赛,sports_match_search,sports_match_search,"{""query"": {""field"": ""sport_time"", ""value"": ""20260825""}}",不合理,"{""query"": {""and"": [ {""field"": ""sport_time"", ""value"": ""20260825""}, {""field"": ""live_state"", ""values"": [""1""]}]}}",同意,,,,,,,,,,,,
体育,有没有比赛,sports_match_search,sports_match_search,"{""query"": {""field"": ""sport_time"", ""value"": ""20260824""}}",合理,,,,,,,,,,,,,,
体育,播放nba常规赛火箭和活塞的比赛,sports_match_search,sports_match_search,"{""query"": {""and"": [{""field"": ""sport_game"", ""value"": ""NBA""}, {""field"": ""sport_competition_phase"", ""value"": ""常规赛""}, {""field"": ""sport_team"", ""value"": ""火箭""}, {""field"": ""sport_team"", ""value"": ""活塞""}]}}",合理,,,,,,,,,,,,,,
体育,播放nba篮球直播赛,sports_match_search,sports_match_search,"{""query"": {""and"": [{""field"": ""sport_game"", ""value"": ""NBA""}, {""field"": ""sport_name"", ""value"": ""篮球""}, {""field"": ""live_state"", ""value"": ""2""}]}}",合理,,,,,,,,,,,,,,
体育,nba詹姆斯,sports_match_search,sports_match_search,"{""query"": {""and"": [{""field"": ""sport_game"", ""value"": ""NBA""}, {""field"": ""sport_star"", ""value"": ""詹姆斯""}]}}",合理,,,,,,,,,,,,,,
体育,预约德甲奥格斯堡对战弗莱堡比赛,sports_match_reservation,sports_match_reservation,"{""query"": {""and"": [{""field"": ""sport_game"", ""value"": ""德甲""}, {""field"": ""sport_team"", ""value"": ""奥格斯堡""}, {""field"": ""sport_team"", ""value"": ""弗莱堡""}]}}",合理,,,,,,,,,,,,,,
体育,我要预约阿尔希拉尔队的球赛,sports_match_reservation,sports_match_reservation,"{""query"": {""field"": ""sport_team"", ""value"": ""阿尔希拉尔""}}",合理,,,,,,,,,,,,,,
体育,给我预约ac米兰的足球比赛,sports_match_reservation,sports_match_reservation,"{""query"": {""and"": [{""field"": ""sport_team"", ""value"": ""ac米兰""}, {""field"": ""sport_name"", ""value"": ""足球""}]}}",合理,,,,,,,,,,,,,,
体育,我要预约杰伦布伦森的比赛,sports_match_reservation,sports_match_reservation,"{""query"": {""field"": ""sport_star"", ""value"": ""杰伦布伦森""}}",合理,,,,,,,,,,,,,,
体育,预约一下王曼昱1月31日的下场比赛,sports_match_reservation,sports_match_reservation,"{""query"": {""and"": [{""field"": ""sport_time"", ""value"": ""20260131""}, {""field"": ""sport_star"", ""value"": ""王曼昱""}]}}",合理,,,,,,,,,,,,,,
体育,预约皇家马德里的比赛,sports_match_reservation,sports_match_reservation,"{""query"": {""field"": ""sport_team"", ""value"": ""皇家马德里""}}",合理,,,,,,,,,,,,,,
体育,请预约张本智和的比赛,sports_match_reservation,sports_match_reservation,"{""query"": {""field"": ""sport_star"", ""value"": ""张本智和""}}",合理,,,,,,,,,,,,,,
体育,预约贝尔格莱德红星的比赛,sports_match_reservation,sports_match_reservation,"{""query"": {""field"": ""sport_team"", ""value"": ""贝尔格莱德红星""}}",合理,,,,,,,,,,,,,,
体育,帮我预约一场nba球赛,sports_match_reservation,sports_match_reservation,"{""query"": {""field"": ""sport_game"", ""value"": ""NBA""}}",合理,,,,,,,,,,,,,,
体育,给我预约勒沃库森vs那不勒斯队的足球比赛,sports_match_reservation,sports_match_reservation,"{""query"": {""and"": [{""field"": ""sport_team"", ""value"": ""勒沃库森""}, {""field"": ""sport_team"", ""value"": ""那不勒斯""}, {""field"": ""sport_name"", ""value"": ""足球""}]}}",合理,,,,,,,,,,,,,,
体育,给我预约杨家玉的比赛,sports_match_reservation,sports_match_reservation,"{""query"": {""field"": ""sport_star"", ""value"": ""杨家玉""}}",合理,,,,,,,,,,,,,,
体育,我要看黄蜂下一场比赛给我预约,sports_match_reservation,sports_match_reservation,"{""query"": {""and"": [{""field"": ""sport_team"", ""value"": ""黄蜂""}, {""field"": ""live_state"", ""value"": ""1""}]}}",存疑,"下一场的表达，是否按类似下一轮的逻辑提参会更准确，{""query"": {""and"": [{""field"": ""sport_team"", ""value"": ""黄蜂""}, {""field"": ""round_offset"", ""value"": ""1""}]}}",sports_match_forecast 应该走泛知识,,,,,,,,,,,,
体育,预约拜仁慕尼黑对多特蒙德队的球赛,sports_match_reservation,sports_match_reservation,"{""query"": {""and"": [{""field"": ""sport_team"", ""value"": ""拜仁慕尼黑""}, {""field"": ""sport_team"", ""value"": ""多特蒙德""}]}}",合理,,,,,,,,,,,,,,
体育,请预约张本智和1月30日的比赛,sports_match_reservation,sports_match_reservation,"{""query"": {""and"": [{""field"": ""sport_time"", ""value"": ""20260130""}, {""field"": ""sport_star"", ""value"": ""张本智和""}]}}",合理,,,,,,,,,,,,,,
体育,预约覃海洋的游泳比赛,sports_match_reservation,sports_match_reservation,"{""query"": {""and"": [{""field"": ""sport_name"", ""value"": ""游泳""}, {""field"": ""sport_star"", ""value"": ""覃海洋""}]}}",合理,,,,,,,,,,,,,,
体育,给我预约1月24日nba常规赛太阳对战老鹰,sports_match_reservation,sports_match_reservation,"{""query"": {""and"": [{""field"": ""sport_game"", ""value"": ""NBA""}, {""field"": ""sport_team"", ""value"": ""太阳""}, {""field"": ""sport_team"", ""value"": ""老鹰""}, {""field"": ""sport_time"", ""value"": ""20260124""}, {""field"": ""sport_competition_phase"", ""value"": ""常规赛""}]}}",合理,,,,,,,,,,,,,,
体育,预约一下巴黎圣日耳曼vs里昂的比赛,sports_match_reservation,sports_match_reservation,"{""query"": {""and"": [{""field"": ""sport_team"", ""value"": ""巴黎圣日耳曼""}, {""field"": ""sport_team"", ""value"": ""里昂""}]}}",合理,,,,,,,,,,,,,,
体育,请预约奥林匹克里昂队的比赛,sports_match_reservation,sports_match_reservation,"{""query"": {""field"": ""sport_team"", ""value"": ""奥林匹克里昂""}}",合理,,,,,,,,,,,,,,
体育,帮我预约天津津门虎队的球赛,sports_match_reservation,sports_match_reservation,"{""query"": {""field"": ""sport_team"", ""value"": ""天津津门虎""}}",不合理,"{""query"": {""field"": ""sport_team"", ""value"": ""天津津门虎队""}}",同意,,,,,,,,,,,,
体育,帮我预约阿尔艾因的足球比赛,sports_match_reservation,sports_match_reservation,"{""query"": {""and"": [{""field"": ""sport_team"", ""value"": ""阿尔艾因""}, {""field"": ""sport_name"", ""value"": ""足球""}]}}",合理,,,,,,,,,,,,,,
体育,我要预约一场勇士和爵士的比赛,sports_match_reservation,sports_match_reservation,"{""query"": {""and"": [{""field"": ""sport_team"", ""value"": ""勇士""}, {""field"": ""sport_team"", ""value"": ""爵士""}]}}",合理,,,,,,,,,,,,,,
体育,帮我预约曼联和利物浦的足球比赛,sports_match_reservation,sports_match_reservation,"{""query"": {""and"": [{""field"": ""sport_name"", ""value"": ""足球""}, {""field"": ""sport_team"", ""value"": ""曼联""}, {""field"": ""sport_team"", ""value"": ""利物浦""}]}}",合理,,,,,,,,,,,,,,
体育,帮我预约王楚钦的比赛,sports_match_reservation,sports_match_reservation,"{""query"": {""field"": ""sport_star"", ""value"": ""王楚钦""}}",合理,,,,,,,,,,,,,,
体育,帮我预约一个英超的足球比赛直播,sports_match_reservation,sports_match_reservation,"{""query"": {""and"": [{""field"": ""sport_game"", ""value"": ""英超""}, {""field"": ""sport_name"", ""value"": ""足球""}]}}",合理,,,,,,,,,,,,,,
体育,请预约浙江职业队的比赛,sports_match_reservation,sports_match_reservation,"{""query"": {""field"": ""sport_team"", ""value"": ""浙江职业""}}",合理,,,,,,,,,,,,,,
体育,帮我预约弗拉门戈队的比赛,sports_match_reservation,sports_match_reservation,"{""query"": {""field"": ""sport_team"", ""value"": ""弗拉门戈""}}",合理,,,,,,,,,,,,,,
体育,预约意甲的球赛,sports_match_reservation,sports_match_reservation,"{""query"": {""field"": ""sport_game"", ""value"": ""意甲""}}",合理,,,,,,,,,,,,,,
体育,帮我预约25日阿斯顿维拉和勒沃库森的球赛,sports_match_reservation,sports_match_reservation,"{""query"": {""and"": [{""field"": ""sport_time"", ""value"": ""20260825""}, {""field"": ""sport_team"", ""value"": ""阿斯顿维拉""}, {""field"": ""sport_team"", ""value"": ""勒沃库森""}]}}",合理,,,,,,,,,,,,,,
体育,帮我预约阿斯顿维拉和勒沃库森的球赛,sports_match_reservation,sports_match_reservation,"{""query"": {""and"": [{""field"": ""sport_team"", ""value"": ""阿斯顿维拉""}, {""field"": ""sport_team"", ""value"": ""勒沃库森""}]}}",合理,,,,,,,,,,,,,,
体育,法国队半决赛谁能赢,sports_match_forecast,sports_match_forecast,"{""query"": {""and"": [{""field"": ""sport_team"", ""value"": ""法国队""}, {""field"": ""sport_competition_phase"", ""value"": ""半决赛""}]}}",存疑 ,sports_match_forecast 应该走泛知识,,,,,,,,,,,,,
体育,中国队对阵韩国队的亚洲杯小组赛哪支球队能获得开门红,sports_match_forecast,sports_match_forecast,"{""query"": {""and"": [{""field"": ""sport_team"", ""value"": ""中国队""}, {""field"": ""sport_team"", ""value"": ""韩国队""}]}}",存疑 ,sports_match_forecast 应该走泛知识,,,,,,,,,,,,,
体育,你猜世界杯小组赛英格兰对战克罗地亚谁能出线,sports_match_forecast,sports_match_forecast,"{""query"": {""and"": [{""field"": ""sport_game"", ""value"": ""世界杯""}, {""field"": ""sport_competition_phase"", ""value"": ""小组赛""}, {""field"": ""sport_team"", ""value"": ""英格兰""}, {""field"": ""sport_team"", ""value"": ""克罗地亚""}]}}",存疑 ,sports_match_forecast 应该走泛知识,,,,,,,,,,,,,
体育,湖人客场挑战掘金的nba季后赛哪支球队取胜,sports_match_forecast,sports_match_forecast,"{""query"": {""and"": [{""field"": ""sport_team_home"", ""value"": ""掘金""}, {""field"": ""sport_team_guest"", ""value"": ""湖人""}, {""field"": ""sport_game"", ""value"": ""NBA""}, {""field"": ""sport_competition_phase"", ""value"": ""季后赛""}]}}",存疑 ,sports_match_forecast 应该走泛知识,,,,,,,,,,,,,
体育,预测一下昨天湖人的比赛,sports_match_forecast,sports_match_forecast,"{""query"": {""and"": [{""field"": ""sport_team"", ""value"": ""湖人""}, {""field"": ""sport_time"", ""value"": ""20260823""}]}}",存疑 ,sports_match_forecast 应该走泛知识,,,,,,,,,,,,,
体育,世界杯比赛英格兰和阿根廷谁能赢,sports_match_forecast,sports_match_forecast,"{""query"": {""and"": [{""field"": ""sport_game"", ""value"": ""世界杯""}, {""field"": ""sport_team"", ""value"": ""英格兰""}, {""field"": ""sport_team"", ""value"": ""阿根廷""}]}}",存疑 ,sports_match_forecast 应该走泛知识,,,,,,,,,,,,,
体育,帮我你猜一下马德里竞技pk塞维利亚谁能赢,sports_match_forecast,sports_match_forecast,"{""query"": {""and"": [{""field"": ""sport_team"", ""value"": ""马德里竞技""}, {""field"": ""sport_team"", ""value"": ""塞维利亚""}]}}",存疑 ,sports_match_forecast 应该走泛知识,,,,,,,,,,,,,
体育,预测下冬奥会女子自由式滑雪比赛项目的前三名预测,sports_forecast,sports_match_forecast,"{""query"": {""and"": [{""field"": ""sport_game"", ""value"": ""冬奥会""}, {""field"": ""sport_name"", ""value"": ""女子自由式滑雪""}]}}",不合理,走泛知识,,,,,,,,,,,,,
体育,欧冠决赛皇马和曼城谁能捧起奖杯,sports_forecast,sports_match_forecast,"{""query"": {""and"": [{""field"": ""sport_team"", ""value"": ""皇马""}, {""field"": ""sport_team"", ""value"": ""曼城""}, {""field"": ""sport_game"", ""value"": ""欧冠""}, {""field"": ""sport_competition_phase"", ""value"": ""决赛""}]}}",存疑 ,sports_match_forecast 应该走泛知识,,,,,,,,,,,,,
体育,世界杯小组赛阿根廷队能以小组第一出线吗,sports_forecast,sports_match_forecast,"{""query"": {""and"": [{""field"": ""sport_team"", ""value"": ""阿根廷""},  {""field"": ""sport_game"", ""value"": ""世界杯""}, {""field"": ""sport_competition_phase"", ""value"": ""小组赛""}]}}",不合理,走泛知识,,,,,,,,,,,,,
体育,英超联赛本赛季的冠军会是哪支球队,sports_forecast,sports_match_forecast,"{""query"": {""and"": [{""field"": ""sport_game"", ""value"": ""英超""}, {""field"": ""sport_season"", ""value"": ""本赛季""}]}}",不合理,走泛知识,,,,,,,,,,,,,
体育,游泳世锦赛中国队能否在奖牌榜上进入前三,sports_forecast,sports_match_forecast,"{""query"": {""and"": [{""field"": ""sport_game"", ""value"": ""游泳世锦赛""}, {""field"": ""sport_team"", ""value"": ""中国""}]}}",不合理,走泛知识,,,,,,,,,,,,,
体育,足总杯决赛曼城vs曼联谁能捧杯,sports_forecast,sports_match_forecast,"{""query"": {""and"": [{""field"": ""sport_game"", ""value"": ""足总杯""}, {""field"": ""sport_competition_phase"", ""value"": ""决赛""}, {""field"": ""sport_team"", ""value"": ""曼城""}, {""field"": ""sport_team"", ""value"": ""曼联""}]}}",存疑 ,sports_match_forecast 应该走泛知识,,,,,,,,,,,,,
体育,wtt比赛孙颖莎和王曼昱比赛结果预测,sports_forecast,sports_match_forecast,"{""query"": {""and"": [{""field"": ""sport_game"", ""value"": ""wtt""}, {""field"": ""sport_star"", ""value"": ""孙颖莎""}, {""field"": ""sport_star"", ""value"": ""王曼昱""}]}}",存疑 ,sports_match_forecast 应该走泛知识,,,,,,,,,,,,,
体育,预测一下进入世界杯决赛的队伍吧,sports_forecast,sports_match_forecast,"{""query"": {""and"": [{""field"": ""sport_competition_phase"", ""value"": ""决赛""}, {""field"": ""sport_game"", ""value"": ""世界杯""}]}}",不合理,走泛知识,,,,,,,,,,,,,
体育,预测nba季后赛的比赛结果,sports_forecast,sports_match_forecast,"{""query"": {""and"": [{""field"": ""sport_game"", ""value"": ""NBA""}, {""field"": ""sport_competition_phase"", ""value"": ""季后赛""}]}}",不合理,走泛知识,,,,,,,,,,,,,
体育,猜一下2月份的乒乓球亚洲杯的比分,sports_forecast,sports_match_forecast,"{""query"": {""and"": [{""field"": ""sport_game"", ""value"": ""乒乓球亚洲杯""}, {""field"": ""sport_time_range"", ""from"": ""20260201 00:00:00"", ""to"": ""20260228 23:59:59""}]}}",不合理,走泛知识,,,,,,,,,,,,,
体育,你猜测花样滑冰锦标赛谁能赢,sports_forecast,sports_match_forecast,"{""query"": {""field"": ""sport_game"", ""value"": ""花样滑冰锦标赛""}}",不合理,走泛知识,,,,,,,,,,,,,
体育,cba季后赛中广东宏远能否实现三连冠,sports_forecast,sports_match_forecast,"{""query"": {""and"": [{""field"": ""sport_game"", ""value"": ""cba""},{""field"": ""sport_team"", ""value"": ""广东宏远""}, {""field"": ""sport_competition_phase"", ""value"": ""季后赛""}]}}",不合理,走泛知识,,,,,,,,,,,,,
体育,你猜测冬奥会的钢架雪车比赛哪个国家会夺冠,sports_forecast,sports_match_forecast,"{""query"": {""and"": [{""field"": ""sport_game"", ""value"": ""冬奥会""},{""field"": ""sport_name"", ""value"": ""钢架雪车""}]}}",不合理,走泛知识,,,,,,,,,,,,,
体育,猜一下世界杯葡萄牙队能取得冠军吗,sports_forecast,sports_match_forecast,"{""query"": {""and"": [{""field"": ""sport_game"", ""value"": ""世界杯""},{""field"": ""sport_team"", ""value"": ""葡萄牙""}]}}",不合理,走泛知识,,,,,,,,,,,,,
体育,世界杯谁能夺冠,sports_forecast,sports_match_forecast,"{""query"": {""field"": ""sport_game"", ""value"": ""世界杯""}}",不合理,走泛知识,,,,,,,,,,,,,
,我要看公牛主场对篮网的比赛,sports_match_search,sports_match_search,"{""query"": {""and"": [{""field"": ""sport_team_home"", ""value"": ""公牛""}, {""field"": ""sport_team_guest"", ""value"": ""篮网""}]}}",合理,,,,,,,,,,,,,,
,看马德里竞技客场PK阿拉维斯足球赛,sports_match_search,sports_match_search,"{""query"": {""and"": [{""field"": ""sport_team_home"", ""value"": ""阿拉维斯""}, {""field"": ""sport_team_guest"", ""value"": ""马德里竞技""}, {""field"": ""sport_name"", ""value"": ""足球""}]}}",合理,,,,,,,,,,,,,,
,打开国际米兰主场对乌迪内斯的比赛,sports_match_search,sports_match_search,"{""query"": {""and"": [{""field"": ""sport_team_home"", ""value"": ""国际米兰""}, {""field"": ""sport_team_guest"", ""value"": ""乌迪内斯""}]}}",合理,,,,,,,,,,,,,,
,搜索多特蒙德主场VS圣保利比赛,sports_match_search,sports_match_search,"{""query"": {""and"": [{""field"": ""sport_team_home"", ""value"": ""多特蒙德""}, {""field"": ""sport_team_guest"", ""value"": ""圣保利""}]}}",合理,,,,,,,,,,,,,,
,布鲁日主场对战阿森纳的比赛,sports_match_search,sports_match_search,"{""query"": {""and"": [{""field"": ""sport_team_home"", ""value"": ""布鲁日""}, {""field"": ""sport_team_guest"", ""value"": ""阿森纳""}]}}",合理,,,,,,,,,,,,,,
,葡萄牙最近的比赛,sports_match_search,sports_match_search,"{""query"": {""field"": ""sport_team"", ""value"": ""葡萄牙""}}",合理,,,,,,,,,,,,,,
,皇马下场比赛谁能赢,sports_match_forecast,sports_match_forecast,"{""query"": {""field"": ""sport_team"", ""value"": ""皇马""}}",不合理,"缺少下场，应为{""query"": {""and"": [{""field"": ""sport_team"", ""value"": ""皇马""}, {""field"": ""round_offset"", ""value"": ""1""}]}}",,,,,,,,,,,,,
,天津谁能赢,sports_match_forecast,sports_match_forecast,"{""query"": {""field"": ""sport_team"", ""value"": ""天津""}}",存疑 ,sports_match_forecast 应该走泛知识,,,,,,,,,,,,,
,法国队半决赛谁能赢,sports_match_forecast,sports_match_forecast,"{""query"": {""and"": [{""field"": ""sport_team"", ""value"": ""法国队""}, {""field"": ""sport_competition_phase"", ""value"": ""半决赛""}]}}",存疑 ,sports_match_forecast 应该走泛知识,,,,,,,,,,,,,
,巴黎圣日耳曼对阵里尔的这场法甲比赛，谁能取得胜利？,sports_match_forecast,sports_match_forecast,"{""query"": {""and"": [{""field"": ""sport_game"", ""value"": ""法甲""}, {""field"": ""sport_team"", ""value"": ""巴黎圣日耳曼""}, {""field"": ""sport_team"", ""value"": ""里尔""}]}}",存疑 ,sports_match_forecast 应该走泛知识,,,,,,,,,,,,,
,摩纳哥主场迎战洛里昂，最终会是主队赢球还是客队爆冷？,sports_match_forecast,sports_match_forecast,"{""query"": {""and"": [{""field"": ""sport_team_home"", ""value"": ""摩纳哥""}, {""field"": ""sport_team_guest"", ""value"": ""洛里昂""}]}}",存疑 ,sports_match_forecast 应该走泛知识,,,,,,,,,,,,,
,拜仁慕尼黑主场迎战多特蒙德，这场德甲“国家德比谁能取胜？,sports_match_forecast,sports_match_forecast,"{""query"": {""and"": [{""field"": ""sport_game"", ""value"": ""德甲""}, {""field"": ""sport_team_home"", ""value"": ""拜仁慕尼黑""}, {""field"": ""sport_team_guest"", ""value"": ""多特蒙德""}]}}",存疑 ,sports_match_forecast 应该走泛知识,,,,,,,,,,,,,
,尤文图斯和AC米兰的意甲交锋，哪支球队能占据优势赢球？,sports_match_forecast,sports_match_forecast,"{""query"": {""and"": [{""field"": ""sport_team"", ""value"": ""尤文图斯""}, {""field"": ""sport_team"", ""value"": ""AC米兰""}]}}",不合理,缺少意甲,,,,,,,,,,,,,
,阿森纳客场挑战曼联，谁能在这场英超强强对话中笑到最后？,sports_match_forecast,sports_match_forecast,"{""query"": {""and"": [{""field"": ""sport_game"", ""value"": ""英超""}, {""field"": ""sport_team_home"", ""value"": ""曼联""}, {""field"": ""sport_team_guest"", ""value"": ""阿森纳""}]}}",存疑 ,sports_match_forecast 应该走泛知识,,,,,,,,,,,,,
,湖人客场挑战掘金的NBA季后赛，哪支球队取胜？,sports_match_forecast,sports_match_forecast,"{""query"": {""and"": [{""field"": ""sport_team_home"", ""value"": ""掘金""}, {""field"": ""sport_team_guest"", ""value"": ""湖人""}]}}",不合理,缺少季后赛,,,,,,,,,,,,,
,孙颖莎与王曼昱的WTT女单对决，谁能赢？,sports_match_forecast,sports_match_forecast,"{""query"": {""and"": [{""field"": ""sport_star"", ""value"": ""孙颖莎""}, {""field"": ""sport_star"", ""value"": ""王曼昱""}, {""field"": ""sport_game"", ""value"": ""WTT""}, {""field"": ""sport_name"", ""value"": ""女单""}]}}",存疑 ,sports_match_forecast 应该走泛知识,,,,,,,,,,,,,
,CBA总决赛辽宁队对阵浙江队，谁能拿下赛点？,sports_match_forecast,sports_match_forecast,"{""query"": {""and"": [{""field"": ""sport_team"", ""value"": ""辽宁""}, {""field"": ""sport_team"", ""value"": ""浙江""}, {""field"": ""sport_game"", ""value"": ""CBA""}]}}",不合理,缺少总决赛,,,,,,,,,,,,,
,中国女排对阵美国女排的世锦赛小组赛，哪支球队能获胜？,sports_match_forecast,sports_match_forecast,"{""query"": {""and"": [{""field"": ""sport_team"", ""value"": ""中国女排""}, {""field"": ""sport_team"", ""value"": ""美国女排""}, {""field"": ""sport_game"", ""value"": ""世锦赛""}, {""field"": ""sport_competition_phase"", ""value"": ""小组赛""}]}}",存疑 ,sports_match_forecast 应该走泛知识,,,,,,,,,,,,,
,石宇奇与昆昆拉武特的男单对决，谁能取得比赛胜利？,sports_match_forecast,sports_match_forecast,"{""query"": {""and"": [{""field"": ""sport_star"", ""value"": ""石宇奇""}, {""field"": ""sport_star"", ""value"": ""昆拉武特""}, {""field"": ""sport_name"", ""value"": ""男单""}]}}",不合理,query中名字错误了,同意,,,,,,,,,,,,
,朱雨玲迎战韩莹的WTT女单比赛，谁能最后晋级？,sports_match_forecast,sports_match_forecast,"{""query"": {""and"": [{""field"": ""sport_game"", ""value"": ""WTT""}, {""field"": ""sport_name"", ""value"": ""女单""}, {""field"": ""sport_star"", ""value"": ""朱雨玲""}, {""field"": ""sport_star"", ""value"": ""韩莹""}]}}",存疑 ,sports_match_forecast 应该走泛知识,,,,,,,,,,,,,
,皇马下一场对阵马竞，谁的赢面更大？,sports_match_forecast,sports_match_forecast,"{""query"": {""and"": [{""field"": ""sport_team"", ""value"": ""皇马""}, {""field"": ""sport_team"", ""value"": ""马竞""}, {""field"": ""live_state"", ""value"": ""1""}]}}",存疑,"下一场的表达，是否用下一轮更好，{""query"": {""and"": [{""field"": ""sport_team"", ""values"": [""皇马"", ""马竞""], ""operator"": ""and""}, {""field"": ""round_offset"", ""value"": ""1""}]}}",sports_match_forecast 应该走泛知识,,,,,,,,,,,,
