域,row,intent,query,gold_tool,gold_params,pred_tool,pred_params,tool_ok,param_ok,both_ok,param_diff
有声,有声2,audio_history,我这几天听过的音频内容,audio_history,"{""action"": ""search""}",audio_history,"{""action"": ""search""}",Y,Y,Y,
有声,有声3,audio_history,我收听的广播剧播放记录,audio_history,"{""action"": ""search"", ""category"": ""广播剧""}",audio_history,"{""action"": ""search"", ""category"": ""广播剧""}",Y,Y,Y,
有声,有声7,audio_history,我的听书记录,audio_history,"{""action"": ""search""}",audio_history,"{""action"": ""search""}",Y,Y,Y,
有声,有声4,audio_history,继续播放我昨晚听的儿童睡前故事,audio_history,"{""action"": ""play"", ""time"": ""2026-08-23 00:00:00 TO 2026-08-23 23:59:59""}",audio_history,"{""action"": ""play"", ""time"": ""2026-08-23 00:00:00 TO 2026-08-23 23:59:59""}",Y,Y,Y,
有声,有声5,audio_history,打开刚才听的那个小猪佩奇音频内容,audio_history,"{""action"": ""play""}",audio_history,"{""action"": ""play""}",Y,Y,Y,
有声,有声6,audio_history,我听过的有声书,audio_history,"{""action"": ""search"", ""category"": ""有声书""}",audio_history,"{""action"": ""search"", ""category"": ""有声书""}",Y,Y,Y,
有声,有声8,audio_history,查看有声播放历史记录,audio_history,"{""action"": ""search""}",audio_history,"{""action"": ""search""}",Y,Y,Y,
有声,有声9,audio_history,音频的收听历史记录,audio_history,"{""action"": ""search""}",audio_history,"{""action"": ""search""}",Y,Y,Y,
有声,有声10,audio_history,打开有声播放历史,audio_history,"{""action"": ""play""}",audio_history,"{""action"": ""play""}",Y,Y,Y,
有声,有声11,audio_history,查看有声播放历史,audio_history,"{""action"": ""search""}",audio_history,"{""action"": ""search""}",Y,Y,Y,
有声,有声13,audio_history,请播放有声收听历史,audio_history,"{""action"": ""play""}",audio_history,"{""action"": ""play""}",Y,Y,Y,
有声,有声12,audio_history,我收听的音频播放记录,audio_history,"{""action"": ""search""}",audio_history,"{""action"": ""search""}",Y,Y,Y,
有声,有声15,audio_history,我想听我最近听过的有声书,audio_history,"{""action"": ""play"", ""category"": ""有声书""}",audio_history,"{""action"": ""play"", ""category"": ""有声书""}",Y,Y,Y,
有声,有声14,audio_history,一周内听过的广播剧,audio_history,"{""action"": ""search"", ""category"": ""广播剧"", ""time"": ""2026-07-18 00:00:00 TO 2026-08-24 23:59:59""}",audio_history,"{""action"": ""search"", ""category"": ""广播剧"", ""time"": ""2026-07-18 00:00:00 TO 2026-08-24 23:59:59""}",Y,Y,Y,
有声,有声16,audio_search,我要听将门毒后,audio_search,"{""action"": ""play"", ""query"": ""我要听将门毒后""}",audio_search,"{""action"": ""play"", ""query"": ""我要听将门毒后""}",Y,Y,Y,
有声,有声17,audio_search,播放三体广播剧,audio_search,"{""action"": ""play"", ""query"": ""播放三体广播剧""}",audio_search,"{""action"": ""play"", ""query"": ""播放三体广播剧""}",Y,Y,Y,
有声,有声18,audio_search,搜一下叫夜访吸血鬼的有声书,audio_search,"{""action"": ""search"", ""query"": ""搜一下叫夜访吸血鬼的有声书""}",audio_search,"{""action"": ""search"", ""query"": ""搜一下叫夜访吸血鬼的有声书""}",Y,Y,Y,
有声,有声20,audio_search,找百年孤独的有声书,audio_search,"{""action"": ""search"", ""query"": ""找百年孤独的有声书""}",audio_search,"{""action"": ""search"", ""query"": ""找百年孤独的有声书""}",Y,Y,Y,
有声,有声19,audio_search,有没有射雕英雄传的有声版,audio_search,"{""action"": ""search"", ""query"": ""有没有射雕英雄传的有声版""}",audio_search,"{""action"": ""search"", ""query"": ""有没有射雕英雄传的有声版""}",Y,Y,Y,
有声,有声21,audio_search,喜马拉雅播放小说将后毒妃,audio_search,"{""action"": ""play"", ""query"": ""喜马拉雅播放小说将后毒妃""}",audio_search,"{""action"": ""play"", ""query"": ""喜马拉雅播放小说将后毒妃""}",Y,Y,Y,
有声,有声25,audio_search,我想听格局音频,audio_search,"{""action"": ""play"", ""query"": ""我想听格局音频""}",audio_search,"{""action"": ""play"", ""query"": ""我想听格局音频""}",Y,Y,Y,
有声,有声24,audio_search,听嘟嘟说笑话,audio_search,"{""action"": ""play"", ""query"": ""听嘟嘟说笑话""}",audio_search,"{""action"": ""play"", ""query"": ""听嘟嘟说笑话""}",Y,Y,Y,
有声,有声26,audio_search,播放惊悚旅游团广播剧,audio_search,"{""action"": ""play"", ""query"": ""播放惊悚旅游团广播剧""}",audio_search,"{""action"": ""play"", ""query"": ""播放惊悚旅游团广播剧""}",Y,Y,Y,
有声,有声27,audio_search,播放嫡嫁千金有声书,audio_search,"{""action"": ""play"", ""query"": ""播放嫡嫁千金有声书""}",audio_search,"{""action"": ""play"", ""query"": ""播放嫡嫁千金有声书""}",Y,Y,Y,
有声,有声22,audio_search,我想听战狼,audio_search,"{""action"": ""play"", ""query"": ""我想听战狼""}",vod_search,"{""action"": ""search"", ""query"": {""field"": ""title"", ""value"": ""战狼""}, ""retext"": ""我想听战狼""}",N,N,N,"action: gold=""play"" pred=""search""; query: gold=""我想听战狼"" pred={""field"": ""title"", ""value"": ""战狼""}; retext: gold= pred=""我想听战狼"""
有声,有声28,audio_search,选择魔道祖师广播剧,audio_search,"{""action"": ""search"", ""query"": ""选择魔道祖师广播剧""}",audio_search,"{""action"": ""search"", ""query"": ""选择魔道祖师广播剧""}",Y,Y,Y,
有声,有声29,audio_search,偷偷藏不住广播剧,audio_search,"{""action"": ""search"", ""query"": ""偷偷藏不住广播剧""}",audio_search,"{""action"": ""search"", ""query"": ""偷偷藏不住广播剧""}",Y,Y,Y,
有声,有声30,audio_search,有声书墨菲定律,audio_search,"{""action"": ""search"", ""query"": ""有声书墨菲定律""}",audio_search,"{""action"": ""search"", ""query"": ""有声书墨菲定律""}",Y,Y,Y,
有声,有声31,audio_search,听白眉大侠评书全集,audio_search,"{""action"": ""play"", ""query"": ""听白眉大侠评书全集""}",audio_search,"{""action"": ""play"", ""query"": ""听白眉大侠评书全集""}",Y,Y,Y,
有声,有声32,audio_search,收听七侠五义评书完整版,audio_search,"{""action"": ""play"", ""query"": ""收听七侠五义评书完整版""}",audio_search,"{""action"": ""play"", ""query"": ""收听七侠五义评书完整版""}",Y,Y,Y,
有声,有声33,audio_search,收听丁香医生有声专辑,audio_search,"{""action"": ""play"", ""query"": ""收听丁香医生有声专辑""}",audio_search,"{""action"": ""play"", ""query"": ""收听丁香医生有声专辑""}",Y,Y,Y,
有声,有声34,audio_search,小兵张嘎儿童版有声剧在哪？,audio_search,"{""action"": ""search"", ""query"": ""小兵张嘎儿童版有声剧在哪？""}",audio_search,"{""action"": ""search"", ""query"": ""小兵张嘎儿童版有声剧在哪？""}",Y,Y,Y,
有声,有声35,audio_search,我想听红楼梦,audio_search,"{""action"": ""play"", ""query"": ""我想听红楼梦""}",audio_search,"{""action"": ""play"", ""query"": ""我想听红楼梦""}",Y,Y,Y,
有声,有声37,audio_search,听一会孙子兵法,audio_search,"{""action"": ""play"", ""query"": ""听一会孙子兵法""}",audio_search,"{""action"": ""play"", ""query"": ""听一会孙子兵法""}",Y,Y,Y,
有声,有声38,audio_search,我要听一下黄帝内经,audio_search,"{""action"": ""play"", ""query"": ""我要听一下黄帝内经""}",audio_search,"{""action"": ""play"", ""query"": ""我要听一下黄帝内经""}",Y,Y,Y,
有声,有声36,audio_search,播放史记的有声内容,audio_search,"{""action"": ""play"", ""query"": ""播放史记的有声内容""}",audio_search,"{""action"": ""play"", ""query"": ""播放史记的有声内容""}",Y,Y,Y,
有声,有声39,audio_search,我要听FM守村人,audio_search,"{""action"": ""play"", ""query"": ""我要听FM守村人""}",audio_search,"{""action"": ""play"", ""query"": ""我要听FM守村人""}",Y,Y,Y,
有声,有声40,audio_search,我要听小说豪门冷婚,audio_search,"{""action"": ""play"", ""query"": ""我要听小说豪门冷婚""}",audio_search,"{""action"": ""play"", ""query"": ""我要听小说豪门冷婚""}",Y,Y,Y,
有声,有声41,audio_search,收听爱探险的朵拉,audio_search,"{""action"": ""play"", ""query"": ""收听爱探险的朵拉""}",audio_search,"{""action"": ""play"", ""query"": ""收听爱探险的朵拉""}",Y,Y,Y,
有声,有声23,audio_search,神手医妃权遮天下,audio_search,"{""action"": ""search"", ""query"": ""神手医妃权遮天下""}",vod_search,"{""action"": ""search"", ""query"": {""field"": ""title"", ""value"": ""神手医妃权遮天下""}, ""retext"": ""神手医妃权遮天下""}",N,N,N,"query: gold=""神手医妃权遮天下"" pred={""field"": ""title"", ""value"": ""神手医妃权遮天下""}; retext: gold= pred=""神手医妃权遮天下"""
有声,有声42,audio_search,我想听老梁故事会,audio_search,"{""action"": ""play"", ""query"": ""我想听老梁故事会""}",audio_search,"{""action"": ""play"", ""query"": ""我想听老梁故事会""}",Y,Y,Y,
有声,有声43,audio_search,我要听山海情有声版,audio_search,"{""action"": ""play"", ""query"": ""我要听山海情有声版""}",audio_search,"{""action"": ""play"", ""query"": ""我要听山海情有声版""}",Y,Y,Y,
有声,有声44,audio_search,我要听大漠苍狼有声书,audio_search,"{""action"": ""play"", ""query"": ""我要听大漠苍狼有声书""}",audio_search,"{""action"": ""play"", ""query"": ""我要听大漠苍狼有声书""}",Y,Y,Y,
有声,有声45,audio_search,帮我播放科教类有声节目,audio_search,"{""action"": ""play"", ""query"": ""帮我播放科教类有声节目""}",audio_search,"{""action"": ""play"", ""query"": ""帮我播放科教类有声节目""}",Y,Y,Y,
有声,有声46,audio_search,放个商务英语随口说音频,audio_search,"{""action"": ""play"", ""query"": ""放个商务英语随口说音频""}",audio_search,"{""action"": ""play"", ""query"": ""放个商务英语随口说音频""}",Y,Y,Y,
有声,有声49,audio_search,找一下大秦帝国的有声书,audio_search,"{""action"": ""search"", ""query"": ""找一下大秦帝国的有声书""}",audio_search,"{""action"": ""search"", ""query"": ""找一下大秦帝国的有声书""}",Y,Y,Y,
有声,有声48,audio_search,请播放雪中悍刀行有声小说,audio_search,"{""action"": ""play"", ""query"": ""请播放雪中悍刀行有声小说""}",audio_search,"{""action"": ""play"", ""query"": ""请播放雪中悍刀行有声小说""}",Y,Y,Y,
有声,有声47,audio_search,播孙小圣与猪小能,audio_search,"{""action"": ""play"", ""query"": ""播孙小圣与猪小能""}",educ_fuzzy_search,"{""query"": ""播孙小圣与猪小能""}",N,N,N,"action: gold=""play"" pred="
有声,有声50,audio_search,给我听听斗破苍穹,audio_search,"{""action"": ""play"", ""query"": ""给我听听斗破苍穹""}",audio_search,"{""action"": ""play"", ""query"": ""给我听听斗破苍穹""}",Y,Y,Y,
有声,有声51,audio_search,播放重紫有声版,audio_search,"{""action"": ""play"", ""query"": ""播放重紫有声版""}",audio_search,"{""action"": ""play"", ""query"": ""播放重紫有声版""}",Y,Y,Y,
有声,有声54,audio_search,播放隐秘的角落广播剧,audio_search,"{""action"": ""play"", ""query"": ""播放隐秘的角落广播剧""}",audio_search,"{""action"": ""play"", ""query"": ""播放隐秘的角落广播剧""}",Y,Y,Y,
有声,有声52,audio_search,请听一下剑道第一仙有声书,audio_search,"{""action"": ""play"", ""query"": ""请听一下剑道第一仙有声书""}",audio_search,"{""action"": ""play"", ""query"": ""请听一下剑道第一仙有声书""}",Y,Y,Y,
有声,有声53,audio_search,帮我找追风筝的人有声版,audio_search,"{""action"": ""search"", ""query"": ""帮我找追风筝的人有声版""}",audio_search,"{""action"": ""search"", ""query"": ""帮我找追风筝的人有声版""}",Y,Y,Y,
有声,有声55,audio_search,父与子让我听听,audio_search,"{""action"": ""play"", ""query"": ""父与子让我听听""}",audio_search,"{""action"": ""play"", ""query"": ""父与子让我听听""}",Y,Y,Y,
有声,有声56,audio_search,播放长相思广播剧,audio_search,"{""action"": ""play"", ""query"": ""播放长相思广播剧""}",audio_search,"{""action"": ""play"", ""query"": ""播放长相思广播剧""}",Y,Y,Y,
有声,有声60,audio_search,放个康熙大帝有声书,audio_search,"{""action"": ""play"", ""query"": ""放个康熙大帝有声书""}",audio_search,"{""action"": ""play"", ""query"": ""放个康熙大帝有声书""}",Y,Y,Y,
有声,有声59,audio_search,播放生活小窍门音频,audio_search,"{""action"": ""play"", ""query"": ""播放生活小窍门音频""}",audio_search,"{""action"": ""play"", ""query"": ""播放生活小窍门音频""}",Y,Y,Y,
有声,有声61,audio_search,请让我听天道方程式音频,audio_search,"{""action"": ""play"", ""query"": ""请让我听天道方程式音频""}",audio_search,"{""action"": ""play"", ""query"": ""请让我听天道方程式音频""}",Y,Y,Y,
有声,有声58,audio_search,放一个职场精英课有声书,audio_search,"{""action"": ""play"", ""query"": ""放一个职场精英课有声书""}",audio_search,"{""action"": ""play"", ""query"": ""放一个职场精英课有声书""}",Y,Y,Y,
有声,有声57,audio_search,给我放小王子中英双语音频,audio_search,"{""action"": ""play"", ""query"": ""给我放小王子中英双语音频""}",audio_search,"{""action"": ""play"", ""query"": ""给我放小王子中英双语音频""}",Y,Y,Y,
有声,有声62,audio_search,放一个余罪音频,audio_search,"{""action"": ""play"", ""query"": ""放一个余罪音频""}",audio_search,"{""action"": ""play"", ""query"": ""放一个余罪音频""}",Y,Y,Y,
有声,有声63,audio_search,给我听听春秋战国史音频,audio_search,"{""action"": ""play"", ""query"": ""给我听听春秋战国史音频""}",audio_search,"{""action"": ""play"", ""query"": ""给我听听春秋战国史音频""}",Y,Y,Y,
有声,有声65,audio_search,请帮我播放宋史通俗演义FM,audio_search,"{""action"": ""play"", ""query"": ""请帮我播放宋史通俗演义FM""}",audio_search,"{""action"": ""play"", ""query"": ""请帮我播放宋史通俗演义FM""}",Y,Y,Y,
有声,有声66,audio_search,请听一下国学启蒙有声版,audio_search,"{""action"": ""play"", ""query"": ""请听一下国学启蒙有声版""}",audio_search,"{""action"": ""play"", ""query"": ""请听一下国学启蒙有声版""}",Y,Y,Y,
有声,有声64,audio_search,找一下长安十二时辰有声版,audio_search,"{""action"": ""search"", ""query"": ""找一下长安十二时辰有声版""}",audio_search,"{""action"": ""search"", ""query"": ""找一下长安十二时辰有声版""}",Y,Y,Y,
有声,有声67,audio_search,请播放好奇心出发第2季有声版,audio_search,"{""action"": ""play"", ""query"": ""请播放好奇心出发第2季有声版""}",audio_search,"{""action"": ""play"", ""query"": ""请播放好奇心出发第2季有声版""}",Y,Y,Y,
有声,有声69,audio_search,搜索风起洛阳的有声内容,audio_search,"{""action"": ""search"", ""query"": ""搜索风起洛阳的有声内容""}",audio_search,"{""action"": ""search"", ""query"": ""搜索风起洛阳的有声内容""}",Y,Y,Y,
有声,有声71,audio_search,我要听许你万丈光芒好有声版,audio_search,"{""action"": ""play"", ""query"": ""我要听许你万丈光芒好有声版""}",audio_search,"{""action"": ""play"", ""query"": ""我要听许你万丈光芒好有声版""}",Y,Y,Y,
有声,有声68,audio_search,搜一下骆驼祥子有声版,audio_search,"{""action"": ""search"", ""query"": ""搜一下骆驼祥子有声版""}",audio_search,"{""action"": ""search"", ""query"": ""搜一下骆驼祥子有声版""}",Y,Y,Y,
有声,有声70,audio_search,帮我找狼图腾的有声书,audio_search,"{""action"": ""search"", ""query"": ""帮我找狼图腾的有声书""}",audio_search,"{""action"": ""search"", ""query"": ""帮我找狼图腾的有声书""}",Y,Y,Y,
有声,有声72,audio_search,请你播放猎罪者悬疑音频,audio_search,"{""action"": ""play"", ""query"": ""请你播放猎罪者悬疑音频""}",audio_search,"{""action"": ""play"", ""query"": ""请你播放猎罪者悬疑音频""}",Y,Y,Y,
有声,有声73,audio_search,请播黄河古事有声版,audio_search,"{""action"": ""play"", ""query"": ""请播黄河古事有声版""}",audio_search,"{""action"": ""play"", ""query"": ""请播黄河古事有声版""}",Y,Y,Y,
有声,有声74,audio_search,请放一下偷脸悬疑音频,audio_search,"{""action"": ""play"", ""query"": ""请放一下偷脸悬疑音频""}",audio_search,"{""action"": ""play"", ""query"": ""请放一下偷脸悬疑音频""}",Y,Y,Y,
有声,有声75,audio_search,请给我播放夜行实录有声书,audio_search,"{""action"": ""play"", ""query"": ""请给我播放夜行实录有声书""}",audio_search,"{""action"": ""play"", ""query"": ""请给我播放夜行实录有声书""}",Y,Y,Y,
有声,有声76,audio_search,请给我放乌盆记音频,audio_search,"{""action"": ""play"", ""query"": ""请给我放乌盆记音频""}",audio_search,"{""action"": ""play"", ""query"": ""请给我放乌盆记音频""}",Y,Y,Y,
有声,有声77,audio_search,找凡人修仙传有声书,audio_search,"{""action"": ""search"", ""query"": ""找凡人修仙传有声书""}",audio_search,"{""action"": ""search"", ""query"": ""找凡人修仙传有声书""}",Y,Y,Y,
有声,有声78,audio_search,我想听天字第一当,audio_search,"{""action"": ""play"", ""query"": ""我想听天字第一当""}",music_song_search,"{""retext"": ""我想听天字第一当""}",N,N,N,"action: gold=""play"" pred=; query: gold=""我想听天字第一当"" pred=; retext: gold= pred=""我想听天字第一当"""
有声,有声80,audio_search,播放爱情题材广播剧,audio_search,"{""action"": ""play"", ""query"": ""播放爱情题材广播剧""}",audio_search,"{""action"": ""play"", ""query"": ""播放爱情题材广播剧""}",Y,Y,Y,
有声,有声79,audio_search,请让我听情感心理学有声,audio_search,"{""action"": ""play"", ""query"": ""请让我听情感心理学有声""}",audio_search,"{""action"": ""play"", ""query"": ""请让我听情感心理学有声""}",Y,Y,Y,
有声,有声81,audio_search,我要听中国历史未解之谜,audio_search,"{""action"": ""play"", ""query"": ""我要听中国历史未解之谜""}",audio_search,"{""action"": ""play"", ""query"": ""我要听中国历史未解之谜""}",Y,Y,Y,
有声,有声82,audio_search,请你播放情感美文朗读音频,audio_search,"{""action"": ""play"", ""query"": ""请你播放情感美文朗读音频""}",audio_search,"{""action"": ""play"", ""query"": ""请你播放情感美文朗读音频""}",Y,Y,Y,
有声,有声84,audio_search,请听史记讲解有声,audio_search,"{""action"": ""play"", ""query"": ""请听史记讲解有声""}",audio_search,"{""action"": ""play"", ""query"": ""请听史记讲解有声""}",Y,Y,Y,
有声,有声85,audio_search,请听一下楚汉争霸有声书,audio_search,"{""action"": ""play"", ""query"": ""请听一下楚汉争霸有声书""}",audio_search,"{""action"": ""play"", ""query"": ""请听一下楚汉争霸有声书""}",Y,Y,Y,
有声,有声86,audio_search,帮我播放万历十五年音频,audio_search,"{""action"": ""play"", ""query"": ""帮我播放万历十五年音频""}",audio_search,"{""action"": ""play"", ""query"": ""帮我播放万历十五年音频""}",Y,Y,Y,
有声,有声87,audio_search,查找隋唐史有声讲解,audio_search,"{""action"": ""search"", ""query"": ""查找隋唐史有声讲解""}",audio_search,"{""action"": ""search"", ""query"": ""查找隋唐史有声讲解""}",Y,Y,Y,
有声,有声88,audio_search,打开三国史话有声书,audio_search,"{""action"": ""play"", ""query"": ""打开三国史话有声书""}",audio_search,"{""action"": ""play"", ""query"": ""打开三国史话有声书""}",Y,Y,Y,
有声,有声89,audio_search,播放星辰变广播剧,audio_search,"{""action"": ""play"", ""query"": ""播放星辰变广播剧""}",audio_search,"{""action"": ""play"", ""query"": ""播放星辰变广播剧""}",Y,Y,Y,
有声,有声90,audio_search,听逃离清华,audio_search,"{""action"": ""play"", ""query"": ""听逃离清华""}",audio_search,"{""action"": ""play"", ""query"": ""听逃离清华""}",Y,Y,Y,
有声,有声91,audio_search,我想听人世间有声版,audio_search,"{""action"": ""play"", ""query"": ""我想听人世间有声版""}",audio_search,"{""action"": ""play"", ""query"": ""我想听人世间有声版""}",Y,Y,Y,
有声,有声92,audio_search,我想听择天记有声版,audio_search,"{""action"": ""play"", ""query"": ""我想听择天记有声版""}",audio_search,"{""action"": ""play"", ""query"": ""我想听择天记有声版""}",Y,Y,Y,
有声,有声93,audio_search,请放一下品牌思维有声,audio_search,"{""action"": ""play"", ""query"": ""请放一下品牌思维有声""}",audio_search,"{""action"": ""play"", ""query"": ""请放一下品牌思维有声""}",Y,Y,Y,
有声,有声94,audio_search,请给我播放互联网商业音频,audio_search,"{""action"": ""play"", ""query"": ""请给我播放互联网商业音频""}",audio_search,"{""action"": ""play"", ""query"": ""请给我播放互联网商业音频""}",Y,Y,Y,
有声,有声96,audio_search,帮我播放投资理财商业有声,audio_search,"{""action"": ""play"", ""query"": ""帮我播放投资理财商业有声""}",audio_search,"{""action"": ""play"", ""query"": ""帮我播放投资理财商业有声""}",Y,Y,Y,
有声,有声98,audio_search,我要听遮天有声书,audio_search,"{""action"": ""play"", ""query"": ""我要听遮天有声书""}",audio_search,"{""action"": ""play"", ""query"": ""我要听遮天有声书""}",Y,Y,Y,
有声,有声95,audio_search,我想听关于快递骗局的节目,audio_search,"{""action"": ""play"", ""query"": ""我想听关于快递骗局的节目""}",audio_search,"{""action"": ""play"", ""query"": ""我想听关于快递骗局的节目""}",Y,Y,Y,
有声,有声100,audio_search,我想听凯叔,audio_search,"{""action"": ""play"", ""query"": ""我想听凯叔""}",audio_search,"{""action"": ""play"", ""query"": ""我想听凯叔""}",Y,Y,Y,
有声,有声97,audio_search,帮我找武动乾坤有声版,audio_search,"{""action"": ""search"", ""query"": ""帮我找武动乾坤有声版""}",audio_search,"{""action"": ""search"", ""query"": ""帮我找武动乾坤有声版""}",Y,Y,Y,
有声,有声83,audio_search,要听免费的逐玉,audio_search,"{""action"": ""play"", ""query"": ""要听免费的逐玉""}",vod_search,"{""action"": ""search"", ""query"": {""field"": ""is_fee"", ""value"": 0}, ""retext"": ""要听免费的逐玉""}",N,N,N,"action: gold=""play"" pred=""search""; query: gold=""要听免费的逐玉"" pred={""field"": ""is_fee"", ""value"": 0}; retext: gold= pred=""要听免费的逐玉"""
有声,有声103,audio_search,查找职场技能提升音频,audio_search,"{""action"": ""search"", ""query"": ""查找职场技能提升音频""}",audio_search,"{""action"": ""search"", ""query"": ""查找职场技能提升音频""}",Y,Y,Y,
有声,有声102,audio_search,请给我放经济学通识有声,audio_search,"{""action"": ""play"", ""query"": ""请给我放经济学通识有声""}",audio_search,"{""action"": ""play"", ""query"": ""请给我放经济学通识有声""}",Y,Y,Y,
有声,有声105,audio_search,播放白夜追凶的有声故事,audio_search,"{""action"": ""play"", ""query"": ""播放白夜追凶的有声故事""}",audio_search,"{""action"": ""play"", ""query"": ""播放白夜追凶的有声故事""}",Y,Y,Y,
有声,有声104,audio_search,请听夏说英文晨读有声版,audio_search,"{""action"": ""play"", ""query"": ""请听夏说英文晨读有声版""}",audio_search,"{""action"": ""play"", ""query"": ""请听夏说英文晨读有声版""}",Y,Y,Y,
有声,有声107,audio_search,请给我播放绘本故事有声版,audio_search,"{""action"": ""play"", ""query"": ""请给我播放绘本故事有声版""}",audio_search,"{""action"": ""play"", ""query"": ""请给我播放绘本故事有声版""}",Y,Y,Y,
有声,有声108,audio_search,播放朝暮与你有声版,audio_search,"{""action"": ""play"", ""query"": ""播放朝暮与你有声版""}",audio_search,"{""action"": ""play"", ""query"": ""播放朝暮与你有声版""}",Y,Y,Y,
有声,有声109,audio_search,放一个世界名人英文演讲有声版,audio_search,"{""action"": ""play"", ""query"": ""放一个世界名人英文演讲有声版""}",audio_search,"{""action"": ""play"", ""query"": ""放一个世界名人英文演讲有声版""}",Y,Y,Y,
有声,有声106,audio_search,请放一下安全警长啦咘啦哆音频,audio_search,"{""action"": ""play"", ""query"": ""请放一下安全警长啦咘啦哆音频""}",audio_search,"{""action"": ""play"", ""query"": ""请放一下安全警长啦咘啦哆音频""}",Y,Y,Y,
有声,有声110,audio_search,找一下觉醒年代的有声版,audio_search,"{""action"": ""search"", ""query"": ""找一下觉醒年代的有声版""}",audio_search,"{""action"": ""search"", ""query"": ""找一下觉醒年代的有声版""}",Y,Y,Y,
有声,有声111,audio_search,我要听人民的名义有声书,audio_search,"{""action"": ""play"", ""query"": ""我要听人民的名义有声书""}",audio_search,"{""action"": ""play"", ""query"": ""我要听人民的名义有声书""}",Y,Y,Y,
有声,有声112,audio_search,播放亮剑有声版小说,audio_search,"{""action"": ""play"", ""query"": ""播放亮剑有声版小说""}",audio_search,"{""action"": ""play"", ""query"": ""播放亮剑有声版小说""}",Y,Y,Y,
有声,有声101,audio_search,给我播放微博报,audio_search,"{""action"": ""play"", ""query"": ""给我播放微博报""}",vod_search,"{""action"": ""play"", ""query"": {""field"": ""title"", ""value"": ""微博报""}, ""retext"": ""给我播放微博报""}",N,N,N,"query: gold=""给我播放微博报"" pred={""field"": ""title"", ""value"": ""微博报""}; retext: gold= pred=""给我播放微博报"""
有声,有声113,audio_search,帮我找琅琊榜的有声内容,audio_search,"{""action"": ""search"", ""query"": ""帮我找琅琊榜的有声内容""}",audio_search,"{""action"": ""search"", ""query"": ""帮我找琅琊榜的有声内容""}",Y,Y,Y,
有声,有声115,audio_search,收听文物考古的节目,audio_search,"{""action"": ""play"", ""query"": ""收听文物考古的节目""}",audio_search,"{""action"": ""play"", ""query"": ""收听文物考古的节目""}",Y,Y,Y,
有声,有声116,audio_search,我要听将门毒后第二章,audio_search,"{""action"": ""play"", ""query"": ""我要听将门毒后第二章""}",audio_search,"{""action"": ""play"", ""query"": ""我要听将门毒后第二章""}",Y,Y,Y,
有声,有声117,audio_search,我想听明朝那些事儿第一集,audio_search,"{""action"": ""play"", ""query"": ""我想听明朝那些事儿第一集""}",audio_search,"{""action"": ""play"", ""query"": ""我想听明朝那些事儿第一集""}",Y,Y,Y,
有声,有声118,audio_search,直接播盗墓笔记有声书最新一集,audio_search,"{""action"": ""play"", ""query"": ""直接播盗墓笔记有声书最新一集""}",audio_search,"{""action"": ""play"", ""query"": ""直接播盗墓笔记有声书最新一集""}",Y,Y,Y,
有声,有声119,audio_search,放西汉演义第365回,audio_search,"{""action"": ""play"", ""query"": ""放西汉演义第365回""}",audio_search,"{""action"": ""play"", ""query"": ""放西汉演义第365回""}",Y,Y,Y,
有声,有声120,audio_search,我要听封神演义第3回,audio_search,"{""action"": ""play"", ""query"": ""我要听封神演义第3回""}",audio_search,"{""action"": ""play"", ""query"": ""我要听封神演义第3回""}",Y,Y,Y,
有声,有声122,audio_search,我想听三国演义第37章,audio_search,"{""action"": ""play"", ""query"": ""我想听三国演义第37章""}",audio_search,"{""action"": ""play"", ""query"": ""我想听三国演义第37章""}",Y,Y,Y,
有声,有声121,audio_search,播放评书包公案从第72章免费听,audio_search,"{""action"": ""play"", ""query"": ""播放评书包公案从第72章免费听""}",audio_search,"{""action"": ""play"", ""query"": ""播放评书包公案从第72章免费听""}",Y,Y,Y,
有声,有声99,audio_search,放娱乐热点,audio_search,"{""action"": ""play"", ""query"": ""放娱乐热点""}",vod_fuzzy_search,"{""query"": ""放娱乐热点""}",N,N,N,"action: gold=""play"" pred="
有声,有声124,audio_search,我要听凡人修仙传第350章,audio_search,"{""action"": ""play"", ""query"": ""我要听凡人修仙传第350章""}",audio_search,"{""action"": ""play"", ""query"": ""我要听凡人修仙传第350章""}",Y,Y,Y,
有声,有声125,audio_search,查找大奉打更人第888章有声版,audio_search,"{""action"": ""search"", ""query"": ""查找大奉打更人第888章有声版""}",audio_search,"{""action"": ""search"", ""query"": ""查找大奉打更人第888章有声版""}",Y,Y,Y,
有声,有声126,audio_search,收听明朝那些事儿第五卷的第28章,audio_search,"{""action"": ""play"", ""query"": ""收听明朝那些事儿第五卷的第28章""}",audio_search,"{""action"": ""play"", ""query"": ""收听明朝那些事儿第五卷的第28章""}",Y,Y,Y,
有声,有声128,audio_search,从第50集开始播放庆余年小说,audio_search,"{""action"": ""play"", ""query"": ""从第50集开始播放庆余年小说""}",audio_search,"{""action"": ""play"", ""query"": ""从第50集开始播放庆余年小说""}",Y,Y,Y,
有声,有声127,audio_search,听一下第80回的乱世枭雄评书,audio_search,"{""action"": ""play"", ""query"": ""听一下第80回的乱世枭雄评书""}",audio_search,"{""action"": ""play"", ""query"": ""听一下第80回的乱世枭雄评书""}",Y,Y,Y,
有声,有声129,audio_search,跳到赘婿小说的第200章,audio_search,"{""action"": ""play"", ""query"": ""跳到赘婿小说的第200章""}",audio_search,"{""action"": ""play"", ""query"": ""跳到赘婿小说的第200章""}",Y,Y,Y,
有声,有声131,audio_search,播放诡秘之主第410集免费听,audio_search,"{""action"": ""play"", ""query"": ""播放诡秘之主第410集免费听""}",audio_search,"{""action"": ""play"", ""query"": ""播放诡秘之主第410集免费听""}",Y,Y,Y,
有声,有声130,audio_search,广播猫小九历险记从第210章收听,audio_search,"{""action"": ""play"", ""query"": ""广播猫小九历险记从第210章收听""}",audio_search,"{""action"": ""play"", ""query"": ""广播猫小九历险记从第210章收听""}",Y,Y,Y,
有声,有声132,audio_search,收听茅山道术师第300回,audio_search,"{""action"": ""play"", ""query"": ""收听茅山道术师第300回""}",audio_search,"{""action"": ""play"", ""query"": ""收听茅山道术师第300回""}",Y,Y,Y,
有声,有声133,audio_search,放米小圈上学记音频第89集,audio_search,"{""action"": ""play"", ""query"": ""放米小圈上学记音频第89集""}",audio_search,"{""action"": ""play"", ""query"": ""放米小圈上学记音频第89集""}",Y,Y,Y,
有声,有声134,audio_search,收听斗罗大陆大结局那一集,audio_search,"{""action"": ""play"", ""query"": ""收听斗罗大陆大结局那一集""}",audio_search,"{""action"": ""play"", ""query"": ""收听斗罗大陆大结局那一集""}",Y,Y,Y,
有声,有声135,audio_search,听紫川最新章节,audio_search,"{""action"": ""play"", ""query"": ""听紫川最新章节""}",audio_search,"{""action"": ""play"", ""query"": ""听紫川最新章节""}",Y,Y,Y,
有声,有声136,audio_search,给我放西游记的第六集儿童音频,audio_search,"{""action"": ""play"", ""query"": ""给我放西游记的第六集儿童音频""}",audio_search,"{""action"": ""play"", ""query"": ""给我放西游记的第六集儿童音频""}",Y,Y,Y,
有声,有声137,audio_search,给我听听神奇校车第三集的有声书,audio_search,"{""action"": ""play"", ""query"": ""给我听听神奇校车第三集的有声书""}",audio_search,"{""action"": ""play"", ""query"": ""给我听听神奇校车第三集的有声书""}",Y,Y,Y,
有声,有声138,audio_search,请你播放父与子漫画音频第三回,audio_search,"{""action"": ""play"", ""query"": ""请你播放父与子漫画音频第三回""}",audio_search,"{""action"": ""play"", ""query"": ""请你播放父与子漫画音频第三回""}",Y,Y,Y,
有声,有声139,audio_search,请播大中华寻宝记有声故事第88章,audio_search,"{""action"": ""play"", ""query"": ""请播大中华寻宝记有声故事第88章""}",audio_search,"{""action"": ""play"", ""query"": ""请播大中华寻宝记有声故事第88章""}",Y,Y,Y,
有声,有声140,audio_search,播放情感电台音频治愈故事第十二期,audio_search,"{""action"": ""play"", ""query"": ""播放情感电台音频治愈故事第十二期""}",audio_search,"{""action"": ""play"", ""query"": ""播放情感电台音频治愈故事第十二期""}",Y,Y,Y,
有声,有声142,audio_search,请给我放音频恐龙百科第66集,audio_search,"{""action"": ""play"", ""query"": ""请给我放音频恐龙百科第66集""}",audio_search,"{""action"": ""play"", ""query"": ""请给我放音频恐龙百科第66集""}",Y,Y,Y,
有声,有声141,audio_search,播放财经课程音频基金入门第六讲,audio_search,"{""action"": ""play"", ""query"": ""播放财经课程音频基金入门第六讲""}",audio_search,"{""action"": ""play"", ""query"": ""播放财经课程音频基金入门第六讲""}",Y,Y,Y,
有声,有声143,audio_search,请让我听格林童话有声故事第9章,audio_search,"{""action"": ""play"", ""query"": ""请让我听格林童话有声故事第9章""}",audio_search,"{""action"": ""play"", ""query"": ""请让我听格林童话有声故事第9章""}",Y,Y,Y,
有声,有声144,audio_search,请听安徒生童话音频的第十八回,audio_search,"{""action"": ""play"", ""query"": ""请听安徒生童话音频的第十八回""}",audio_search,"{""action"": ""play"", ""query"": ""请听安徒生童话音频的第十八回""}",Y,Y,Y,
有声,有声114,audio_search,我想听关于毛主席的有声读物,audio_search,"{""action"": ""play"", ""query"": ""我想听关于毛主席的有声读物""}",fan_knowledge_agent,"{""messages"": [{""content"": ""我想听关于毛主席的有声读物"", ""role"": ""user""}], ""need_media"": true, ""riskRespStrategy"": ""all_replace"", ""sceneType"": ""audio_qa""}",N,N,N,"action: gold=""play"" pred=; messages: gold= pred=[{""content"": ""我想听关于毛主席的有声读物"", ""role"": ""user""}]; need_media: gold= pred=true; query: gold=""我想听关于毛主席的有声读物"" pred=; riskRespStrategy: gold= pred=""all_replace""; sceneType: gold= pred=""audio_qa"""
有声,有声145,audio_search,听一听儿童睡前故事音频第五篇,audio_search,"{""action"": ""play"", ""query"": ""听一听儿童睡前故事音频第五篇""}",audio_search,"{""action"": ""play"", ""query"": ""听一听儿童睡前故事音频第五篇""}",Y,Y,Y,
有声,有声147,audio_search,查找十万个为什么第十集有声书,audio_search,"{""action"": ""search"", ""query"": ""查找十万个为什么第十集有声书""}",audio_search,"{""action"": ""search"", ""query"": ""查找十万个为什么第十集有声书""}",Y,Y,Y,
有声,有声146,audio_search,听一下财经早知道音频今日第一期,audio_search,"{""action"": ""play"", ""query"": ""听一下财经早知道音频今日第一期""}",audio_search,"{""action"": ""play"", ""query"": ""听一下财经早知道音频今日第一期""}",Y,Y,Y,
有声,有声123,audio_search,听斗破苍穹最新更新的那一集,audio_search,"{""action"": ""play"", ""query"": ""听斗破苍穹最新更新的那一集""}",vod_fuzzy_search,"{""query"": ""听斗破苍穹最新更新的那一集""}",N,N,N,"action: gold=""play"" pred="
有声,有声148,audio_search,打开音频猫爪怪探团第一季开始播,audio_search,"{""action"": ""play"", ""query"": ""打开音频猫爪怪探团第一季开始播""}",audio_search,"{""action"": ""play"", ""query"": ""打开音频猫爪怪探团第一季开始播""}",Y,Y,Y,
有声,有声149,audio_search,放第三集的米吴科学大探险有声版,audio_search,"{""action"": ""play"", ""query"": ""放第三集的米吴科学大探险有声版""}",audio_search,"{""action"": ""play"", ""query"": ""放第三集的米吴科学大探险有声版""}",Y,Y,Y,
有声,有声150,audio_search,调到小学生必背古诗第八章音频,audio_search,"{""action"": ""play"", ""query"": ""调到小学生必背古诗第八章音频""}",audio_search,"{""action"": ""play"", ""query"": ""调到小学生必背古诗第八章音频""}",Y,Y,Y,
有声,有声151,audio_search,放个皮皮鲁历险记有声故事的第110回,audio_search,"{""action"": ""play"", ""query"": ""放个皮皮鲁历险记有声故事的第110回""}",audio_search,"{""action"": ""play"", ""query"": ""放个皮皮鲁历险记有声故事的第110回""}",Y,Y,Y,
有声,有声153,audio_search,播放有声版的宝贝JOJO第1集,audio_search,"{""action"": ""play"", ""query"": ""播放有声版的宝贝JOJO第1集""}",audio_search,"{""action"": ""play"", ""query"": ""播放有声版的宝贝JOJO第1集""}",Y,Y,Y,
有声,有声154,audio_search,播放完美世界有声书第100章,audio_search,"{""action"": ""play"", ""query"": ""播放完美世界有声书第100章""}",audio_search,"{""action"": ""play"", ""query"": ""播放完美世界有声书第100章""}",Y,Y,Y,
有声,有声156,audio_search,我要听庆余年第三季第5集,audio_search,"{""action"": ""play"", ""query"": ""我要听庆余年第三季第5集""}",audio_search,"{""action"": ""play"", ""query"": ""我要听庆余年第三季第5集""}",Y,Y,Y,
有声,有声157,audio_search,给我放个 VOA 慢速英语音频第十篇,audio_search,"{""action"": ""play"", ""query"": ""给我放个 VOA 慢速英语音频第十篇""}",audio_search,"{""action"": ""play"", ""query"": ""给我放个 VOA 慢速英语音频第十篇""}",Y,Y,Y,
有声,有声158,audio_search,给我听 TED 演讲英文音频第五集,audio_search,"{""action"": ""play"", ""query"": ""给我听 TED 演讲英文音频第五集""}",audio_search,"{""action"": ""play"", ""query"": ""给我听 TED 演讲英文音频第五集""}",Y,Y,Y,
有声,有声159,audio_search,海信小聚播放米小圈有声故事第十四集,audio_search,"{""action"": ""play"", ""query"": ""海信小聚播放米小圈有声故事第十四集""}",audio_search,"{""action"": ""play"", ""query"": ""海信小聚播放米小圈有声故事第十四集""}",Y,Y,Y,
有声,有声155,audio_search,三字经听第1集,audio_search,"{""action"": ""play"", ""query"": ""三字经听第1集""}",educ_search,"{""query"": {""field"": ""title"", ""value"": ""三字经""}, ""retext"": ""三字经听第1集""}",N,N,N,"action: gold=""play"" pred=; query: gold=""三字经听第1集"" pred={""field"": ""title"", ""value"": ""三字经""}; retext: gold= pred=""三字经听第1集"""
有声,有声161,audio_search,来个格林童话有声故事第三章,audio_search,"{""action"": ""play"", ""query"": ""来个格林童话有声故事第三章""}",audio_search,"{""action"": ""play"", ""query"": ""来个格林童话有声故事第三章""}",Y,Y,Y,
有声,有声160,audio_search,继续播放偷偷藏不住有声书第四十八集,audio_search,"{""action"": ""play"", ""query"": ""继续播放偷偷藏不住有声书第四十八集""}",audio_search,"{""action"": ""play"", ""query"": ""继续播放偷偷藏不住有声书第四十八集""}",Y,Y,Y,
有声,有声162,audio_search,请听摸金天师有声书第六十六集,audio_search,"{""action"": ""play"", ""query"": ""请听摸金天师有声书第六十六集""}",audio_search,"{""action"": ""play"", ""query"": ""请听摸金天师有声书第六十六集""}",Y,Y,Y,
有声,有声163,audio_search,放到长月无烬有声书第十二回,audio_search,"{""action"": ""play"", ""query"": ""放到长月无烬有声书第十二回""}",audio_search,"{""action"": ""play"", ""query"": ""放到长月无烬有声书第十二回""}",Y,Y,Y,
有声,有声165,audio_search,我想听盗墓笔记第一部第5集,audio_search,"{""action"": ""play"", ""query"": ""我想听盗墓笔记第一部第5集""}",vod_search,"{""action"": ""search"", ""query"": {""field"": ""video_index"", ""value"": 5}, ""retext"": ""我想听盗墓笔记第一部第5集""}",N,N,N,"action: gold=""play"" pred=""search""; query: gold=""我想听盗墓笔记第一部第5集"" pred={""field"": ""video_index"", ""value"": 5}; retext: gold= pred=""我想听盗墓笔记第一部第5集"""
有声,有声166,audio_search,收听雪中悍刀行第88章,audio_search,"{""action"": ""play"", ""query"": ""收听雪中悍刀行第88章""}",audio_search,"{""action"": ""play"", ""query"": ""收听雪中悍刀行第88章""}",Y,Y,Y,
有声,有声167,audio_search,我要听将夜第300集,audio_search,"{""action"": ""play"", ""query"": ""我要听将夜第300集""}",vod_search,"{""action"": ""search"", ""query"": {""field"": ""video_index"", ""value"": 300}, ""retext"": ""我要听将夜第300集""}",N,N,N,"action: gold=""play"" pred=""search""; query: gold=""我要听将夜第300集"" pred={""field"": ""video_index"", ""value"": 300}; retext: gold= pred=""我要听将夜第300集"""
有声,有声152,audio_search,找一下围城有声版第3章,audio_search,"{""action"": ""search"", ""query"": ""找一下围城有声版第3章""}",audio_search,"{""action"": ""search"", ""query"": ""找一下围城有声版第3章""}",Y,Y,Y,
有声,有声168,audio_search,调到遮天评书第七十七回,audio_search,"{""action"": ""play"", ""query"": ""调到遮天评书第七十七回""}",audio_search,"{""action"": ""play"", ""query"": ""调到遮天评书第七十七回""}",Y,Y,Y,
有声,有声169,audio_search,放一个余罪有声书第十集,audio_search,"{""action"": ""play"", ""query"": ""放一个余罪有声书第十集""}",audio_search,"{""action"": ""play"", ""query"": ""放一个余罪有声书第十集""}",Y,Y,Y,
有声,有声170,audio_search,收听大奉打更人第400集,audio_search,"{""action"": ""play"", ""query"": ""收听大奉打更人第400集""}",audio_search,"{""action"": ""play"", ""query"": ""收听大奉打更人第400集""}",Y,Y,Y,
有声,有声171,audio_search,我要听赘婿第150章,audio_search,"{""action"": ""play"", ""query"": ""我要听赘婿第150章""}",audio_search,"{""action"": ""play"", ""query"": ""我要听赘婿第150章""}",Y,Y,Y,
有声,有声172,audio_search,播放龙族第4卷第3章,audio_search,"{""action"": ""play"", ""query"": ""播放龙族第4卷第3章""}",audio_search,"{""action"": ""play"", ""query"": ""播放龙族第4卷第3章""}",Y,Y,Y,
有声,有声173,audio_search,请给我放悬疑有声书偷脸第三十五集,audio_search,"{""action"": ""play"", ""query"": ""请给我放悬疑有声书偷脸第三十五集""}",audio_search,"{""action"": ""play"", ""query"": ""请给我放悬疑有声书偷脸第三十五集""}",Y,Y,Y,
有声,有声164,audio_search,找我的老千生涯第500回,audio_search,"{""action"": ""search"", ""query"": ""找我的老千生涯第500回""}",vod_search,"{""action"": ""search"", ""field"": ""title"", ""retext"": """", ""value"": ""我的老千生涯""}",N,N,N,"field: gold= pred=""title""; query: gold=""找我的老千生涯第500回"" pred=; value: gold= pred=""我的老千生涯"""
有声,有声174,audio_search,我想听择天记第200章,audio_search,"{""action"": ""play"", ""query"": ""我想听择天记第200章""}",audio_search,"{""action"": ""play"", ""query"": ""我想听择天记第200章""}",Y,Y,Y,
有声,有声175,audio_search,收听诡秘之主第300集,audio_search,"{""action"": ""play"", ""query"": ""收听诡秘之主第300集""}",audio_search,"{""action"": ""play"", ""query"": ""收听诡秘之主第300集""}",Y,Y,Y,
有声,有声177,audio_search,播放历史评书大秦帝国第四十回,audio_search,"{""action"": ""play"", ""query"": ""播放历史评书大秦帝国第四十回""}",audio_search,"{""action"": ""play"", ""query"": ""播放历史评书大秦帝国第四十回""}",Y,Y,Y,
有声,有声178,audio_search,请放一下从红月开始有声书第八回,audio_search,"{""action"": ""play"", ""query"": ""请放一下从红月开始有声书第八回""}",audio_search,"{""action"": ""play"", ""query"": ""请放一下从红月开始有声书第八回""}",Y,Y,Y,
有声,有声179,audio_search,我想听鬼吹灯第二部第5集,audio_search,"{""action"": ""play"", ""query"": ""我想听鬼吹灯第二部第5集""}",vod_search,"{""action"": ""search"", ""query"": {""field"": ""video_index"", ""value"": 5}, ""retext"": ""我想听鬼吹灯第二部第5集""}",N,N,N,"action: gold=""play"" pred=""search""; query: gold=""我想听鬼吹灯第二部第5集"" pred={""field"": ""video_index"", ""value"": 5}; retext: gold= pred=""我想听鬼吹灯第二部第5集"""
有声,有声176,audio_search,我要听斗罗大陆第100回,audio_search,"{""action"": ""play"", ""query"": ""我要听斗罗大陆第100回""}",vod_search_all,"{""action"": ""search"", ""query"": {""field"": ""area"", ""value"": ""大陆""}, ""retext"": ""我要听斗罗大陆第100回""}",N,N,N,"action: gold=""play"" pred=""search""; query: gold=""我要听斗罗大陆第100回"" pred={""field"": ""area"", ""value"": ""大陆""}; retext: gold= pred=""我要听斗罗大陆第100回"""
有声,有声180,audio_search,收听老人与海有声版第1章,audio_search,"{""action"": ""play"", ""query"": ""收听老人与海有声版第1章""}",audio_search,"{""action"": ""play"", ""query"": ""收听老人与海有声版第1章""}",Y,Y,Y,
有声,有声181,audio_search,我要听月亮和六便士第2章,audio_search,"{""action"": ""play"", ""query"": ""我要听月亮和六便士第2章""}",audio_search,"{""action"": ""play"", ""query"": ""我要听月亮和六便士第2章""}",Y,Y,Y,
有声,有声182,audio_search,帮我播放碎玉投珠广播剧第六集,audio_search,"{""action"": ""play"", ""query"": ""帮我播放碎玉投珠广播剧第六集""}",audio_search,"{""action"": ""play"", ""query"": ""帮我播放碎玉投珠广播剧第六集""}",Y,Y,Y,
有声,有声186,audio_search,我要听三体第二部第5集,audio_search,"{""action"": ""play"", ""query"": ""我要听三体第二部第5集""}",audio_search,"{""action"": ""play"", ""query"": ""我要听三体第二部第5集""}",Y,Y,Y,
有声,有声185,audio_search,收听高效能人士的七个习惯第3章,audio_search,"{""action"": ""play"", ""query"": ""收听高效能人士的七个习惯第3章""}",audio_search,"{""action"": ""play"", ""query"": ""收听高效能人士的七个习惯第3章""}",Y,Y,Y,
有声,有声184,audio_search,请放一下王玥波评书雍正剑侠图第二十五回,audio_search,"{""action"": ""play"", ""query"": ""请放一下王玥波评书雍正剑侠图第二十五回""}",audio_search,"{""action"": ""play"", ""query"": ""请放一下王玥波评书雍正剑侠图第二十五回""}",Y,Y,Y,
有声,有声187,audio_search,播放小说活着第8章,audio_search,"{""action"": ""play"", ""query"": ""播放小说活着第8章""}",audio_search,"{""action"": ""play"", ""query"": ""播放小说活着第8章""}",Y,Y,Y,
有声,有声189,audio_search,我想听平凡的世界第三部第2章,audio_search,"{""action"": ""play"", ""query"": ""我想听平凡的世界第三部第2章""}",audio_search,"{""action"": ""play"", ""query"": ""我想听平凡的世界第三部第2章""}",Y,Y,Y,
有声,有声190,audio_search,帮我播放父与子漫画有声故事第十二集,audio_search,"{""action"": ""play"", ""query"": ""帮我播放父与子漫画有声故事第十二集""}",audio_search,"{""action"": ""play"", ""query"": ""帮我播放父与子漫画有声故事第十二集""}",Y,Y,Y,
有声,有声191,audio_search,我要听射雕英雄传第66回,audio_search,"{""action"": ""play"", ""query"": ""我要听射雕英雄传第66回""}",audio_search,"{""action"": ""play"", ""query"": ""我要听射雕英雄传第66回""}",Y,Y,Y,
有声,有声193,audio_search,给我放春秋战国史有声书第十五集,audio_search,"{""action"": ""play"", ""query"": ""给我放春秋战国史有声书第十五集""}",audio_search,"{""action"": ""play"", ""query"": ""给我放春秋战国史有声书第十五集""}",Y,Y,Y,
有声,有声196,audio_search,我要听相声,audio_search,"{""action"": ""play"", ""query"": ""我要听相声""}",audio_search,"{""action"": ""play"", ""query"": ""我要听相声""}",Y,Y,Y,
有声,有声195,audio_search,请你播放史记讲解有声书第二十章,audio_search,"{""action"": ""play"", ""query"": ""请你播放史记讲解有声书第二十章""}",audio_search,"{""action"": ""play"", ""query"": ""请你播放史记讲解有声书第二十章""}",Y,Y,Y,
有声,有声194,audio_search,给我听听大唐兴亡三百年有声书第八回,audio_search,"{""action"": ""play"", ""query"": ""给我听听大唐兴亡三百年有声书第八回""}",audio_search,"{""action"": ""play"", ""query"": ""给我听听大唐兴亡三百年有声书第八回""}",Y,Y,Y,
有声,有声197,audio_search,我要听古代言情小说,audio_search,"{""action"": ""play"", ""query"": ""我要听古代言情小说""}",audio_search,"{""action"": ""play"", ""query"": ""我要听古代言情小说""}",Y,Y,Y,
有声,有声198,audio_search,放点武侠小说的有声书,audio_search,"{""action"": ""play"", ""query"": ""放点武侠小说的有声书""}",audio_search,"{""action"": ""play"", ""query"": ""放点武侠小说的有声书""}",Y,Y,Y,
有声,有声199,audio_search,我想听职场类的小说,audio_search,"{""action"": ""play"", ""query"": ""我想听职场类的小说""}",audio_search,"{""action"": ""play"", ""query"": ""我想听职场类的小说""}",Y,Y,Y,
有声,有声183,audio_search,找百年孤独有声版第5章,audio_search,"{""action"": ""search"", ""query"": ""找百年孤独有声版第5章""}",audio_search,"{""action"": ""search"", ""query"": ""找百年孤独有声版第5章""}",Y,Y,Y,
有声,有声200,audio_search,我想听军事题材的有声小说,audio_search,"{""action"": ""play"", ""query"": ""我想听军事题材的有声小说""}",audio_search,"{""action"": ""play"", ""query"": ""我想听军事题材的有声小说""}",Y,Y,Y,
有声,有声201,audio_search,有没有科幻题材的广播剧,audio_search,"{""action"": ""search"", ""query"": ""有没有科幻题材的广播剧""}",audio_search,"{""action"": ""search"", ""query"": ""有没有科幻题材的广播剧""}",Y,Y,Y,
有声,有声202,audio_search,我要听财经资讯,audio_search,"{""action"": ""play"", ""query"": ""我要听财经资讯""}",audio_search,"{""action"": ""play"", ""query"": ""我要听财经资讯""}",Y,Y,Y,
有声,有声188,audio_search,找围城有声版第6章,audio_search,"{""action"": ""search"", ""query"": ""找围城有声版第6章""}",audio_search,"{""action"": ""search"", ""query"": ""找围城有声版第6章""}",Y,Y,Y,
有声,有声203,audio_search,我想听历史类的书，比如讲唐朝的,audio_search,"{""action"": ""play"", ""query"": ""我想听历史类的书，比如讲唐朝的""}",audio_search,"{""action"": ""play"", ""query"": ""我想听历史类的书，比如讲唐朝的""}",Y,Y,Y,
有声,有声204,audio_search,找点悬疑推理的有声故事,audio_search,"{""action"": ""search"", ""query"": ""找点悬疑推理的有声故事""}",audio_search,"{""action"": ""search"", ""query"": ""找点悬疑推理的有声故事""}",Y,Y,Y,
有声,有声192,audio_search,播放重返1988第55回,audio_search,"{""action"": ""play"", ""query"": ""播放重返1988第55回""}",vod_fuzzy_search,"{""query"": ""播放重返1988第55回""}",N,N,N,"action: gold=""play"" pred="
有声,有声206,audio_search,找经典文学名著改编的有声书,audio_search,"{""action"": ""search"", ""query"": ""找经典文学名著改编的有声书""}",audio_search,"{""action"": ""search"", ""query"": ""找经典文学名著改编的有声书""}",Y,Y,Y,
有声,有声209,audio_search,我想收听评书,audio_search,"{""action"": ""play"", ""query"": ""我想收听评书""}",audio_search,"{""action"": ""play"", ""query"": ""我想收听评书""}",Y,Y,Y,
有声,有声208,audio_search,放点儿儿童睡前故事,audio_search,"{""action"": ""play"", ""query"": ""放点儿儿童睡前故事""}",audio_search,"{""action"": ""play"", ""query"": ""放点儿儿童睡前故事""}",Y,Y,Y,
有声,有声210,audio_search,播放小说,audio_search,"{""action"": ""play"", ""query"": ""播放小说""}",audio_search,"{""action"": ""play"", ""query"": ""播放小说""}",Y,Y,Y,
有声,有声211,audio_search,我想听新闻,audio_search,"{""action"": ""play"", ""query"": ""我想听新闻""}",audio_search,"{""action"": ""play"", ""query"": ""我想听新闻""}",Y,Y,Y,
有声,有声212,audio_search,喜马拉雅上有什么好听的故事,audio_search,"{""action"": ""search"", ""query"": ""喜马拉雅上有什么好听的故事""}",audio_search,"{""action"": ""search"", ""query"": ""喜马拉雅上有什么好听的故事""}",Y,Y,Y,
有声,有声207,audio_search,有没有讲财经商业的节目,audio_search,"{""action"": ""search"", ""query"": ""有没有讲财经商业的节目""}",vod_search_all,"{""action"": ""search"", ""query"": {""field"": ""tag"", ""value"": ""财经商业""}, ""retext"": ""有没有讲财经商业的节目""}",N,N,N,"query: gold=""有没有讲财经商业的节目"" pred={""field"": ""tag"", ""value"": ""财经商业""}; retext: gold= pred=""有没有讲财经商业的节目"""
有声,有声213,audio_search,我要听新闻资讯,audio_search,"{""action"": ""play"", ""query"": ""我要听新闻资讯""}",audio_search,"{""action"": ""play"", ""query"": ""我要听新闻资讯""}",Y,Y,Y,
有声,有声214,audio_search,播放有声书,audio_search,"{""action"": ""play"", ""query"": ""播放有声书""}",audio_search,"{""action"": ""play"", ""query"": ""播放有声书""}",Y,Y,Y,
有声,有声215,audio_search,我想听广播剧,audio_search,"{""action"": ""play"", ""query"": ""我想听广播剧""}",audio_search,"{""action"": ""play"", ""query"": ""我想听广播剧""}",Y,Y,Y,
有声,有声216,audio_search,我要听脱口秀的音频,audio_search,"{""action"": ""play"", ""query"": ""我要听脱口秀的音频""}",audio_search,"{""action"": ""play"", ""query"": ""我要听脱口秀的音频""}",Y,Y,Y,
有声,有声217,audio_search,听下历史类的节目吧,audio_search,"{""action"": ""play"", ""query"": ""听下历史类的节目吧""}",audio_search,"{""action"": ""play"", ""query"": ""听下历史类的节目吧""}",Y,Y,Y,
有声,有声205,audio_search,搜一下恐怖灵异的故事,audio_search,"{""action"": ""search"", ""query"": ""搜一下恐怖灵异的故事""}",vod_search,"{""action"": ""search"", ""query"": {""and"": [{""field"": ""tag"", ""value"": ""恐怖""}, {""field"": ""tag"", ""value"": ""灵异""}]}, ""retext"": ""搜一下恐怖灵异的故事""}",N,N,N,"query: gold=""搜一下恐怖灵异的故事"" pred={""and"": [{""field"": ""tag"", ""value"": ""恐怖""}, {""field"": ""tag"", ""value"": ""灵异""}]}; retext: gold= pred=""搜一下恐怖灵异的故事"""
有声,有声218,audio_search,播放个人成长类的有声内容,audio_search,"{""action"": ""play"", ""query"": ""播放个人成长类的有声内容""}",audio_search,"{""action"": ""play"", ""query"": ""播放个人成长类的有声内容""}",Y,Y,Y,
有声,有声219,audio_search,我要听健康养生内容,audio_search,"{""action"": ""play"", ""query"": ""我要听健康养生内容""}",audio_search,"{""action"": ""play"", ""query"": ""我要听健康养生内容""}",Y,Y,Y,
有声,有声220,audio_search,推荐提升情商的个人成长音频,audio_search,"{""action"": ""search"", ""query"": ""推荐提升情商的个人成长音频""}",audio_search,"{""action"": ""search"", ""query"": ""推荐提升情商的个人成长音频""}",Y,Y,Y,
有声,有声221,audio_search,有没有免费的有声书,audio_search,"{""action"": ""search"", ""query"": ""有没有免费的有声书""}",audio_search,"{""action"": ""search"", ""query"": ""有没有免费的有声书""}",Y,Y,Y,
有声,有声222,audio_search,我想听历史故事,audio_search,"{""action"": ""play"", ""query"": ""我想听历史故事""}",audio_search,"{""action"": ""play"", ""query"": ""我想听历史故事""}",Y,Y,Y,
有声,有声223,audio_search,播放儿童国学启蒙故事,audio_search,"{""action"": ""play"", ""query"": ""播放儿童国学启蒙故事""}",audio_search,"{""action"": ""play"", ""query"": ""播放儿童国学启蒙故事""}",Y,Y,Y,
有声,有声224,audio_search,找一些宝宝睡前小故事听下,audio_search,"{""action"": ""play"", ""query"": ""找一些宝宝睡前小故事听下""}",audio_search,"{""action"": ""play"", ""query"": ""找一些宝宝睡前小故事听下""}",Y,Y,Y,
有声,有声226,audio_search,我想听今日热点新闻,audio_search,"{""action"": ""play"", ""query"": ""我想听今日热点新闻""}",audio_search,"{""action"": ""play"", ""query"": ""我想听今日热点新闻""}",Y,Y,Y,
有声,有声225,audio_search,播放儿童科普故事音频,audio_search,"{""action"": ""play"", ""query"": ""播放儿童科普故事音频""}",audio_search,"{""action"": ""play"", ""query"": ""播放儿童科普故事音频""}",Y,Y,Y,
有声,有声228,audio_search,播放汽车相关的有声内容,audio_search,"{""action"": ""play"", ""query"": ""播放汽车相关的有声内容""}",audio_search,"{""action"": ""play"", ""query"": ""播放汽车相关的有声内容""}",Y,Y,Y,
有声,有声229,audio_search,听一下英国的军事小说,audio_search,"{""action"": ""play"", ""query"": ""听一下英国的军事小说""}",audio_search,"{""action"": ""play"", ""query"": ""听一下英国的军事小说""}",Y,Y,Y,
有声,有声230,audio_search,我想听热点资讯,audio_search,"{""action"": ""play"", ""query"": ""我想听热点资讯""}",audio_search,"{""action"": ""play"", ""query"": ""我想听热点资讯""}",Y,Y,Y,
有声,有声231,audio_search,关于明朝历史的有声书都有哪些？,audio_search,"{""action"": ""search"", ""query"": ""关于明朝历史的有声书都有哪些？""}",audio_search,"{""action"": ""search"", ""query"": ""关于明朝历史的有声书都有哪些？""}",Y,Y,Y,
有声,有声232,audio_search,讲唐朝历史的音频有哪些推荐？,audio_search,"{""action"": ""search"", ""query"": ""讲唐朝历史的音频有哪些推荐？""}",audio_search,"{""action"": ""search"", ""query"": ""讲唐朝历史的音频有哪些推荐？""}",Y,Y,Y,
有声,有声233,audio_search,关于清朝历史的广播节目有哪些？,audio_search,"{""action"": ""search"", ""query"": ""关于清朝历史的广播节目有哪些？""}",audio_search,"{""action"": ""search"", ""query"": ""关于清朝历史的广播节目有哪些？""}",Y,Y,Y,
有声,有声234,audio_search,给我推荐讲解宋朝历史的FM,audio_search,"{""action"": ""search"", ""query"": ""给我推荐讲解宋朝历史的FM""}",audio_search,"{""action"": ""search"", ""query"": ""给我推荐讲解宋朝历史的FM""}",Y,Y,Y,
有声,有声235,audio_search,三国历史相关的有声书有哪些？,audio_search,"{""action"": ""search"", ""query"": ""三国历史相关的有声书有哪些？""}",audio_search,"{""action"": ""search"", ""query"": ""三国历史相关的有声书有哪些？""}",Y,Y,Y,
有声,有声237,audio_search,历史悬疑类有声书有哪些？,audio_search,"{""action"": ""search"", ""query"": ""历史悬疑类有声书有哪些？""}",audio_search,"{""action"": ""search"", ""query"": ""历史悬疑类有声书有哪些？""}",Y,Y,Y,
有声,有声236,audio_search,讲解春秋战国的音频有哪些？,audio_search,"{""action"": ""search"", ""query"": ""讲解春秋战国的音频有哪些？""}",audio_search,"{""action"": ""search"", ""query"": ""讲解春秋战国的音频有哪些？""}",Y,Y,Y,
有声,有声238,audio_search,播放历史人物传记类音频,audio_search,"{""action"": ""play"", ""query"": ""播放历史人物传记类音频""}",audio_search,"{""action"": ""play"", ""query"": ""播放历史人物传记类音频""}",Y,Y,Y,
有声,有声239,audio_search,帮我查找适合孩子听的历史节目,audio_search,"{""action"": ""search"", ""query"": ""帮我查找适合孩子听的历史节目""}",audio_search,"{""action"": ""search"", ""query"": ""帮我查找适合孩子听的历史节目""}",Y,Y,Y,
有声,有声227,audio_search,找点生活类的好节目听听,audio_search,"{""action"": ""play"", ""query"": ""找点生活类的好节目听听""}",vod_search_all,"{""action"": ""search"", ""query"": {""and"": [{""field"": ""category"", ""value"": ""综艺""}, {""field"": ""tag"", ""value"": ""生活""}]}, ""retext"": ""找点生活类的好节目听听""}",N,N,N,"action: gold=""play"" pred=""search""; query: gold=""找点生活类的好节目听听"" pred={""and"": [{""field"": ""category"", ""value"": ""综艺""}, {""field"": ""tag"", ""value"": ""生活""}]}; retext: gold= pred=""找点生活类的好节目听听"""
有声,有声240,audio_search,野史类历史音频给我推荐,audio_search,"{""action"": ""search"", ""query"": ""野史类历史音频给我推荐""}",audio_search,"{""action"": ""search"", ""query"": ""野史类历史音频给我推荐""}",Y,Y,Y,
有声,有声242,audio_search,正史讲解类历史节目有哪些？,audio_search,"{""action"": ""search"", ""query"": ""正史讲解类历史节目有哪些？""}",audio_search,"{""action"": ""search"", ""query"": ""正史讲解类历史节目有哪些？""}",Y,Y,Y,
有声,有声241,audio_search,搜索世界历史相关有声内容,audio_search,"{""action"": ""search"", ""query"": ""搜索世界历史相关有声内容""}",audio_search,"{""action"": ""search"", ""query"": ""搜索世界历史相关有声内容""}",Y,Y,Y,
有声,有声243,audio_search,野史类历史音频有哪些推荐？,audio_search,"{""action"": ""search"", ""query"": ""野史类历史音频有哪些推荐？""}",audio_search,"{""action"": ""search"", ""query"": ""野史类历史音频有哪些推荐？""}",Y,Y,Y,
有声,有声244,audio_search,除了明朝那些事儿，还有哪些明史有声书？,audio_search,"{""action"": ""search"", ""query"": ""除了明朝那些事儿，还有哪些明史有声书？""}",audio_search,"{""action"": ""search"", ""query"": ""除了明朝那些事儿，还有哪些明史有声书？""}",Y,Y,Y,
有声,有声245,audio_search,播放古风类的广播剧,audio_search,"{""action"": ""play"", ""query"": ""播放古风类的广播剧""}",audio_search,"{""action"": ""play"", ""query"": ""播放古风类的广播剧""}",Y,Y,Y,
有声,有声246,audio_search,我想听热门的理财节目,audio_search,"{""action"": ""play"", ""query"": ""我想听热门的理财节目""}",audio_search,"{""action"": ""play"", ""query"": ""我想听热门的理财节目""}",Y,Y,Y,
有声,有声247,audio_search,我想听婚姻家庭相关的节目,audio_search,"{""action"": ""play"", ""query"": ""我想听婚姻家庭相关的节目""}",audio_search,"{""action"": ""play"", ""query"": ""我想听婚姻家庭相关的节目""}",Y,Y,Y,
有声,有声248,audio_search,我听下家庭育儿方面的节目,audio_search,"{""action"": ""play"", ""query"": ""我听下家庭育儿方面的节目""}",audio_search,"{""action"": ""play"", ""query"": ""我听下家庭育儿方面的节目""}",Y,Y,Y,
有声,有声249,audio_search,听健康有关的音频节目,audio_search,"{""action"": ""play"", ""query"": ""听健康有关的音频节目""}",audio_search,"{""action"": ""play"", ""query"": ""听健康有关的音频节目""}",Y,Y,Y,
有声,有声250,audio_search,请听介绍景点的音频节目,audio_search,"{""action"": ""play"", ""query"": ""请听介绍景点的音频节目""}",audio_search,"{""action"": ""play"", ""query"": ""请听介绍景点的音频节目""}",Y,Y,Y,
有声,有声251,audio_search,打开米小圈的广播,audio_search,"{""action"": ""play"", ""query"": ""打开米小圈的广播""}",audio_search,"{""action"": ""play"", ""query"": ""打开米小圈的广播""}",Y,Y,Y,
有声,有声252,audio_search,放点侦探推理类广播剧,audio_search,"{""action"": ""play"", ""query"": ""放点侦探推理类广播剧""}",audio_search,"{""action"": ""play"", ""query"": ""放点侦探推理类广播剧""}",Y,Y,Y,
有声,有声253,audio_search,我要听有趣的恐怖故事,audio_search,"{""action"": ""play"", ""query"": ""我要听有趣的恐怖故事""}",audio_search,"{""action"": ""play"", ""query"": ""我要听有趣的恐怖故事""}",Y,Y,Y,
有声,有声254,audio_search,给我放睡眠养生音频,audio_search,"{""action"": ""play"", ""query"": ""给我放睡眠养生音频""}",audio_search,"{""action"": ""play"", ""query"": ""给我放睡眠养生音频""}",Y,Y,Y,
有声,有声255,audio_search,播放中国古典神话的有声故事,audio_search,"{""action"": ""play"", ""query"": ""播放中国古典神话的有声故事""}",audio_search,"{""action"": ""play"", ""query"": ""播放中国古典神话的有声故事""}",Y,Y,Y,
有声,有声256,audio_search,给我播放长篇评书,audio_search,"{""action"": ""play"", ""query"": ""给我播放长篇评书""}",audio_search,"{""action"": ""play"", ""query"": ""给我播放长篇评书""}",Y,Y,Y,
有声,有声257,audio_search,我想听张震讲故事,audio_search,"{""action"": ""play"", ""query"": ""我想听张震讲故事""}",audio_search,"{""action"": ""play"", ""query"": ""我想听张震讲故事""}",Y,Y,Y,
有声,有声258,audio_search,播放催眠故事,audio_search,"{""action"": ""play"", ""query"": ""播放催眠故事""}",audio_search,"{""action"": ""play"", ""query"": ""播放催眠故事""}",Y,Y,Y,
有声,有声259,audio_search,请播一星期一本书音频,audio_search,"{""action"": ""play"", ""query"": ""请播一星期一本书音频""}",audio_search,"{""action"": ""play"", ""query"": ""请播一星期一本书音频""}",Y,Y,Y,
有声,有声261,audio_search,播放小鹿姐姐讲故事,audio_search,"{""action"": ""play"", ""query"": ""播放小鹿姐姐讲故事""}",educ_fuzzy_search,"{""query"": ""播放小鹿姐姐讲故事""}",N,N,N,"action: gold=""play"" pred="
有声,有声260,audio_search,我要听小猪佩奇有声剧,audio_search,"{""action"": ""play"", ""query"": ""我要听小猪佩奇有声剧""}",audio_search,"{""action"": ""play"", ""query"": ""我要听小猪佩奇有声剧""}",Y,Y,Y,
有声,有声262,audio_search,搜索悬疑惊悚类有声书,audio_search,"{""action"": ""search"", ""query"": ""搜索悬疑惊悚类有声书""}",audio_search,"{""action"": ""search"", ""query"": ""搜索悬疑惊悚类有声书""}",Y,Y,Y,
有声,有声263,audio_search,找点东方玄幻类小说听,audio_search,"{""action"": ""play"", ""query"": ""找点东方玄幻类小说听""}",audio_search,"{""action"": ""play"", ""query"": ""找点东方玄幻类小说听""}",Y,Y,Y,
有声,有声264,audio_search,请给我放傲慢与偏见英文原版音频,audio_search,"{""action"": ""play"", ""query"": ""请给我放傲慢与偏见英文原版音频""}",audio_search,"{""action"": ""play"", ""query"": ""请给我放傲慢与偏见英文原版音频""}",Y,Y,Y,
有声,有声265,audio_search,请播放哈利波特英文原版有声书,audio_search,"{""action"": ""play"", ""query"": ""请播放哈利波特英文原版有声书""}",audio_search,"{""action"": ""play"", ""query"": ""请播放哈利波特英文原版有声书""}",Y,Y,Y,
有声,有声266,audio_search,播放长篇评书,audio_search,"{""action"": ""play"", ""query"": ""播放长篇评书""}",audio_search,"{""action"": ""play"", ""query"": ""播放长篇评书""}",Y,Y,Y,
有声,有声267,audio_search,我想听小马宝莉广播剧,audio_search,"{""action"": ""play"", ""query"": ""我想听小马宝莉广播剧""}",audio_search,"{""action"": ""play"", ""query"": ""我想听小马宝莉广播剧""}",Y,Y,Y,
有声,有声268,audio_search,播放连续广播剧,audio_search,"{""action"": ""play"", ""query"": ""播放连续广播剧""}",audio_search,"{""action"": ""play"", ""query"": ""播放连续广播剧""}",Y,Y,Y,
有声,有声269,audio_search,我想听广播剧第一部,audio_search,"{""action"": ""play"", ""query"": ""我想听广播剧第一部""}",audio_search,"{""action"": ""play"", ""query"": ""我想听广播剧第一部""}",Y,Y,Y,
有声,有声270,audio_search,播放中国近现代历史类音频,audio_search,"{""action"": ""play"", ""query"": ""播放中国近现代历史类音频""}",audio_search,"{""action"": ""play"", ""query"": ""播放中国近现代历史类音频""}",Y,Y,Y,
有声,有声272,audio_search,播放古诗词音频,audio_search,"{""action"": ""play"", ""query"": ""播放古诗词音频""}",audio_search,"{""action"": ""play"", ""query"": ""播放古诗词音频""}",Y,Y,Y,
有声,有声271,audio_search,我要收听中医养生类节目,audio_search,"{""action"": ""play"", ""query"": ""我要收听中医养生类节目""}",audio_search,"{""action"": ""play"", ""query"": ""我要收听中医养生类节目""}",Y,Y,Y,
有声,有声274,audio_search,播放有声书节目,audio_search,"{""action"": ""play"", ""query"": ""播放有声书节目""}",audio_search,"{""action"": ""play"", ""query"": ""播放有声书节目""}",Y,Y,Y,
有声,有声273,audio_search,播放三国演义儿童广播剧,audio_search,"{""action"": ""play"", ""query"": ""播放三国演义儿童广播剧""}",audio_search,"{""action"": ""play"", ""query"": ""播放三国演义儿童广播剧""}",Y,Y,Y,
有声,有声275,audio_search,打开个人成长情感有声书,audio_search,"{""action"": ""play"", ""query"": ""打开个人成长情感有声书""}",audio_search,"{""action"": ""play"", ""query"": ""打开个人成长情感有声书""}",Y,Y,Y,
有声,有声276,audio_search,让我听刑侦破案广播剧,audio_search,"{""action"": ""play"", ""query"": ""让我听刑侦破案广播剧""}",audio_search,"{""action"": ""play"", ""query"": ""让我听刑侦破案广播剧""}",Y,Y,Y,
有声,有声278,audio_search,免费听玄幻争霸类有声小说,audio_search,"{""action"": ""play"", ""query"": ""免费听玄幻争霸类有声小说""}",audio_search,"{""action"": ""play"", ""query"": ""免费听玄幻争霸类有声小说""}",Y,Y,Y,
有声,有声279,audio_search,放点古代宫廷题材的有声书,audio_search,"{""action"": ""play"", ""query"": ""放点古代宫廷题材的有声书""}",audio_search,"{""action"": ""play"", ""query"": ""放点古代宫廷题材的有声书""}",Y,Y,Y,
有声,有声280,audio_search,搜索民间故事类有声音频,audio_search,"{""action"": ""search"", ""query"": ""搜索民间故事类有声音频""}",audio_search,"{""action"": ""search"", ""query"": ""搜索民间故事类有声音频""}",Y,Y,Y,
有声,有声281,audio_search,我要听历史演义类评书,audio_search,"{""action"": ""play"", ""query"": ""我要听历史演义类评书""}",audio_search,"{""action"": ""play"", ""query"": ""我要听历史演义类评书""}",Y,Y,Y,
有声,有声282,audio_search,播放中国古代名著有声版,audio_search,"{""action"": ""play"", ""query"": ""播放中国古代名著有声版""}",audio_search,"{""action"": ""play"", ""query"": ""播放中国古代名著有声版""}",Y,Y,Y,
有声,有声283,audio_search,我想听近现代历史题材的广播剧,audio_search,"{""action"": ""play"", ""query"": ""我想听近现代历史题材的广播剧""}",audio_search,"{""action"": ""play"", ""query"": ""我想听近现代历史题材的广播剧""}",Y,Y,Y,
有声,有声284,audio_search,调到恐怖惊悚类有声书音频,audio_search,"{""action"": ""play"", ""query"": ""调到恐怖惊悚类有声书音频""}",audio_search,"{""action"": ""play"", ""query"": ""调到恐怖惊悚类有声书音频""}",Y,Y,Y,
有声,有声285,audio_search,播放今晚九点半FM,audio_search,"{""action"": ""play"", ""query"": ""播放今晚九点半FM""}",audio_search,"{""action"": ""play"", ""query"": ""播放今晚九点半FM""}",Y,Y,Y,
有声,有声286,audio_search,切到官场权谋类有声书音频,audio_search,"{""action"": ""play"", ""query"": ""切到官场权谋类有声书音频""}",audio_search,"{""action"": ""play"", ""query"": ""切到官场权谋类有声书音频""}",Y,Y,Y,
有声,有声287,audio_search,找军事谋略类有声节目,audio_search,"{""action"": ""search"", ""query"": ""找军事谋略类有声节目""}",audio_search,"{""action"": ""search"", ""query"": ""找军事谋略类有声节目""}",Y,Y,Y,
有声,有声288,audio_search,张震讲故事之鬼鲸泥鳅,audio_search,,audio_search,"{""query"": ""播放张震讲故事之鬼鲸泥鳅""}",Y,Y,Y,
有声,有声291,audio_search,听个有趣的故事吧,audio_search,"{""action"": ""play"", ""query"": ""听个有趣的故事吧""}",audio_search,"{""action"": ""play"", ""query"": ""听个有趣的故事吧""}",Y,Y,Y,
有声,有声293,audio_search,搜索情感治愈类广播剧,audio_search,"{""action"": ""search"", ""query"": ""搜索情感治愈类广播剧""}",audio_search,"{""action"": ""search"", ""query"": ""搜索情感治愈类广播剧""}",Y,Y,Y,
有声,有声294,audio_search,播放动漫原声广播剧,audio_search,"{""action"": ""play"", ""query"": ""播放动漫原声广播剧""}",audio_search,"{""action"": ""play"", ""query"": ""播放动漫原声广播剧""}",Y,Y,Y,
有声,有声296,audio_search,请给我播放情绪管理有声内容,audio_search,"{""action"": ""play"", ""query"": ""请给我播放情绪管理有声内容""}",audio_search,"{""action"": ""play"", ""query"": ""请给我播放情绪管理有声内容""}",Y,Y,Y,
有声,有声295,audio_search,找一下民国言情类广播剧,audio_search,"{""action"": ""search"", ""query"": ""找一下民国言情类广播剧""}",audio_search,"{""action"": ""search"", ""query"": ""找一下民国言情类广播剧""}",Y,Y,Y,
有声,有声289,audio_search,播放科技节目,audio_search,"{""action"": ""play"", ""query"": ""播放科技节目""}",vod_search,"{""action"": ""play"", ""query"": {""field"": ""category"", ""value"": ""综艺""}, ""retext"": ""播放科技节目""}",N,N,N,"query: gold=""播放科技节目"" pred={""field"": ""category"", ""value"": ""综艺""}; retext: gold= pred=""播放科技节目"""
有声,有声290,audio_search,播放0到3岁看的节目,audio_search,"{""action"": ""play"", ""query"": ""播放0到3岁看的节目""}",educ_search,"{""query"": {""field"": ""age_range"", ""from"": 0, ""to"": 3}, ""retext"": ""播放0到3岁看的节目""}",N,N,N,"action: gold=""play"" pred=; query: gold=""播放0到3岁看的节目"" pred={""field"": ""age_range"", ""from"": 0, ""to"": 3}; retext: gold= pred=""播放0到3岁看的节目"""
有声,有声297,audio_search,播放健康养生知识音频,audio_search,"{""action"": ""play"", ""query"": ""播放健康养生知识音频""}",audio_search,"{""action"": ""play"", ""query"": ""播放健康养生知识音频""}",Y,Y,Y,
有声,有声292,audio_search,播放百科故事装在口袋里的爸爸,audio_search,"{""action"": ""play"", ""query"": ""播放百科故事装在口袋里的爸爸""}",educ_search,"{""query"": {""field"": ""children_second_genre"", ""value"": ""故事""}, ""retext"": ""播放百科故事装在口袋里的爸爸""}",N,N,N,"action: gold=""play"" pred=; query: gold=""播放百科故事装在口袋里的爸爸"" pred={""field"": ""children_second_genre"", ""value"": ""故事""}; retext: gold= pred=""播放百科故事装在口袋里的爸爸"""
有声,有声298,audio_search,搜索家庭伦理类有声小说,audio_search,"{""action"": ""search"", ""query"": ""搜索家庭伦理类有声小说""}",audio_search,"{""action"": ""search"", ""query"": ""搜索家庭伦理类有声小说""}",Y,Y,Y,
有声,有声299,audio_search,我要听社会职场类有声内容,audio_search,"{""action"": ""play"", ""query"": ""我要听社会职场类有声内容""}",audio_search,"{""action"": ""play"", ""query"": ""我要听社会职场类有声内容""}",Y,Y,Y,
有声,有声300,audio_search,听一下轻松幽默类相声节目,audio_search,"{""action"": ""play"", ""query"": ""听一下轻松幽默类相声节目""}",audio_search,"{""action"": ""play"", ""query"": ""听一下轻松幽默类相声节目""}",Y,Y,Y,
有声,有声301,audio_search,帮我找国学经典的有声读物,audio_search,"{""action"": ""search"", ""query"": ""帮我找国学经典的有声读物""}",audio_search,"{""action"": ""search"", ""query"": ""帮我找国学经典的有声读物""}",Y,Y,Y,
有声,有声302,audio_search,播放科技电台节目,audio_search,"{""action"": ""play"", ""query"": ""播放科技电台节目""}",audio_search,"{""action"": ""play"", ""query"": ""播放科技电台节目""}",Y,Y,Y,
有声,有声303,audio_search,播放古风仙侠类广播剧,audio_search,"{""action"": ""play"", ""query"": ""播放古风仙侠类广播剧""}",audio_search,"{""action"": ""play"", ""query"": ""播放古风仙侠类广播剧""}",Y,Y,Y,
有声,有声305,audio_search,我想听传统曲艺类节目,audio_search,"{""action"": ""play"", ""query"": ""我想听传统曲艺类节目""}",audio_search,"{""action"": ""play"", ""query"": ""我想听传统曲艺类节目""}",Y,Y,Y,
有声,有声306,audio_search,播放心理科普类有声音频,audio_search,"{""action"": ""play"", ""query"": ""播放心理科普类有声音频""}",audio_search,"{""action"": ""play"", ""query"": ""播放心理科普类有声音频""}",Y,Y,Y,
有声,有声307,audio_search,找一下都市爱情类广播剧,audio_search,"{""action"": ""search"", ""query"": ""找一下都市爱情类广播剧""}",audio_search,"{""action"": ""search"", ""query"": ""找一下都市爱情类广播剧""}",Y,Y,Y,
有声,有声308,audio_search,切到古代传奇评书音频,audio_search,"{""action"": ""play"", ""query"": ""切到古代传奇评书音频""}",audio_search,"{""action"": ""play"", ""query"": ""切到古代传奇评书音频""}",Y,Y,Y,
有声,有声309,audio_search,请播放儿童国学启蒙音频,audio_search,"{""action"": ""play"", ""query"": ""请播放儿童国学启蒙音频""}",audio_search,"{""action"": ""play"", ""query"": ""请播放儿童国学启蒙音频""}",Y,Y,Y,
有声,有声310,audio_search,打开欧美原版英文有声书,audio_search,"{""action"": ""play"", ""query"": ""打开欧美原版英文有声书""}",audio_search,"{""action"": ""play"", ""query"": ""打开欧美原版英文有声书""}",Y,Y,Y,
有声,有声311,audio_search,搜索历史人物传记音频,audio_search,"{""action"": ""search"", ""query"": ""搜索历史人物传记音频""}",audio_search,"{""action"": ""search"", ""query"": ""搜索历史人物传记音频""}",Y,Y,Y,
有声,有声313,audio_search,看广播剧啊,audio_search,"{""action"": ""play"", ""query"": ""看广播剧啊""}",audio_search,"{""action"": ""play"", ""query"": ""看广播剧啊""}",Y,Y,Y,
有声,有声312,audio_search,帮我播放商业财经类有声节目,audio_search,"{""action"": ""play"", ""query"": ""帮我播放商业财经类有声节目""}",audio_search,"{""action"": ""play"", ""query"": ""帮我播放商业财经类有声节目""}",Y,Y,Y,
有声,有声314,audio_search,我要听小说热播榜,audio_search,"{""action"": ""play"", ""query"": ""我要听小说热播榜""}",audio_search,"{""action"": ""play"", ""query"": ""我要听小说热播榜""}",Y,Y,Y,
有声,有声316,audio_search,看看今天的有声书飙升榜,audio_search,"{""action"": ""search"", ""query"": ""看看今天的有声书飙升榜""}",audio_search,"{""action"": ""search"", ""query"": ""看看今天的有声书飙升榜""}",Y,Y,Y,
有声,有声315,audio_search,播放热门有声书排行榜第一名,audio_search,"{""action"": ""play"", ""query"": ""播放热门有声书排行榜第一名""}",audio_search,"{""action"": ""play"", ""query"": ""播放热门有声书排行榜第一名""}",Y,Y,Y,
有声,有声319,audio_search,这个月最火的悬疑有声书是什么,audio_search,"{""action"": ""search"", ""query"": ""这个月最火的悬疑有声书是什么""}",audio_search,"{""action"": ""search"", ""query"": ""这个月最火的悬疑有声书是什么""}",Y,Y,Y,
有声,有声304,audio_search,帮我搜灵异悬疑类故事,audio_search,"{""action"": ""search"", ""query"": ""帮我搜灵异悬疑类故事""}",vod_search,"{""action"": ""search"", ""query"": {""and"": [{""field"": ""tag"", ""value"": ""灵异""}, {""field"": ""tag"", ""value"": ""悬疑""}]}, ""retext"": ""帮我搜灵异悬疑类故事""}",N,N,N,"query: gold=""帮我搜灵异悬疑类故事"" pred={""and"": [{""field"": ""tag"", ""value"": ""悬疑""}, {""field"": ""tag"", ""value"": ""灵异""}]}; retext: gold= pred=""帮我搜灵异悬疑类故事"""
有声,有声323,audio_search,我要听有声巅峰榜的节目,audio_search,"{""action"": ""play"", ""query"": ""我要听有声巅峰榜的节目""}",audio_search,"{""action"": ""play"", ""query"": ""我要听有声巅峰榜的节目""}",Y,Y,Y,
有声,有声322,audio_search,我想听相声评书新品榜的音频,audio_search,"{""action"": ""play"", ""query"": ""我想听相声评书新品榜的音频""}",audio_search,"{""action"": ""play"", ""query"": ""我想听相声评书新品榜的音频""}",Y,Y,Y,
有声,有声321,audio_search,搜索今天的有声书新品榜前三的内容,audio_search,"{""action"": ""search"", ""query"": ""搜索今天的有声书新品榜前三的内容""}",audio_search,"{""action"": ""search"", ""query"": ""搜索今天的有声书新品榜前三的内容""}",Y,Y,Y,
有声,有声324,audio_search,搜索热点新品榜第一的音频,audio_search,"{""action"": ""search"", ""query"": ""搜索热点新品榜第一的音频""}",audio_search,"{""action"": ""search"", ""query"": ""搜索热点新品榜第一的音频""}",Y,Y,Y,
有声,有声325,audio_search,查找有声剧场榜最火的广播剧,audio_search,"{""action"": ""search"", ""query"": ""查找有声剧场榜最火的广播剧""}",audio_search,"{""action"": ""search"", ""query"": ""查找有声剧场榜最火的广播剧""}",Y,Y,Y,
有声,有声327,audio_search,我要听完结榜上的小说,audio_search,"{""action"": ""play"", ""query"": ""我要听完结榜上的小说""}",audio_search,"{""action"": ""play"", ""query"": ""我要听完结榜上的小说""}",Y,Y,Y,
有声,有声328,audio_search,听听健康生活榜的节目,audio_search,"{""action"": ""play"", ""query"": ""听听健康生活榜的节目""}",audio_search,"{""action"": ""play"", ""query"": ""听听健康生活榜的节目""}",Y,Y,Y,
有声,有声326,audio_search,我要找限时免费榜的音频,audio_search,"{""action"": ""search"", ""query"": ""我要找限时免费榜的音频""}",audio_search,"{""action"": ""search"", ""query"": ""我要找限时免费榜的音频""}",Y,Y,Y,
有声,有声277,audio_search,收听耽美原著改编广播剧,audio_search,"{""action"": ""play"", ""query"": ""收听耽美原著改编广播剧""}",fan_knowledge_agent,"{""messages"": [{""content"": ""收听耽美原著改编广播剧"", ""role"": ""user""}], ""need_media"": true, ""riskRespStrategy"": ""all_replace"", ""sceneType"": ""video""}",N,N,N,"action: gold=""play"" pred=; messages: gold= pred=[{""content"": ""收听耽美原著改编广播剧"", ""role"": ""user""}]; need_media: gold= pred=true; query: gold=""收听耽美原著改编广播剧"" pred=; riskRespStrategy: gold= pred=""all_replace""; sceneType: gold= pred=""video"""
有声,有声329,audio_search,搜一下近期有声书热播榜前五名,audio_search,"{""action"": ""search"", ""query"": ""搜一下近期有声书热播榜前五名""}",audio_search,"{""action"": ""search"", ""query"": ""搜一下近期有声书热播榜前五名""}",Y,Y,Y,
有声,有声330,audio_search,帮我找本周口碑最好的悬疑广播剧,audio_search,"{""action"": ""search"", ""query"": ""帮我找本周口碑最好的悬疑广播剧""}",audio_search,"{""action"": ""search"", ""query"": ""帮我找本周口碑最好的悬疑广播剧""}",Y,Y,Y,
有声,有声333,audio_search,放一下月度最受欢迎有声书排行,audio_search,"{""action"": ""play"", ""query"": ""放一下月度最受欢迎有声书排行""}",audio_search,"{""action"": ""play"", ""query"": ""放一下月度最受欢迎有声书排行""}",Y,Y,Y,
有声,有声331,audio_search,给我播放今日热播榜第一的有声书,audio_search,"{""action"": ""play"", ""query"": ""给我播放今日热播榜第一的有声书""}",audio_search,"{""action"": ""play"", ""query"": ""给我播放今日热播榜第一的有声书""}",Y,Y,Y,
有声,有声332,audio_search,我想听有声书周榜排名前三的内容,audio_search,"{""action"": ""play"", ""query"": ""我想听有声书周榜排名前三的内容""}",audio_search,"{""action"": ""play"", ""query"": ""我想听有声书周榜排名前三的内容""}",Y,Y,Y,
有声,有声334,audio_search,搜一下好评榜上的悬疑小说,audio_search,"{""action"": ""search"", ""query"": ""搜一下好评榜上的悬疑小说""}",audio_search,"{""action"": ""search"", ""query"": ""搜一下好评榜上的悬疑小说""}",Y,Y,Y,
有声,有声335,audio_search,帮我找近期飙升榜的玄幻小说,audio_search,"{""action"": ""search"", ""query"": ""帮我找近期飙升榜的玄幻小说""}",audio_search,"{""action"": ""search"", ""query"": ""帮我找近期飙升榜的玄幻小说""}",Y,Y,Y,
有声,有声336,audio_search,我要听新书榜推荐的言情有声书,audio_search,"{""action"": ""play"", ""query"": ""我要听新书榜推荐的言情有声书""}",audio_search,"{""action"": ""play"", ""query"": ""我要听新书榜推荐的言情有声书""}",Y,Y,Y,
有声,有声337,audio_search,播放男生最爱听的畅销有声书,audio_search,"{""action"": ""play"", ""query"": ""播放男生最爱听的畅销有声书""}",audio_search,"{""action"": ""play"", ""query"": ""播放男生最爱听的畅销有声书""}",Y,Y,Y,
有声,有声339,audio_search,帮我搜当前热门的有声书榜单,audio_search,"{""action"": ""search"", ""query"": ""帮我搜当前热门的有声书榜单""}",audio_search,"{""action"": ""search"", ""query"": ""帮我搜当前热门的有声书榜单""}",Y,Y,Y,
有声,有声338,audio_search,找女生最爱的口碑榜有声书,audio_search,"{""action"": ""search"", ""query"": ""找女生最爱的口碑榜有声书""}",audio_search,"{""action"": ""search"", ""query"": ""找女生最爱的口碑榜有声书""}",Y,Y,Y,
有声,有声317,audio_search,我想听口碑榜评分高的内容,audio_search,"{""action"": ""play"", ""query"": ""我想听口碑榜评分高的内容""}",vod_fuzzy_search,"{""query"": ""我想听口碑榜评分高的内容""}",N,N,N,"action: gold=""play"" pred="
有声,有声340,audio_search,放一下儿童故事人气榜前五的内容,audio_search,"{""action"": ""play"", ""query"": ""放一下儿童故事人气榜前五的内容""}",audio_search,"{""action"": ""play"", ""query"": ""放一下儿童故事人气榜前五的内容""}",Y,Y,Y,
有声,有声341,audio_search,我要听本周新上线的推荐有声书,audio_search,"{""action"": ""play"", ""query"": ""我要听本周新上线的推荐有声书""}",audio_search,"{""action"": ""play"", ""query"": ""我要听本周新上线的推荐有声书""}",Y,Y,Y,
有声,有声343,audio_search,播放有声读物月度销量冠军,audio_search,"{""action"": ""play"", ""query"": ""播放有声读物月度销量冠军""}",audio_search,"{""action"": ""play"", ""query"": ""播放有声读物月度销量冠军""}",Y,Y,Y,
有声,有声342,audio_search,搜索喜马拉雅热门榜前十的小说,audio_search,"{""action"": ""search"", ""query"": ""搜索喜马拉雅热门榜前十的小说""}",audio_search,"{""action"": ""search"", ""query"": ""搜索喜马拉雅热门榜前十的小说""}",Y,Y,Y,
有声,有声344,audio_search,帮我找最受好评的历史评书,audio_search,"{""action"": ""search"", ""query"": ""帮我找最受好评的历史评书""}",audio_search,"{""action"": ""search"", ""query"": ""帮我找最受好评的历史评书""}",Y,Y,Y,
有声,有声345,audio_search,我想听当月最多人收听的广播剧,audio_search,"{""action"": ""play"", ""query"": ""我想听当月最多人收听的广播剧""}",audio_search,"{""action"": ""play"", ""query"": ""我想听当月最多人收听的广播剧""}",Y,Y,Y,
有声,有声346,audio_search,找本年度最受欢迎的有声书,audio_search,"{""action"": ""search"", ""query"": ""找本年度最受欢迎的有声书""}",audio_search,"{""action"": ""search"", ""query"": ""找本年度最受欢迎的有声书""}",Y,Y,Y,
有声,有声348,audio_search,我要听近期最多人追更的小说,audio_search,"{""action"": ""play"", ""query"": ""我要听近期最多人追更的小说""}",audio_search,"{""action"": ""play"", ""query"": ""我要听近期最多人追更的小说""}",Y,Y,Y,
有声,有声347,audio_search,搜索今年口碑最好的玄幻有声书,audio_search,"{""action"": ""search"", ""query"": ""搜索今年口碑最好的玄幻有声书""}",audio_search,"{""action"": ""search"", ""query"": ""搜索今年口碑最好的玄幻有声书""}",Y,Y,Y,
有声,有声349,audio_search,帮我找播放量最高的儿童故事,audio_search,"{""action"": ""search"", ""query"": ""帮我找播放量最高的儿童故事""}",audio_search,"{""action"": ""search"", ""query"": ""帮我找播放量最高的儿童故事""}",Y,Y,Y,
有声,有声350,audio_search,放本季最火的情感广播剧,audio_search,"{""action"": ""play"", ""query"": ""放本季最火的情感广播剧""}",audio_search,"{""action"": ""play"", ""query"": ""放本季最火的情感广播剧""}",Y,Y,Y,
有声,有声351,audio_search,我想听近期最热的国风广播剧,audio_search,"{""action"": ""play"", ""query"": ""我想听近期最热的国风广播剧""}",audio_search,"{""action"": ""play"", ""query"": ""我想听近期最热的国风广播剧""}",Y,Y,Y,
有声,有声318,audio_search,放一下完本排行榜上的作品,audio_search,"{""action"": ""play"", ""query"": ""放一下完本排行榜上的作品""}",vod_fuzzy_search,"{""query"": ""放一下完本排行榜上的作品""}",N,N,N,"action: gold=""play"" pred="
有声,有声352,audio_search,搜今日上新排行最高的有声书,audio_search,"{""action"": ""search"", ""query"": ""搜今日上新排行最高的有声书""}",audio_search,"{""action"": ""search"", ""query"": ""搜今日上新排行最高的有声书""}",Y,Y,Y,
有声,有声320,audio_search,看看新品榜有什么好听的新书,audio_search,"{""action"": ""search"", ""query"": ""看看新品榜有什么好听的新书""}",fan_knowledge_agent,"{""messages"": [{""content"": ""看看新品榜有什么好听的新书"", ""role"": ""user""}], ""need_media"": false, ""riskRespStrategy"": ""all_replace"", ""sceneType"": ""knowledge_qa""}",N,N,N,"action: gold=""search"" pred=; messages: gold= pred=[{""content"": ""看看新品榜有什么好听的新书"", ""role"": ""user""}]; need_media: gold= pred=; query: gold=""看看新品榜有什么好听的新书"" pred=; riskRespStrategy: gold= pred=""all_replace""; sceneType: gold= pred=""knowledge_qa"""
有声,有声353,audio_search,帮我找用户评分最高的推理小说,audio_search,"{""action"": ""search"", ""query"": ""帮我找用户评分最高的推理小说""}",audio_search,"{""action"": ""search"", ""query"": ""帮我找用户评分最高的推理小说""}",Y,Y,Y,
有声,有声354,audio_search,我要听最近收听人数最多的历史类有声书,audio_search,"{""action"": ""play"", ""query"": ""我要听最近收听人数最多的历史类有声书""}",audio_search,"{""action"": ""play"", ""query"": ""我要听最近收听人数最多的历史类有声书""}",Y,Y,Y,
有声,有声356,audio_search,找喜马拉雅近期完结有声书排行,audio_search,"{""action"": ""search"", ""query"": ""找喜马拉雅近期完结有声书排行""}",audio_search,"{""action"": ""search"", ""query"": ""找喜马拉雅近期完结有声书排行""}",Y,Y,Y,
有声,有声355,audio_search,放榜单上评分超9分的现代小说,audio_search,"{""action"": ""play"", ""query"": ""放榜单上评分超9分的现代小说""}",audio_search,"{""action"": ""play"", ""query"": ""放榜单上评分超9分的现代小说""}",Y,Y,Y,
有声,有声357,audio_search,我想听播放量破亿的经典有声书,audio_search,"{""action"": ""play"", ""query"": ""我想听播放量破亿的经典有声书""}",audio_search,"{""action"": ""play"", ""query"": ""我想听播放量破亿的经典有声书""}",Y,Y,Y,
有声,有声359,audio_search,我要听金庸的小说,audio_search,"{""action"": ""play"", ""query"": ""我要听金庸的小说""}",audio_search,"{""action"": ""play"", ""query"": ""我要听金庸的小说""}",Y,Y,Y,
有声,有声358,audio_search,帮我找口碑榜上的职场类有声节目,audio_search,"{""action"": ""search"", ""query"": ""帮我找口碑榜上的职场类有声节目""}",audio_search,"{""action"": ""search"", ""query"": ""帮我找口碑榜上的职场类有声节目""}",Y,Y,Y,
有声,有声361,audio_search,找找马伯庸作品的有声版,audio_search,"{""action"": ""search"", ""query"": ""找找马伯庸作品的有声版""}",audio_search,"{""action"": ""search"", ""query"": ""找找马伯庸作品的有声版""}",Y,Y,Y,
有声,有声364,audio_search,放东野圭吾的悬疑小说,audio_search,"{""action"": ""play"", ""query"": ""放东野圭吾的悬疑小说""}",audio_search,"{""action"": ""play"", ""query"": ""放东野圭吾的悬疑小说""}",Y,Y,Y,
有声,有声365,audio_search,搜索余华的有声读物,audio_search,"{""action"": ""search"", ""query"": ""搜索余华的有声读物""}",audio_search,"{""action"": ""search"", ""query"": ""搜索余华的有声读物""}",Y,Y,Y,
有声,有声366,audio_search,我想听马伯庸的小说,audio_search,"{""action"": ""play"", ""query"": ""我想听马伯庸的小说""}",audio_search,"{""action"": ""play"", ""query"": ""我想听马伯庸的小说""}",Y,Y,Y,
有声,有声368,audio_search,我想找紫金陈的文学作品来听,audio_search,"{""action"": ""play"", ""query"": ""我想找紫金陈的文学作品来听""}",audio_search,"{""action"": ""play"", ""query"": ""我想找紫金陈的文学作品来听""}",Y,Y,Y,
有声,有声367,audio_search,我要听天下霸唱写的全部故事,audio_search,"{""action"": ""play"", ""query"": ""我要听天下霸唱写的全部故事""}",audio_search,"{""action"": ""play"", ""query"": ""我要听天下霸唱写的全部故事""}",Y,Y,Y,
有声,有声363,audio_search,我要听莫言写的作品,audio_search,"{""action"": ""play"", ""query"": ""我要听莫言写的作品""}",vod_search_all,"{""action"": ""search"", ""query"": {""field"": ""writer"", ""value"": ""莫言""}, ""retext"": ""我要听莫言写的作品""}",N,N,N,"action: gold=""play"" pred=""search""; query: gold=""我要听莫言写的作品"" pred={""field"": ""writer"", ""value"": ""莫言""}; retext: gold= pred=""我要听莫言写的作品"""
有声,有声370,audio_search,有没有郑渊洁的童话有声书？,audio_search,"{""action"": ""search"", ""query"": ""有没有郑渊洁的童话有声书？""}",audio_search,"{""action"": ""search"", ""query"": ""有没有郑渊洁的童话有声书？""}",Y,Y,Y,
有声,有声369,audio_search,给我放Priest的所有广播剧或小说,audio_search,"{""action"": ""play"", ""query"": ""给我放Priest的所有广播剧或小说""}",audio_search,"{""action"": ""play"", ""query"": ""给我放Priest的所有广播剧或小说""}",Y,Y,Y,
有声,有声360,audio_search,我想听刘慈欣写的所有有声书,audio_search,"{""action"": ""play"", ""query"": ""我想听刘慈欣写的所有有声书""}",fan_knowledge_agent,"{""messages"": [{""content"": ""我想听刘慈欣写的所有有声书"", ""role"": ""user""}], ""need_media"": true, ""riskRespStrategy"": ""all_replace"", ""sceneType"": ""audio_qa""}",N,N,N,"action: gold=""play"" pred=; messages: gold= pred=[{""content"": ""我想听刘慈欣写的所有有声书"", ""role"": ""user""}]; need_media: gold= pred=true; query: gold=""我想听刘慈欣写的所有有声书"" pred=; riskRespStrategy: gold= pred=""all_replace""; sceneType: gold= pred=""audio_qa"""
有声,有声362,audio_search,搜一下南派三叔写的所有有声书,audio_search,"{""action"": ""search"", ""query"": ""搜一下南派三叔写的所有有声书""}",fan_knowledge_agent,"{""messages"": [{""content"": ""搜一下南派三叔写的所有有声书"", ""role"": ""user""}], ""need_media"": true, ""riskRespStrategy"": ""all_replace"", ""sceneType"": ""audio_qa""}",N,N,N,"action: gold=""search"" pred=; messages: gold= pred=[{""content"": ""搜一下南派三叔写的所有有声书"", ""role"": ""user""}]; need_media: gold= pred=true; query: gold=""搜一下南派三叔写的所有有声书"" pred=; riskRespStrategy: gold= pred=""all_replace""; sceneType: gold= pred=""audio_qa"""
