源行,业务域,query,意图,亮gold,亮gold参,亮pred,亮pred参,亮tool,亮param,亮both,亮diff,息gold,息gold参,息pred,息pred参,息tool,息param,息both,息diff,err
8,影视,《我是歌手》最新一期什么时候播？,影视问答,fan_knowledge_agent,,music_song_search,"{""ip"": [""我是歌手""], ""retext"": ""《我是歌手》最新一期什么时候播？""}",N,Y,N,,fan_knowledge_agent,,vod_fuzzy_search,"{""query"": ""《我是歌手》最新一期什么时候播？""}",N,Y,N,,
9,影视,《漫长的季节》讲了什么？,影视问答,fan_knowledge_agent,,fan_knowledge_agent,"{""messages"": [{""content"": ""《漫长的季节》讲了什么？"", ""role"": ""user""}], ""need_media"": false, ""riskRespStrategy"": ""all_replace"", ""sceneType"": ""knowledge_qa""}",Y,Y,Y,,fan_knowledge_agent,,fan_knowledge_agent,"{""messages"": [{""content"": ""《漫长的季节》讲了什么？"", ""role"": ""user""}], ""need_media"": false, ""riskRespStrategy"": ""all_replace"", ""sceneType"": ""knowledge_qa""}",Y,Y,Y,,
2,影视,辛芷蕾凭借哪部影片获得了威尼斯影后,影视问答,fan_knowledge_agent,,fan_knowledge_agent,"{""messages"": [{""content"": ""辛芷蕾凭借哪部影片获得了威尼斯影后"", ""role"": ""user""}], ""need_media"": true, ""riskRespStrategy"": ""all_replace"", ""sceneType"": ""video""}",Y,Y,Y,,fan_knowledge_agent,,fan_knowledge_agent,"{""messages"": [{""content"": ""辛芷蕾凭借哪部影片获得了威尼斯影后"", ""role"": ""user""}], ""need_media"": true, ""riskRespStrategy"": ""all_replace"", ""sceneType"": ""video""}",Y,Y,Y,,
4,影视,甄嬛传沈眉庄扮演者是谁,影视问答,fan_knowledge_agent,,fan_knowledge_agent,"{""messages"": [{""content"": ""甄嬛传沈眉庄扮演者是谁"", ""role"": ""user""}], ""need_media"": true, ""riskRespStrategy"": ""all_replace"", ""sceneType"": ""video""}",Y,Y,Y,,fan_knowledge_agent,,fan_knowledge_agent,"{""messages"": [{""content"": ""甄嬛传沈眉庄扮演者是谁"", ""role"": ""user""}], ""need_media"": true, ""riskRespStrategy"": ""all_replace"", ""sceneType"": ""video""}",Y,Y,Y,,
5,影视,根据张桂梅真实事迹改编的电视剧,影视问答,fan_knowledge_agent,,vod_fuzzy_search,"{""query"": ""根据张桂梅真实事迹改编的电视剧""}",N,Y,N,,fan_knowledge_agent,,fan_knowledge_agent,"{""messages"": [{""content"": ""根据张桂梅真实事迹改编的电视剧"", ""role"": ""user""}], ""need_media"": true, ""riskRespStrategy"": ""all_replace"", ""sceneType"": ""video""}",Y,Y,Y,,
6,影视,《甄嬛传》演员表,影视问答,fan_knowledge_agent,,fan_knowledge_agent,"{""messages"": [{""content"": ""《甄嬛传》演员表"", ""role"": ""user""}], ""need_media"": true, ""riskRespStrategy"": ""all_replace"", ""sceneType"": ""video""}",Y,Y,Y,,fan_knowledge_agent,,fan_knowledge_agent,"{""messages"": [{""content"": ""《甄嬛传》演员表"", ""role"": ""user""}], ""need_media"": true, ""riskRespStrategy"": ""all_replace"", ""sceneType"": ""video""}",Y,Y,Y,,
3,影视,中国香港票房最高的影片是哪部,影视问答,fan_knowledge_agent,,fan_knowledge_agent,"{""messages"": [{""content"": ""中国香港票房最高的影片是哪部"", ""role"": ""user""}], ""need_media"": true, ""riskRespStrategy"": ""all_replace"", ""sceneType"": ""video""}",Y,Y,Y,,fan_knowledge_agent,,fan_knowledge_agent,"{""messages"": [{""content"": ""中国香港票房最高的影片是哪部"", ""role"": ""user""}], ""need_media"": true, ""riskRespStrategy"": ""all_replace"", ""sceneType"": ""video""}",Y,Y,Y,,
7,影视,《再见爱人第五季》有哪些值得关注的短评？,影视问答,fan_knowledge_agent,,fan_knowledge_agent,"{""messages"": [{""content"": ""《再见爱人第五季》有哪些值得关注的短评？"", ""role"": ""user""}], ""need_media"": false, ""riskRespStrategy"": ""all_replace"", ""sceneType"": ""knowledge_qa""}",Y,Y,Y,,fan_knowledge_agent,,fan_knowledge_agent,"{""messages"": [{""content"": ""《再见爱人第五季》有哪些值得关注的短评？"", ""role"": ""user""}], ""need_media"": false, ""riskRespStrategy"": ""all_replace"", ""sceneType"": ""knowledge_qa""}",Y,Y,Y,,
11,影视,我要看高启强认干爹那个片段,搜索影视切片,vod_fuzzy_search,"{""query"": ""我要看高启强认干爹那个片段""}",vod_fuzzy_search,"{""query"": ""我要看高启强认干爹那个片段""}",Y,Y,Y,,fan_knowledge_agent,,fan_knowledge_agent,"{""messages"": [{""content"": ""我要看高启强认干爹那个片段"", ""role"": ""user""}], ""need_media"": true, ""riskRespStrategy"": ""all_replace"", ""sceneType"": ""knowledge_qa""}",Y,Y,Y,,
12,影视,甄嬛在倚梅园许愿那个片段,搜索影视切片,vod_fuzzy_search,"{""query"": ""甄嬛在倚梅园许愿那个片段""}",vod_fuzzy_search,"{""query"": ""甄嬛在倚梅园许愿那个片段""}",Y,Y,Y,,fan_knowledge_agent,,fan_knowledge_agent,"{""messages"": [{""content"": ""甄嬛在倚梅园许愿那个片段"", ""role"": ""user""}], ""need_media"": false, ""riskRespStrategy"": ""all_replace"", ""sceneType"": ""knowledge_qa""}",Y,Y,Y,,
14,影视,祁同伟吞枪自尽那个片段,搜索影视切片,vod_fuzzy_search,"{""query"": ""祁同伟吞枪自尽那个片段""}",vod_fuzzy_search,"{""query"": ""祁同伟吞枪自尽那个片段""}",Y,Y,Y,,fan_knowledge_agent,,fan_knowledge_agent,"{""messages"": [{""content"": ""祁同伟吞枪自尽那个片段"", ""role"": ""user""}], ""need_media"": false, ""riskRespStrategy"": ""all_replace"", ""sceneType"": ""knowledge_qa""}",Y,Y,Y,,
13,影视,播放张东升带岳父岳母爬山那个片段,搜索影视切片,vod_fuzzy_search,"{""query"": ""播放张东升带岳父岳母爬山那个片段""}",vod_fuzzy_search,"{""query"": ""播放张东升带岳父岳母爬山那个片段""}",Y,Y,Y,,fan_knowledge_agent,,fan_knowledge_agent,"{""messages"": [{""content"": ""播放张东升带岳父岳母爬山那个片段"", ""role"": ""user""}], ""need_media"": true, ""riskRespStrategy"": ""all_replace"", ""sceneType"": ""knowledge_qa""}",Y,Y,Y,,
17,影视,无间道天台对决的片段,搜索影视切片,vod_fuzzy_search,"{""query"": ""无间道天台对决的片段""}",vod_fuzzy_search,"{""query"": ""无间道天台对决的片段""}",Y,Y,Y,,fan_knowledge_agent,,fan_knowledge_agent,"{""messages"": [{""content"": ""无间道天台对决的片段"", ""role"": ""user""}], ""need_media"": false, ""riskRespStrategy"": ""all_replace"", ""sceneType"": ""knowledge_qa""}",Y,Y,Y,,
10,影视,获得金鸡奖最佳女主角的是谁？,影视问答,fan_knowledge_agent,,fan_knowledge_agent,"{""messages"": [{""content"": ""获得金鸡奖最佳女主角的是谁？"", ""role"": ""user""}], ""need_media"": false, ""riskRespStrategy"": ""all_replace"", ""sceneType"": ""knowledge_qa""}",Y,Y,Y,,fan_knowledge_agent,,fan_knowledge_agent,"{""messages"": [{""content"": ""获得金鸡奖最佳女主角的是谁？"", ""role"": ""user""}], ""need_media"": false, ""riskRespStrategy"": ""all_replace"", ""sceneType"": ""knowledge_qa""}",Y,Y,Y,,
15,影视,我要看安陵容在冰上跳舞那个片段,搜索影视切片,vod_fuzzy_search,"{""query"": ""我要看安陵容在冰上跳舞那个片段""}",vod_fuzzy_search,"{""query"": ""我要看安陵容在冰上跳舞那个片段""}",Y,Y,Y,,fan_knowledge_agent,,fan_knowledge_agent,"{""messages"": [{""content"": ""我要看安陵容在冰上跳舞那个片段"", ""role"": ""user""}], ""need_media"": true, ""riskRespStrategy"": ""all_replace"", ""sceneType"": ""knowledge_qa""}",Y,Y,Y,,
16,影视,我要看田曦薇说我要杀猪养你那个片段,搜索影视切片,vod_fuzzy_search,"{""query"": ""我要看田曦薇说我要杀猪养你那个片段""}",vod_fuzzy_search,"{""query"": ""我要看田曦薇说我要杀猪养你那个片段""}",Y,Y,Y,,fan_knowledge_agent,,fan_knowledge_agent,"{""messages"": [{""content"": ""我要看田曦薇说我要杀猪养你那个片段"", ""role"": ""user""}], ""need_media"": true, ""riskRespStrategy"": ""all_replace"", ""sceneType"": ""knowledge_qa""}",Y,Y,Y,,
25,少儿,超级飞侠的总部在哪里？,少儿问答,fan_knowledge_agent,,fan_knowledge_agent,"{""messages"": [{""content"": ""超级飞侠的总部在哪里？"", ""role"": ""user""}], ""need_media"": false, ""riskRespStrategy"": ""all_replace"", ""sceneType"": ""knowledge_qa""}",Y,Y,Y,,fan_knowledge_agent,,fan_knowledge_agent,"{""messages"": [{""content"": ""超级飞侠的总部在哪里？"", ""role"": ""user""}], ""need_media"": false, ""riskRespStrategy"": ""all_replace"", ""sceneType"": ""knowledge_qa""}",Y,Y,Y,,
20,少儿,海底小纵队里谁是队长,少儿问答,fan_knowledge_agent,,fan_knowledge_agent,"{""messages"": [{""content"": ""海底小纵队里谁是队长"", ""role"": ""user""}], ""need_media"": false, ""riskRespStrategy"": ""all_replace"", ""sceneType"": ""knowledge_qa""}",Y,Y,Y,,fan_knowledge_agent,,fan_knowledge_agent,"{""messages"": [{""content"": ""海底小纵队里谁是队长"", ""role"": ""user""}], ""need_media"": false, ""riskRespStrategy"": ""all_replace"", ""sceneType"": ""knowledge_qa""}",Y,Y,Y,,
18,影视,泰坦尼克号最经典的cut,搜索影视切片,vod_fuzzy_search,"{""query"": ""泰坦尼克号最经典的cut""}",vod_fuzzy_search,"{""query"": ""泰坦尼克号最经典的cut""}",Y,Y,Y,,fan_knowledge_agent,,fan_knowledge_agent,"{""messages"": [{""content"": ""泰坦尼克号最经典的cut"", ""role"": ""user""}], ""need_media"": false, ""riskRespStrategy"": ""all_replace"", ""sceneType"": ""knowledge_qa""}",Y,Y,Y,,
19,少儿,小猪佩奇今年多大了？,少儿问答,fan_knowledge_agent,,fan_knowledge_agent,"{""messages"": [{""content"": ""小猪佩奇今年多大了？"", ""role"": ""user""}], ""need_media"": true, ""riskRespStrategy"": ""all_replace"", ""sceneType"": ""child""}",Y,Y,Y,,fan_knowledge_agent,,fan_knowledge_agent,"{""messages"": [{""content"": ""小猪佩奇今年多大了？"", ""role"": ""user""}], ""need_media"": true, ""riskRespStrategy"": ""all_replace"", ""sceneType"": ""child""}",Y,Y,Y,,
21,少儿,米奇妙妙屋里住了多少小动物,少儿问答,fan_knowledge_agent,,fan_knowledge_agent,"{""messages"": [{""content"": ""米奇妙妙屋里住了多少小动物"", ""role"": ""user""}], ""need_media"": false, ""riskRespStrategy"": ""all_replace"", ""sceneType"": ""knowledge_qa""}",Y,Y,Y,,fan_knowledge_agent,,fan_knowledge_agent,"{""messages"": [{""content"": ""米奇妙妙屋里住了多少小动物"", ""role"": ""user""}], ""need_media"": false, ""riskRespStrategy"": ""all_replace"", ""sceneType"": ""knowledge_qa""}",Y,Y,Y,,
28,少儿,小猪佩奇里佩奇的班级里有多少个同学？,少儿问答,fan_knowledge_agent,,educ_search,"{""query"": {""field"": ""title"", ""value"": ""小猪佩奇""}, ""retext"": ""小猪佩奇里佩奇的班级里有多少个同学？""}",N,Y,N,,fan_knowledge_agent,,educ_search,"{""query"": {""field"": ""title"", ""value"": ""小猪佩奇""}, ""retext"": ""小猪佩奇里佩奇的班级里有多少个同学？""}",N,Y,N,,
30,少儿,巴士儿歌,儿歌搜索,educ_search,"{""query"": {""and"": [{""field"": ""title"", ""value"": ""巴士""}, {""field"": ""children_second_genre"", ""value"": ""儿歌""}]}, ""retext"": ""巴士儿歌""}",educ_search,"{""query"": {""and"": [{""field"": ""title"", ""value"": ""巴士""}, {""field"": ""children_second_genre"", ""value"": ""儿歌""}]}, ""retext"": ""巴士儿歌""}",Y,Y,Y,,music_song_search,"{""retext"": ""巴士儿歌"", ""song"": [""巴士""], ""tag"": [""儿歌""]}",music_song_search,"{""retext"": ""巴士儿歌"", ""song"": [""巴士""], ""tag"": [""儿歌""]}",Y,Y,Y,,
31,少儿,拔萝卜儿歌,儿歌搜索,educ_search,"{""query"": {""and"": [{""field"": ""title"", ""value"": ""拔萝卜""}, {""field"": ""children_second_genre"", ""value"": ""儿歌""}]}, ""retext"": ""拔萝卜儿歌""}",educ_search,"{""query"": {""and"": [{""field"": ""title"", ""value"": ""拔萝卜""}, {""field"": ""children_second_genre"", ""value"": ""儿歌""}]}, ""retext"": ""拔萝卜儿歌""}",Y,Y,Y,,music_song_search,"{""retext"": ""拔萝卜儿歌"", ""song"": [""拔萝卜""], ""tag"": [""儿歌""]}",music_song_search,"{""retext"": ""拔萝卜儿歌"", ""song"": [""拔萝卜""], ""tag"": [""儿歌""]}",Y,Y,Y,,
32,少儿,白龙马儿歌,儿歌搜索,educ_search,"{""query"": {""and"": [{""field"": ""title"", ""value"": ""白龙马""}, {""field"": ""children_second_genre"", ""value"": ""儿歌""}]}, ""retext"": ""白龙马儿歌""}",educ_search,"{""query"": {""and"": [{""field"": ""title"", ""value"": ""白龙马""}, {""field"": ""children_second_genre"", ""value"": ""儿歌""}]}, ""retext"": ""白龙马儿歌""}",Y,Y,Y,,music_song_search,"{""retext"": ""白龙马儿歌"", ""tag"": [""儿歌"", ""白龙马""]}",music_song_search,"{""retext"": ""白龙马儿歌"", ""tag"": [""儿歌"", ""白龙马""]}",Y,Y,Y,,
24,少儿,汪汪队立大功里有几只狗狗？,少儿问答,fan_knowledge_agent,,fan_knowledge_agent,"{""messages"": [{""content"": ""汪汪队立大功里有几只狗狗？"", ""role"": ""user""}], ""need_media"": true, ""riskRespStrategy"": ""all_replace"", ""sceneType"": ""child""}",Y,Y,Y,,fan_knowledge_agent,,fan_knowledge_agent,"{""messages"": [{""content"": ""汪汪队立大功里有几只狗狗？"", ""role"": ""user""}], ""need_media"": true, ""riskRespStrategy"": ""all_replace"", ""sceneType"": ""child""}",Y,Y,Y,,
23,少儿,樱桃小丸子的好朋友是谁,少儿问答,fan_knowledge_agent,,fan_knowledge_agent,"{""messages"": [{""content"": ""樱桃小丸子的好朋友是谁"", ""role"": ""user""}], ""need_media"": false, ""riskRespStrategy"": ""all_replace"", ""sceneType"": ""knowledge_qa""}",Y,Y,Y,,fan_knowledge_agent,,fan_knowledge_agent,"{""messages"": [{""content"": ""樱桃小丸子的好朋友是谁"", ""role"": ""user""}], ""need_media"": false, ""riskRespStrategy"": ""all_replace"", ""sceneType"": ""knowledge_qa""}",Y,Y,Y,,
33,少儿,宝宝巴士儿歌免费,儿歌搜索,educ_search,"{""query"": {""and"": [{""field"": ""title"", ""value"": ""宝宝巴士儿歌""}, {""field"": ""is_fee"", ""value"": 0}]}, ""retext"": ""宝宝巴士儿歌免费""}",educ_search,"{""query"": {""and"": [{""field"": ""title"", ""value"": ""宝宝巴士儿歌""}, {""field"": ""is_fee"", ""value"": 0}]}, ""retext"": ""宝宝巴士儿歌免费""}",Y,Y,Y,,music_song_search,,music_song_search,"{""retext"": ""宝宝巴士儿歌免费"", ""tag"": [""宝宝巴士儿歌""], ""version"": [""免费版""]}",Y,Y,Y,,
34,少儿,播放1岁半宝宝听的歌曲,儿歌搜索,educ_search,"{""query"": {""and"": [{""field"": ""age_range"", ""from"": 1, ""to"": 1}, {""field"": ""children_second_genre"", ""value"": ""儿歌""}]}, ""retext"": ""播放1岁半宝宝听的歌曲""}",educ_search,"{""query"": {""and"": [{""field"": ""age_range"", ""from"": 1, ""to"": 1}, {""field"": ""children_second_genre"", ""value"": ""儿歌""}]}, ""retext"": ""播放1岁半宝宝听的歌曲""}",Y,Y,Y,,music_song_search,"{""retext"": ""播放1岁半宝宝听的歌曲"", ""tag"": [""儿歌""]}",music_song_search,"{""retext"": ""播放1岁半宝宝听的歌曲"", ""tag"": [""儿歌""]}",Y,Y,Y,,
26,少儿,熊出没主要讲了什么故事,少儿问答,fan_knowledge_agent,,fan_knowledge_agent,"{""messages"": [{""content"": ""熊出没主要讲了什么故事"", ""role"": ""user""}], ""need_media"": false, ""riskRespStrategy"": ""all_replace"", ""sceneType"": ""knowledge_qa""}",Y,Y,Y,,fan_knowledge_agent,,fan_knowledge_agent,"{""messages"": [{""content"": ""熊出没主要讲了什么故事"", ""role"": ""user""}], ""need_media"": false, ""riskRespStrategy"": ""all_replace"", ""sceneType"": ""knowledge_qa""}",Y,Y,Y,,
36,少儿,播放儿歌爸爸妈妈去上班,儿歌搜索,educ_search,,educ_search,"{""query"": {""and"": [{""field"": ""title"", ""value"": ""爸爸妈妈去上班""}, {""field"": ""children_second_genre"", ""value"": ""儿歌""}]}, ""retext"": ""播放儿歌爸爸妈妈去上班""}",Y,Y,Y,,music_song_search,"{""retext"": ""播放儿歌爸爸妈妈去上班"", ""song"": [""爸爸妈妈去上班""], ""tag"": [""儿歌""]}",music_song_search,"{""retext"": ""播放儿歌爸爸妈妈去上班"", ""song"": [""爸爸妈妈去上班""], ""tag"": [""儿歌""]}",Y,Y,Y,,
35,少儿,播放不花钱的儿歌,儿歌搜索,educ_search,"{""query"": {""and"": [{""field"": ""children_second_genre"", ""value"": ""儿歌""}, {""field"": ""is_fee"", ""value"": 0}]}, ""retext"": ""播放不花钱的儿歌""}",educ_search,"{""query"": {""and"": [{""field"": ""children_second_genre"", ""value"": ""儿歌""}, {""field"": ""is_fee"", ""value"": 0}]}, ""retext"": ""播放不花钱的儿歌""}",Y,Y,Y,,music_song_search,"{""retext"": ""播放不花钱的儿歌"", ""tag"": [""儿歌""], ""version"": [""免费的""]}",music_song_search,"{""retext"": ""播放不花钱的儿歌"", ""tag"": [""儿歌""], ""version"": [""免费的""]}",Y,Y,Y,,
37,少儿,我要听虫儿飞,儿歌搜索,educ_search,"{""query"": {""field"": ""title"", ""value"": ""虫儿飞""}, ""retext"": ""我要听虫儿飞""}",music_song_search,"{""retext"": ""我要听虫儿飞"", ""song"": [""虫儿飞""]}",N,Y,N,,music_song_search,"{""retext"": ""我要听虫儿飞"", ""song"": [""虫儿飞""]}",music_song_search,"{""retext"": ""我要听虫儿飞"", ""song"": [""虫儿飞""]}",Y,Y,Y,,
29,少儿,疯狂元素城二上映了吗,少儿问答,fan_knowledge_agent,,fan_knowledge_agent,"{""messages"": [{""content"": ""疯狂元素城二上映了吗"", ""role"": ""user""}], ""need_media"": false, ""riskRespStrategy"": ""all_replace"", ""sceneType"": ""knowledge_qa""}",Y,Y,Y,,fan_knowledge_agent,,fan_knowledge_agent,"{""messages"": [{""content"": ""疯狂元素城二上映了吗"", ""role"": ""user""}], ""need_media"": false, ""riskRespStrategy"": ""all_replace"", ""sceneType"": ""knowledge_qa""}",Y,Y,Y,,
22,少儿,哪吒为什么要用莲花给自己做新的身体呀？,少儿问答,fan_knowledge_agent,,fan_knowledge_agent,"{""messages"": [{""content"": ""哪吒为什么要用莲花给自己做新的身体呀？"", ""role"": ""user""}], ""need_media"": false, ""riskRespStrategy"": ""all_replace"", ""sceneType"": ""knowledge_qa""}",Y,Y,Y,,fan_knowledge_agent,,fan_knowledge_agent,"{""messages"": [{""content"": ""哪吒为什么要用莲花给自己做新的身体呀？"", ""role"": ""user""}], ""need_media"": false, ""riskRespStrategy"": ""all_replace"", ""sceneType"": ""knowledge_qa""}",Y,Y,Y,,
38,少儿,怎么给3岁的小朋友选适合听的儿歌,儿歌搜索,educ_search,"{""query"": {""and"": [{""field"": ""age_range"", ""from"": 3, ""to"": 3}, {""field"": ""children_second_genre"", ""value"": ""儿歌""}]}, ""retext"": ""怎么给3岁的小朋友选适合听的儿歌""}",educ_search,"{""query"": {""and"": [{""field"": ""age_range"", ""from"": 3, ""to"": 3}, {""field"": ""children_second_genre"", ""value"": ""儿歌""}]}, ""retext"": ""怎么给3岁的小朋友选适合听的儿歌""}",Y,Y,Y,,music_song_search,"{""retext"": ""怎么给3岁的小朋友选适合听的儿歌"", ""tag"": [""儿歌""]}",music_song_search,"{""retext"": ""怎么给3岁的小朋友选适合听的儿歌"", ""tag"": [""儿歌""]}",Y,Y,Y,,
27,少儿,长安三万里通过哪些诗句串联起了李白的一生？,少儿问答,fan_knowledge_agent,,fan_knowledge_agent,"{""messages"": [{""content"": ""长安三万里通过哪些诗句串联起了李白的一生？"", ""role"": ""user""}], ""need_media"": false, ""riskRespStrategy"": ""all_replace"", ""sceneType"": ""knowledge_qa""}",Y,Y,Y,,fan_knowledge_agent,,fan_knowledge_agent,"{""messages"": [{""content"": ""长安三万里通过哪些诗句串联起了李白的一生？"", ""role"": ""user""}], ""need_media"": false, ""riskRespStrategy"": ""all_replace"", ""sceneType"": ""knowledge_qa""}",Y,Y,Y,,
41,教育,小学素质课,学科查询,edu_slow_search_data_search,"{""query"": ""小学素质课""}",edu_slow_search_data_search,"{""query"": ""小学素质课""}",Y,Y,Y,,fan_knowledge_agent,,fan_knowledge_agent,"{""messages"": [{""content"": ""小学素质课"", ""role"": ""user""}], ""need_media"": false, ""riskRespStrategy"": ""all_replace"", ""sceneType"": ""knowledge_qa""}",Y,Y,Y,,
39,教育,小学数学内容,学科查询,edu_search,,edu_search,"{""query"": {""and"": [{""field"": ""figures"", ""value"": ""小学""}, {""field"": ""first_subject"", ""value"": ""数学""}, {""field"": ""k12_category"", ""operator"": ""or"", ""values"": [""同步课"", ""同步拓展课""]}]}}",Y,Y,Y,,fan_knowledge_agent,,fan_knowledge_agent,"{""messages"": [{""content"": ""小学数学内容"", ""role"": ""user""}], ""need_media"": false, ""riskRespStrategy"": ""all_replace"", ""sceneType"": ""education_qa""}",Y,Y,Y,,
44,教育,小升初英语辅导课,学科查询,edu_slow_search_data_search,"{""query"": ""小升初英语辅导课t""}",edu_slow_search_data_search,"{""query"": ""小升初英语辅导课t""}",Y,Y,Y,,fan_knowledge_agent,,fan_knowledge_agent,"{""messages"": [{""content"": ""小升初英语辅导课"", ""role"": ""user""}], ""need_media"": false, ""riskRespStrategy"": ""all_replace"", ""sceneType"": ""knowledge_qa""}",Y,Y,Y,,
43,教育,免费初中生物课程,学科查询,edu_search,,edu_search,"{""query"": {""and"": [{""field"": ""figures"", ""value"": ""初中""}, {""field"": ""is_fee"", ""value"": 0}, {""field"": ""first_subject"", ""value"": ""生物""}, {""field"": ""k12_category"", ""operator"": ""or"", ""values"": [""同步课"", ""同步拓展课""]}]}}",Y,Y,Y,,fan_knowledge_agent,,fan_knowledge_agent,"{""messages"": [{""content"": ""免费初中生物课程"", ""role"": ""user""}], ""need_media"": false, ""riskRespStrategy"": ""all_replace"", ""sceneType"": ""education_qa""}",Y,Y,Y,,
45,教育,高中生物理考点精讲,学科查询,edu_slow_search_data_search,"{""query"": ""高中生物理考点精讲""}",edu_slow_search_data_search,"{""query"": ""高中生物理考点精讲""}",Y,Y,Y,,fan_knowledge_agent,,fan_knowledge_agent,"{""messages"": [{""content"": ""高中生物理考点精讲"", ""role"": ""user""}], ""need_media"": false, ""riskRespStrategy"": ""all_replace"", ""sceneType"": ""education_qa""}",Y,Y,Y,,
40,教育,高中语文课外内容,学科查询,edu_slow_search_data_search,"{""query"": ""高中语文课外内容""}",edu_slow_search_data_search,"{""query"": ""高中语文课外内容""}",Y,Y,Y,,fan_knowledge_agent,,fan_knowledge_agent,"{""messages"": [{""content"": ""高中语文课外内容"", ""role"": ""user""}], ""need_media"": false, ""riskRespStrategy"": ""all_replace"", ""sceneType"": ""knowledge_qa""}",Y,Y,Y,,
52,有声,给我放庆余年,播放影视内容,vod_search,"{""action"": ""play"", ""query"": {""field"": ""title"", ""value"": ""庆余年""}, ""retext"": ""给我放庆余年""}",vod_search,"{""action"": ""play"", ""query"": {""field"": ""title"", ""value"": ""庆余年""}, ""retext"": ""给我放庆余年""}",Y,Y,Y,,audio_search,,audio_search,"{""action"": ""play"", ""query"": ""给我放庆余年""}",Y,Y,Y,,
42,教育,给初中生推荐的全科考点冲刺课程,学科查询,edu_slow_search_data_search,"{""query"": ""给初中生推荐的全科考点冲刺课程""}",edu_slow_search_data_search,"{""query"": ""给初中生推荐的全科考点冲刺课程""}",Y,Y,Y,,fan_knowledge_agent,,fan_knowledge_agent,"{""messages"": [{""content"": ""给初中生推荐的全科考点冲刺课程"", ""role"": ""user""}], ""need_media"": false, ""riskRespStrategy"": ""all_replace"", ""sceneType"": ""education_qa""}",Y,Y,Y,,
47,教育,游泳安全知识,按知识点查询,edu_slow_search_data_search,"{""query"": ""游泳安全知识""}",edu_slow_search_data_search,"{""query"": ""游泳安全知识""}",Y,Y,Y,,fan_knowledge_agent,,fan_knowledge_agent,"{""messages"": [{""content"": ""游泳安全知识"", ""role"": ""user""}], ""need_media"": false, ""riskRespStrategy"": ""all_replace"", ""sceneType"": ""knowledge_qa""}",Y,Y,Y,,
46,教育,我要看化学质量守恒定律,按知识点查询,edu_slow_search_data_search,"{""query"": ""我要看化学质量守恒定律""}",edu_slow_search_data_search,"{""query"": ""我要看化学质量守恒定律""}",Y,Y,Y,,fan_knowledge_agent,,fan_knowledge_agent,"{""messages"": [{""content"": ""我要看化学质量守恒定律"", ""role"": ""user""}], ""need_media"": false, ""riskRespStrategy"": ""all_replace"", ""sceneType"": ""education_qa""}",Y,Y,Y,,
53,有声,播放三体,播放影视内容,vod_search,"{""action"": ""play"", ""query"": {""field"": ""title"", ""value"": ""三体""}, ""retext"": ""播放三体""}",vod_search,"{""action"": ""play"", ""query"": {""field"": ""title"", ""value"": ""三体""}, ""retext"": ""播放三体""}",Y,Y,Y,,audio_search,"{""action"": ""play"", ""query"": ""播放三体""}",audio_search,"{""action"": ""play"", ""query"": ""播放三体""}",Y,Y,Y,,
54,有声,播放偷偷藏不住,播放影视内容,vod_search,"{""action"": ""play"", ""query"": {""field"": ""title"", ""value"": ""偷偷藏不住""}, ""retext"": ""播放偷偷藏不住""}",vod_search,"{""action"": ""play"", ""query"": {""field"": ""title"", ""value"": ""偷偷藏不住""}, ""retext"": ""播放偷偷藏不住""}",Y,Y,Y,,audio_search,"{""action"": ""play"", ""query"": ""播放偷偷藏不住""}",audio_search,"{""action"": ""play"", ""query"": ""播放偷偷藏不住""}",Y,Y,Y,,
55,有声,帮我播放风起洛阳,播放影视内容,vod_search,"{""action"": ""play"", ""query"": {""field"": ""title"", ""value"": ""风起洛阳""}, ""retext"": ""帮我播放风起洛阳""}",vod_search,"{""action"": ""play"", ""query"": {""field"": ""title"", ""value"": ""风起洛阳""}, ""retext"": ""帮我播放风起洛阳""}",Y,Y,Y,,audio_search,,audio_search,"{""action"": ""play"", ""query"": ""帮我播放风起洛阳""}",Y,Y,Y,,
51,教育,直角三角形的面积,按知识点查询,edu_slow_search_data_search,"{""query"": ""直角三角形的面积""}",edu_slow_search_data_search,"{""query"": ""直角三角形的面积""}",Y,Y,Y,,fan_knowledge_agent,,fan_knowledge_agent,"{""messages"": [{""content"": ""直角三角形的面积"", ""role"": ""user""}], ""need_media"": false, ""riskRespStrategy"": ""all_replace"", ""sceneType"": ""knowledge_qa""}",Y,Y,Y,,
57,有声,给我放西游记第六集,播放影视内容,vod_search,,vod_search,"{""action"": ""play"", ""query"": {""and"": [{""field"": ""title"", ""value"": ""西游记""}, {""field"": ""video_index"", ""value"": 6}]}, ""retext"": ""给我放西游记第六集""}",Y,Y,Y,,audio_search,,audio_search,"{""action"": ""play"", ""query"": ""给我放西游记第六集""}",Y,Y,Y,,
58,有声,播放觉醒年代,播放影视内容,vod_search,"{""action"": ""play"", ""query"": {""field"": ""title"", ""value"": ""觉醒年代""}, ""retext"": ""播放觉醒年代""}",vod_search,"{""action"": ""play"", ""query"": {""field"": ""title"", ""value"": ""觉醒年代""}, ""retext"": ""播放觉醒年代""}",Y,Y,Y,,audio_search,"{""action"": ""play"", ""query"": ""播放觉醒年代""}",audio_search,"{""action"": ""play"", ""query"": ""播放觉醒年代""}",Y,Y,Y,,
56,有声,打开斗罗大陆大结局那一集,播放影视内容,vod_search,"{""action"": ""play"", ""query"": {""field"": ""title"", ""value"": ""斗罗大陆""}, ""retext"": ""打开斗罗大陆大结局那一集""}",vod_search,"{""action"": ""play"", ""query"": {""field"": ""title"", ""value"": ""斗罗大陆""}, ""retext"": ""打开斗罗大陆大结局那一集""}",Y,Y,Y,,audio_search,"{""action"": ""play"", ""query"": ""打开斗罗大陆大结局那一集""}",audio_search,"{""action"": ""play"", ""query"": ""打开斗罗大陆大结局那一集""}",Y,Y,Y,,
59,有声,播放三国演义火烧赤壁,播放影视内容,vod_search,"{""action"": ""play"", ""query"": {""field"": ""title"", ""operator"": ""or"", ""values"": [""三国演义"", ""火烧赤壁""]}, ""retext"": ""播放三国演义火烧赤壁""}",vod_search,"{""action"": ""play"", ""query"": {""field"": ""title"", ""operator"": ""or"", ""values"": [""三国演义"", ""火烧赤壁""]}, ""retext"": ""播放三国演义火烧赤壁""}",Y,Y,Y,,audio_search,,audio_search,"{""action"": ""play"", ""query"": ""播放三国演义火烧赤壁""}",Y,Y,Y,,
60,有声,给我放雪中悍刀行,播放影视内容,vod_search,"{""action"": ""play"", ""query"": {""field"": ""title"", ""value"": ""雪中悍刀行""}, ""retext"": ""给我放雪中悍刀行""}",vod_search,"{""action"": ""play"", ""query"": {""field"": ""title"", ""value"": ""雪中悍刀行""}, ""retext"": ""给我放雪中悍刀行""}",Y,Y,Y,,audio_search,"{""action"": ""play"", ""query"": ""给我放雪中悍刀行""}",audio_search,"{""action"": ""play"", ""query"": ""给我放雪中悍刀行""}",Y,Y,Y,,
61,有声,直接播三体第二部,播放影视内容,vod_search,"{""action"": ""play"", ""query"": {""and"": [{""field"": ""title"", ""value"": ""三体""}, {""field"": ""series"", ""value"": 2}]}, ""retext"": ""直接播三体第二部""}",vod_search,"{""action"": ""play"", ""query"": {""and"": [{""field"": ""title"", ""value"": ""三体""}, {""field"": ""series"", ""value"": 2}]}, ""retext"": ""直接播三体第二部""}",Y,Y,Y,,audio_search,"{""action"": ""play"", ""query"": ""直接播三体第二部""}",audio_search,"{""action"": ""play"", ""query"": ""直接播三体第二部""}",Y,Y,Y,,
48,教育,关于‘三角形内角和’的知识课程有哪些？,按知识点查询,edu_slow_search_data_search,"{""query"": ""关于‘三角形内角和’的知识课程有哪些？""}",edu_slow_search_data_search,"{""query"": ""关于‘三角形内角和’的知识课程有哪些？""}",Y,Y,Y,,fan_knowledge_agent,,fan_knowledge_agent,"{""messages"": [{""content"": ""关于‘三角形内角和’的知识课程有哪些？"", ""role"": ""user""}], ""need_media"": false, ""riskRespStrategy"": ""all_replace"", ""sceneType"": ""education_qa""}",Y,Y,Y,,
50,教育,我要看第一次鸦片战争相关的课程,按知识点查询,edu_slow_search_data_search,"{""query"": ""我要看第一次鸦片战争相关的课程""}",edu_slow_search_data_search,"{""query"": ""我要看第一次鸦片战争相关的课程""}",Y,Y,Y,,fan_knowledge_agent,,fan_knowledge_agent,"{""messages"": [{""content"": ""我要看第一次鸦片战争相关的课程"", ""role"": ""user""}], ""need_media"": false, ""riskRespStrategy"": ""all_replace"", ""sceneType"": ""education_qa""}",Y,Y,Y,,
66,音乐,Beyond（乐队）是哪年成立的,歌手/乐队信息查询,fan_knowledge_agent,,fan_knowledge_agent,"{""messages"": [{""content"": ""Beyond（乐队）是哪年成立的"", ""role"": ""user""}], ""need_media"": false, ""riskRespStrategy"": ""all_replace"", ""sceneType"": ""knowledge_qa""}",Y,Y,Y,,fan_knowledge_agent,,fan_knowledge_agent,"{""messages"": [{""content"": ""Beyond（乐队）是哪年成立的"", ""role"": ""user""}], ""need_media"": false, ""riskRespStrategy"": ""all_replace"", ""sceneType"": ""knowledge_qa""}",Y,Y,Y,,
64,音乐,兰亭序是谁写的词,歌曲基础信息查询,fan_knowledge_agent,,fan_knowledge_agent,"{""messages"": [{""content"": ""兰亭序是谁写的词"", ""role"": ""user""}], ""need_media"": false, ""riskRespStrategy"": ""all_replace"", ""sceneType"": ""knowledge_qa""}",Y,Y,Y,,fan_knowledge_agent,,fan_knowledge_agent,"{""messages"": [{""content"": ""兰亭序是谁写的词"", ""role"": ""user""}], ""need_media"": false, ""riskRespStrategy"": ""all_replace"", ""sceneType"": ""knowledge_qa""}",Y,Y,Y,,
68,音乐,播放虫儿飞,歌曲检索-影视音乐同名,vod_search,"{""action"": ""play"", ""query"": {""field"": ""title"", ""value"": ""虫儿飞""}, ""retext"": ""播放虫儿飞""}",vod_search,"{""action"": ""play"", ""query"": {""field"": ""title"", ""value"": ""虫儿飞""}, ""retext"": ""播放虫儿飞""}",Y,Y,Y,,music_song_search,"{""retext"": ""播放虫儿飞"", ""song"": [""虫儿飞""]}",music_song_search,"{""retext"": ""播放虫儿飞"", ""song"": [""虫儿飞""]}",Y,Y,Y,,
49,教育,小学语文作文辅导的课程？,按知识点查询,edu_slow_search_data_search,"{""query"": ""小学语文作文辅导的课程？""}",edu_slow_search_data_search,"{""query"": ""小学语文作文辅导的课程？""}",Y,Y,Y,,fan_knowledge_agent,,fan_knowledge_agent,"{""messages"": [{""content"": ""小学语文作文辅导的课程？"", ""role"": ""user""}], ""need_media"": false, ""riskRespStrategy"": ""all_replace"", ""sceneType"": ""education_qa""}",Y,Y,Y,,
69,音乐,送你一朵小红花,歌曲检索-影视音乐同名,vod_search,"{""action"": ""play"", ""query"": {""field"": ""title"", ""value"": ""送你一朵小红花""}, ""retext"": ""送你一朵小红花""}",vod_search,"{""action"": ""play"", ""query"": {""field"": ""title"", ""value"": ""送你一朵小红花""}, ""retext"": ""送你一朵小红花""}",Y,Y,Y,,music_song_search,"{""retext"": ""送你一朵小红花"", ""song"": [""送你一朵小红花""]}",music_song_search,"{""retext"": ""送你一朵小红花"", ""song"": [""送你一朵小红花""]}",Y,Y,Y,,
70,音乐,播放情深深雨濛濛,歌曲检索-影视音乐同名,vod_search,"{""action"": ""play"", ""query"": {""field"": ""title"", ""value"": ""觉醒年代""}, ""retext"": ""播放觉醒年代""}",vod_search,"{""action"": ""play"", ""query"": {""field"": ""title"", ""value"": ""情深深雨濛濛""}, ""retext"": ""播放情深深雨濛濛""}",Y,N,N,"query: gold={""field"": ""title"", ""value"": ""觉醒年代""} pred={""field"": ""title"", ""value"": ""情深深雨濛濛""}; retext: gold=""播放觉醒年代"" pred=""播放情深深雨濛濛""",music_song_search,"{""retext"": ""播放情深深雨濛濛"", ""song"": [""情深深雨濛濛""]}",music_song_search,"{""retext"": ""播放情深深雨濛濛"", ""song"": [""情深深雨濛濛""]}",Y,Y,Y,,
65,音乐,邓紫棋的简介,歌手/乐队信息查询,fan_knowledge_agent,,fan_knowledge_agent,"{""messages"": [{""content"": ""邓紫棋的简介"", ""role"": ""user""}], ""need_media"": false, ""riskRespStrategy"": ""all_replace"", ""sceneType"": ""knowledge_qa""}",Y,Y,Y,,fan_knowledge_agent,,fan_knowledge_agent,"{""messages"": [{""content"": ""邓紫棋的简介"", ""role"": ""user""}], ""need_media"": false, ""riskRespStrategy"": ""all_replace"", ""sceneType"": ""knowledge_qa""}",Y,Y,Y,,
62,音乐,找自己这首歌是谁唱的,歌曲基础信息查询,fan_knowledge_agent,,fan_knowledge_agent,"{""messages"": [{""content"": ""找自己这首歌是谁唱的"", ""role"": ""user""}], ""need_media"": true, ""riskRespStrategy"": ""all_replace"", ""sceneType"": ""knowledge_qa""}",Y,Y,Y,,fan_knowledge_agent,,fan_knowledge_agent,"{""messages"": [{""content"": ""找自己这首歌是谁唱的"", ""role"": ""user""}], ""need_media"": true, ""riskRespStrategy"": ""all_replace"", ""sceneType"": ""knowledge_qa""}",Y,Y,Y,,
67,音乐,这首歌演唱者的简介,歌手/乐队信息查询,fan_knowledge_agent,,fan_knowledge_agent,"{""messages"": [{""content"": ""这首歌演唱者的简介"", ""role"": ""user""}], ""need_media"": true, ""riskRespStrategy"": ""all_replace"", ""sceneType"": ""video""}",Y,Y,Y,,fan_knowledge_agent,,fan_knowledge_agent,"{""messages"": [{""content"": ""这首歌演唱者的简介"", ""role"": ""user""}], ""need_media"": true, ""riskRespStrategy"": ""all_replace"", ""sceneType"": ""video""}",Y,Y,Y,,
75,音乐,周杰伦的告白气球,歌曲检索,music_song_search,"{""retext"": ""周杰伦的告白气球"", ""singer"": [""周杰伦""], ""song"": [""告白气球""]}",music_song_search,"{""retext"": ""周杰伦的告白气球"", ""singer"": [""周杰伦""], ""song"": [""告白气球""]}",Y,Y,Y,,music_song_search,"{""retext"": ""周杰伦的告白气球"", ""singer"": [""周杰伦""], ""song"": [""告白气球""]}",music_song_search,"{""retext"": ""周杰伦的告白气球"", ""singer"": [""周杰伦""], ""song"": [""告白气球""]}",Y,Y,Y,,
77,音乐,放一首New jeans的歌,歌曲检索,music_song_search,"{""retext"": ""放一首New jeans的歌"", ""singer"": [""New jeans""]}",music_song_search,"{""retext"": ""放一首New jeans的歌"", ""singer"": [""New jeans""]}",Y,Y,Y,,music_song_search,"{""retext"": ""放一首New jeans的歌"", ""singer"": [""New jeans""]}",music_song_search,"{""retext"": ""放一首New jeans的歌"", ""singer"": [""New jeans""]}",Y,Y,Y,,
71,音乐,2026年春晚周深唱的歌,歌曲模糊检索,fan_knowledge_agent,,music_song_search,"{""retext"": ""2026年春晚周深唱的歌"", ""singer"": [""周深""]}",N,Y,N,,fan_knowledge_agent,,fan_knowledge_agent,"{""messages"": [{""content"": ""2026年春晚周深唱的歌"", ""role"": ""user""}], ""need_media"": false, ""riskRespStrategy"": ""all_replace"", ""sceneType"": ""knowledge_qa""}",Y,Y,Y,,
63,音乐,有哪些周杰伦作曲的歌？,歌曲基础信息查询,fan_knowledge_agent,,fan_knowledge_agent,"{""messages"": [{""content"": ""有哪些周杰伦作曲的歌？"", ""role"": ""user""}], ""need_media"": true, ""riskRespStrategy"": ""all_replace"", ""sceneType"": ""knowledge_qa""}",Y,Y,Y,,fan_knowledge_agent,,fan_knowledge_agent,"{""messages"": [{""content"": ""有哪些周杰伦作曲的歌？"", ""role"": ""user""}], ""need_media"": true, ""riskRespStrategy"": ""all_replace"", ""sceneType"": ""knowledge_qa""}",Y,Y,Y,,
72,音乐,适合睡前听的歌,歌曲模糊检索,fan_knowledge_agent,,audio_search,"{""action"": ""search"", ""query"": ""适合睡前听的歌""}",N,Y,N,,fan_knowledge_agent,,fan_knowledge_agent,"{""messages"": [{""content"": ""适合睡前听的歌"", ""role"": ""user""}], ""need_media"": false, ""riskRespStrategy"": ""all_replace"", ""sceneType"": ""knowledge_qa""}",Y,Y,Y,,
76,音乐,播放大鱼,歌曲检索,music_song_search,"{""retext"": ""播放大鱼"", ""song"": [""大鱼""]}",vod_fuzzy_search,"{""query"": ""播放大鱼""}",N,Y,N,,music_song_search,"{""retext"": ""播放大鱼"", ""song"": [""大鱼""]}",music_song_search,"{""retext"": ""播放大鱼"", ""song"": [""大鱼""]}",Y,Y,Y,,
81,音乐,贝乐虎儿歌,儿歌检索,educ_search,"{""query"": {""and"": [{""field"": ""title"", ""value"": ""贝乐虎""}, {""field"": ""children_second_genre"", ""value"": ""儿歌""}]}, ""retext"": ""贝乐虎儿歌""}",educ_search,"{""query"": {""and"": [{""field"": ""title"", ""value"": ""贝乐虎""}, {""field"": ""children_second_genre"", ""value"": ""儿歌""}]}, ""retext"": ""贝乐虎儿歌""}",Y,Y,Y,,music_song_search,"{""ip"": [""贝乐虎""], ""retext"": ""贝乐虎儿歌"", ""tag"": [""儿歌""]}",music_song_search,"{""ip"": [""贝乐虎""], ""retext"": ""贝乐虎儿歌"", ""tag"": [""儿歌""]}",Y,Y,Y,,
84,设备控制,暂停播放,音乐息屏播控,playback_control,"{""device"": """", ""location"": """", ""object"": ""播放控制"", ""operation"": ""停止"", ""value"": """"}",playback_control,"{""device"": """", ""location"": """", ""object"": ""播放控制"", ""operation"": ""停止"", ""value"": """"}",Y,Y,Y,,playback_control,"{""device"": """", ""location"": """", ""object"": ""播放控制"", ""operation"": ""停止"", ""value"": """"}",playback_control,"{""device"": """", ""location"": """", ""object"": ""播放控制"", ""operation"": ""停止"", ""value"": """"}",Y,Y,Y,,
82,音乐,小兔子乖乖儿歌,儿歌检索,educ_search,"{""query"": {""and"": [{""field"": ""title"", ""value"": ""小兔子乖乖""}, {""field"": ""children_second_genre"", ""value"": ""儿歌""}]}, ""retext"": ""小兔子乖乖儿歌""}",educ_search,"{""query"": {""and"": [{""field"": ""title"", ""value"": ""小兔子乖乖""}, {""field"": ""children_second_genre"", ""value"": ""儿歌""}]}, ""retext"": ""小兔子乖乖儿歌""}",Y,Y,Y,,music_song_search,"{""retext"": ""小兔子乖乖儿歌"", ""song"": [""小兔子乖乖""], ""tag"": [""儿歌""]}",music_song_search,"{""retext"": ""小兔子乖乖儿歌"", ""song"": [""小兔子乖乖""], ""tag"": [""儿歌""]}",Y,Y,Y,,
83,音乐,英语启蒙儿歌,儿歌检索,educ_search,"{""query"": {""field"": ""title"", ""value"": ""英语启蒙儿歌""}, ""retext"": ""英语启蒙儿歌""}",educ_search,"{""query"": {""field"": ""title"", ""value"": ""英语启蒙儿歌""}, ""retext"": ""英语启蒙儿歌""}",Y,Y,Y,,music_song_search,"{""retext"": ""英语启蒙儿歌"", ""song"": [""启蒙儿歌""], ""tag"": [""英语""]}",music_song_search,"{""retext"": ""英语启蒙儿歌"", ""song"": [""启蒙儿歌""], ""tag"": [""英语""]}",Y,Y,Y,,
85,设备控制,播放下一首,音乐息屏播控,playback_control,"{""device"": """", ""location"": """", ""object"": ""播放控制"", ""operation"": ""下"", ""value"": ""首""}",playback_control,"{""device"": """", ""location"": """", ""object"": ""播放控制"", ""operation"": ""下"", ""value"": ""首""}",Y,Y,Y,,playback_control,"{""device"": """", ""location"": """", ""object"": ""播放控制"", ""operation"": ""下"", ""value"": ""首""}",playback_control,"{""device"": """", ""location"": """", ""object"": ""播放控制"", ""operation"": ""下"", ""value"": ""首""}",Y,Y,Y,,
86,设备控制,快进30s,音乐息屏播控,playback_control,,playback_control,"{""device"": """", ""location"": """", ""object"": """", ""operation"": ""快进"", ""value"": ""30秒""}",Y,Y,Y,,playback_control,,playback_control,"{""device"": """", ""location"": """", ""object"": """", ""operation"": ""快进"", ""value"": ""30秒""}",Y,Y,Y,,
87,设备控制,继续放音乐,音乐息屏播控,playback_control,"{""device"": """", ""location"": """", ""object"": ""播放控制"", ""operation"": ""播放"", ""value"": """"}",playback_control,"{""device"": """", ""location"": """", ""object"": ""播放控制"", ""operation"": ""播放"", ""value"": """"}",Y,Y,Y,,playback_control,"{""device"": """", ""location"": """", ""object"": ""播放控制"", ""operation"": ""播放"", ""value"": """"}",playback_control,"{""device"": """", ""location"": """", ""object"": ""播放控制"", ""operation"": ""播放"", ""value"": """"}",Y,Y,Y,,
88,设备控制,切到上一首,音乐息屏播控,playback_control,"{""device"": """", ""location"": """", ""object"": ""播放控制"", ""operation"": ""上"", ""value"": ""首""}",playback_control,"{""device"": """", ""location"": """", ""object"": ""播放控制"", ""operation"": ""上"", ""value"": ""首""}",Y,Y,Y,,playback_control,"{""device"": """", ""location"": """", ""object"": ""播放控制"", ""operation"": ""上"", ""value"": ""首""}",playback_control,"{""device"": """", ""location"": """", ""object"": ""播放控制"", ""operation"": ""上"", ""value"": ""首""}",Y,Y,Y,,
74,音乐,放首孙燕姿治愈系的歌,歌曲模糊检索,fan_knowledge_agent,,fan_knowledge_agent,"{""messages"": [{""content"": ""放首孙燕姿治愈系的歌"", ""role"": ""user""}], ""need_media"": false, ""riskRespStrategy"": ""all_replace"", ""sceneType"": ""knowledge_qa""}",Y,Y,Y,,fan_knowledge_agent,,fan_knowledge_agent,"{""messages"": [{""content"": ""放首孙燕姿治愈系的歌"", ""role"": ""user""}], ""need_media"": false, ""riskRespStrategy"": ""all_replace"", ""sceneType"": ""knowledge_qa""}",Y,Y,Y,,
89,设备控制,不好听换一首,音乐息屏播控,playback_control,"{""device"": """", ""location"": """", ""object"": ""播放控制"", ""operation"": ""切换"", ""value"": ""首""}",playback_control,"{""device"": """", ""location"": """", ""object"": ""播放控制"", ""operation"": ""切换"", ""value"": ""首""}",Y,Y,Y,,playback_control,"{""device"": """", ""location"": """", ""object"": ""播放控制"", ""operation"": ""切换"", ""value"": ""首""}",playback_control,"{""device"": """", ""location"": """", ""object"": ""播放控制"", ""operation"": ""切换"", ""value"": ""首""}",Y,Y,Y,,
90,设备控制,切换成单曲循环,音乐息屏播控,playback_control,"{""device"": """", ""location"": """", ""object"": """", ""operation"": ""单曲循环"", ""value"": """"}",playback_control,"{""device"": """", ""location"": """", ""object"": """", ""operation"": ""单曲循环"", ""value"": """"}",Y,Y,Y,,playback_control,"{""device"": """", ""location"": """", ""object"": """", ""operation"": ""单曲循环"", ""value"": """"}",playback_control,"{""device"": """", ""location"": """", ""object"": """", ""operation"": ""单曲循环"", ""value"": """"}",Y,Y,Y,,
91,设备控制,继续播刚才没听完那个,有声息屏播控,playback_control,"{""device"": """", ""location"": """", ""object"": """", ""operation"": ""播放"", ""value"": """"}",playback_control,"{""device"": """", ""location"": """", ""object"": """", ""operation"": ""播放"", ""value"": """"}",Y,Y,Y,,playback_control,"{""device"": """", ""location"": """", ""object"": """", ""operation"": ""播放"", ""value"": """"}",playback_control,"{""device"": """", ""location"": """", ""object"": """", ""operation"": ""播放"", ""value"": """"}",Y,Y,Y,,
92,设备控制,帮我快进到15分15秒,有声息屏播控,playback_control,"{""device"": """", ""location"": """", ""object"": """", ""operation"": ""快进到"", ""value"": ""15分15秒""}",playback_control,"{""device"": """", ""location"": """", ""object"": """", ""operation"": ""快进到"", ""value"": ""15分15秒""}",Y,Y,Y,,playback_control,"{""device"": """", ""location"": """", ""object"": """", ""operation"": ""快进到"", ""value"": ""15分15秒""}",playback_control,"{""device"": """", ""location"": """", ""object"": """", ""operation"": ""快进到"", ""value"": ""15分15秒""}",Y,Y,Y,,
93,设备控制,切到下一集,有声息屏播控,playback_control,"{""device"": """", ""location"": """", ""object"": ""播放控制"", ""operation"": ""下"", ""value"": ""集""}",playback_control,"{""device"": """", ""location"": """", ""object"": ""播放控制"", ""operation"": ""下"", ""value"": ""集""}",Y,Y,Y,,playback_control,"{""device"": """", ""location"": """", ""object"": ""播放控制"", ""operation"": ""下"", ""value"": ""集""}",playback_control,"{""device"": """", ""location"": """", ""object"": ""播放控制"", ""operation"": ""下"", ""value"": ""集""}",Y,Y,Y,,
95,设备控制,往后退1分钟,有声息屏播控,playback_control,"{""device"": """", ""location"": """", ""object"": """", ""operation"": ""快退"", ""value"": ""1分钟""}",playback_control,"{""device"": """", ""location"": """", ""object"": """", ""operation"": ""快退"", ""value"": ""1分钟""}",Y,Y,Y,,playback_control,"{""device"": """", ""location"": """", ""object"": """", ""operation"": ""快退"", ""value"": ""1分钟""}",playback_control,"{""device"": """", ""location"": """", ""object"": """", ""operation"": ""快退"", ""value"": ""1分钟""}",Y,Y,Y,,
79,音乐,周杰伦的《七里香》专辑是哪年出的？,专辑信息查询,fan_knowledge_agent,,fan_knowledge_agent,"{""messages"": [{""content"": ""周杰伦的《七里香》专辑是哪年出的？"", ""role"": ""user""}], ""need_media"": true, ""riskRespStrategy"": ""all_replace"", ""sceneType"": ""agent_music""}",Y,Y,Y,,fan_knowledge_agent,,fan_knowledge_agent,"{""messages"": [{""content"": ""周杰伦的《七里香》专辑是哪年出的？"", ""role"": ""user""}], ""need_media"": true, ""riskRespStrategy"": ""all_replace"", ""sceneType"": ""agent_music""}",Y,Y,Y,,
96,设备控制,暂停播放,有声息屏播控,playback_control,"{""device"": """", ""location"": """", ""object"": ""播放控制"", ""operation"": ""暂停"", ""value"": """"}",playback_control,"{""device"": """", ""location"": """", ""object"": ""播放控制"", ""operation"": ""停止"", ""value"": """"}",Y,N,N,"operation: gold=""暂停"" pred=""停止""",playback_control,"{""device"": """", ""location"": """", ""object"": ""播放控制"", ""operation"": ""暂停"", ""value"": """"}",playback_control,"{""device"": """", ""location"": """", ""object"": ""播放控制"", ""operation"": ""停止"", ""value"": """"}",Y,N,N,"operation: gold=""暂停"" pred=""停止""",
97,设备控制,声音太大了，音量调低一点,息屏音量控制,numeric_adjust,"{""device"": """", ""location"": """", ""object"": ""音量"", ""operation"": ""降低"", ""value"": """"}",numeric_adjust,"{""device"": """", ""location"": """", ""object"": ""音量"", ""operation"": ""降低"", ""value"": """"}",Y,Y,Y,,numeric_adjust,"{""device"": """", ""location"": """", ""object"": ""音量"", ""operation"": ""降低"", ""value"": """"}",numeric_adjust,"{""device"": """", ""location"": """", ""object"": ""音量"", ""operation"": ""降低"", ""value"": """"}",Y,Y,Y,,
94,设备控制,这集重新放一遍,有声息屏播控,playback_control,"{""device"": """", ""location"": """", ""object"": """", ""operation"": ""重播"", ""value"": """"}",playback_control,"{""device"": """", ""location"": """", ""object"": """", ""operation"": ""重播"", ""value"": """"}",Y,Y,Y,,playback_control,"{""device"": """", ""location"": """", ""object"": """", ""operation"": ""重播"", ""value"": """"}",vod_search,"{""action"": ""play"", ""query"": {""field"": ""video_index"", ""value"": 1}, ""retext"": ""这集重新放一遍""}",N,Y,N,,
99,设备控制,1h后关机,息屏开关机控制,timer_control,"{""date_time"": ""1小时"", ""device"": """", ""location"": """", ""object"": ""关机"", ""operation"": ""打开""}",timer_control,"{""date_time"": ""1小时"", ""device"": """", ""location"": """", ""object"": ""关机"", ""operation"": ""打开""}",Y,Y,Y,,timer_control,"{""date_time"": ""1小时"", ""device"": """", ""location"": """", ""object"": ""关机"", ""operation"": ""打开""}",timer_control,"{""date_time"": ""1小时"", ""device"": """", ""location"": """", ""object"": ""关机"", ""operation"": ""打开""}",Y,Y,Y,,
98,设备控制,调成静音,息屏音量控制,numeric_adjust,"{""device"": """", ""location"": """", ""object"": ""静音"", ""operation"": ""打开"", ""value"": """"}",numeric_adjust,"{""device"": """", ""location"": """", ""object"": ""静音"", ""operation"": ""打开"", ""value"": """"}",Y,Y,Y,,numeric_adjust,"{""device"": """", ""location"": """", ""object"": ""静音"", ""operation"": ""打开"", ""value"": """"}",numeric_adjust,"{""device"": """", ""location"": """", ""object"": ""静音"", ""operation"": ""打开"", ""value"": """"}",Y,Y,Y,,
100,设备控制,取消30分钟后关机,息屏开关机控制,timer_control,"{""device"": """", ""location"": """", ""object"": ""关机"", ""operation"": ""关闭"", ""value"": """"}",timer_control,"{""device"": """", ""location"": """", ""object"": ""关机"", ""operation"": ""关闭"", ""value"": """"}",Y,Y,Y,,timer_control,"{""device"": """", ""location"": """", ""object"": ""关机"", ""operation"": ""关闭"", ""value"": """"}",timer_control,"{""device"": """", ""location"": """", ""object"": ""关机"", ""operation"": ""关闭"", ""value"": """"}",Y,Y,Y,,
80,音乐,《黑色风暴》这首歌所在专辑是什么,专辑信息查询,fan_knowledge_agent,,fan_knowledge_agent,"{""messages"": [{""content"": ""《黑色风暴》这首歌所在专辑是什么"", ""role"": ""user""}], ""need_media"": true, ""riskRespStrategy"": ""all_replace"", ""sceneType"": ""agent_music""}",Y,Y,Y,,fan_knowledge_agent,,fan_knowledge_agent,"{""messages"": [{""content"": ""《黑色风暴》这首歌所在专辑是什么"", ""role"": ""user""}], ""need_media"": true, ""riskRespStrategy"": ""all_replace"", ""sceneType"": ""agent_music""}",Y,Y,Y,,
73,音乐,天赐的声音里面比较好听的歌曲,歌曲模糊检索,fan_knowledge_agent,,fan_knowledge_agent,"{""messages"": [{""content"": ""天赐的声音里面比较好听的歌曲"", ""role"": ""user""}], ""need_media"": true, ""riskRespStrategy"": ""all_replace"", ""sceneType"": ""agent_music""}",Y,Y,Y,,fan_knowledge_agent,,fan_knowledge_agent,"{""messages"": [{""content"": ""天赐的声音里面比较好听的歌曲"", ""role"": ""user""}], ""need_media"": true, ""riskRespStrategy"": ""all_replace"", ""sceneType"": ""agent_music""}",Y,Y,Y,,
78,音乐,Taylor Swift的《1989》专辑里有哪些歌,专辑信息查询,fan_knowledge_agent,,fan_knowledge_agent,"{""messages"": [{""content"": ""Taylor Swift的《1989》专辑里有哪些歌"", ""role"": ""user""}], ""need_media"": true, ""riskRespStrategy"": ""all_replace"", ""sceneType"": ""agent_music""}",Y,Y,Y,,fan_knowledge_agent,,fan_knowledge_agent,"{""messages"": [{""content"": ""Taylor Swift的《1989》专辑里有哪些歌"", ""role"": ""user""}], ""need_media"": true, ""riskRespStrategy"": ""all_replace"", ""sceneType"": ""agent_music""}",Y,Y,Y,,
