域,row,query,intent,是否合理,gold_tool,gold_params,pred_tool,pred_params,tool_ok,param_ok,both_ok,param_diff
有声,2,我这几天听过的音频内容,audio_history,,audio_history,"{""action"": ""search""}",audio_history,"{""action"": ""search""}",Y,Y,Y,
有声,3,我收听的广播剧播放记录,audio_history,,audio_history,"{""action"": ""search"", ""category"": ""广播剧""}",audio_history,"{""action"": ""search"", ""category"": ""广播剧""}",Y,Y,Y,
有声,4,继续播放我昨晚听的儿童睡前故事,audio_history,,audio_history,"{""action"": ""play"", ""time"": ""2026-08-23 00:00:00 TO 2026-08-23 23:59:59""}",audio_history,"{""action"": ""play"", ""time"": ""2026-08-23 00:00:00 TO 2026-08-23 23:59:59""}",Y,Y,Y,
有声,6,我听过的有声书,audio_history,,audio_history,"{""action"": ""search"", ""category"": ""有声书""}",audio_history,"{""action"": ""search"", ""category"": ""有声书""}",Y,Y,Y,
有声,5,打开刚才听的那个小猪佩奇音频内容,audio_history,,audio_history,"{""action"": ""play""}",audio_history,"{""action"": ""play""}",Y,Y,Y,
有声,8,查看有声播放历史记录,audio_history,,audio_history,"{""action"": ""search""}",audio_history,"{""action"": ""search""}",Y,Y,Y,
有声,7,我的听书记录,audio_history,,audio_history,"{""action"": ""search""}",audio_history,"{""action"": ""search""}",Y,Y,Y,
有声,9,音频的收听历史记录,audio_history,,audio_history,"{""action"": ""search""}",audio_history,"{""action"": ""search""}",Y,Y,Y,
有声,10,打开有声播放历史,audio_history,,audio_history,"{""action"": ""play""}",audio_history,"{""action"": ""play""}",Y,Y,Y,
有声,11,查看有声播放历史,audio_history,,audio_history,"{""action"": ""search""}",audio_history,"{""action"": ""search""}",Y,Y,Y,
有声,12,我收听的音频播放记录,audio_history,,audio_history,"{""action"": ""search""}",audio_history,"{""action"": ""search""}",Y,Y,Y,
有声,13,请播放有声收听历史,audio_history,,audio_history,"{""action"": ""play""}",audio_history,"{""action"": ""play""}",Y,Y,Y,
有声,14,一周内听过的广播剧,audio_history,,audio_history,"{""action"": ""search"", ""category"": ""广播剧"", ""time"": ""2026-07-18 00:00:00 TO 2026-08-24 23:59:59""}",audio_history,"{""action"": ""search"", ""category"": ""广播剧"", ""time"": ""2026-07-18 00:00:00 TO 2026-08-24 23:59:59""}",Y,Y,Y,
有声,15,我想听我最近听过的有声书,audio_history,,audio_history,"{""action"": ""play"", ""category"": ""有声书""}",audio_history,"{""action"": ""play"", ""category"": ""有声书""}",Y,Y,Y,
有声,16,我要听将门毒后,audio_search,,audio_search,"{""action"": ""play"", ""query"": ""我要听将门毒后""}",audio_search,"{""action"": ""play"", ""query"": ""我要听将门毒后""}",Y,Y,Y,
有声,17,播放三体广播剧,audio_search,,audio_search,"{""action"": ""play"", ""query"": ""播放三体广播剧""}",audio_search,"{""action"": ""play"", ""query"": ""播放三体广播剧""}",Y,Y,Y,
有声,20,找百年孤独的有声书,audio_search,,audio_search,"{""action"": ""search"", ""query"": ""找百年孤独的有声书""}",audio_search,"{""action"": ""search"", ""query"": ""找百年孤独的有声书""}",Y,Y,Y,
有声,21,喜马拉雅播放小说将后毒妃,audio_search,,audio_search,"{""action"": ""play"", ""query"": ""喜马拉雅播放小说将后毒妃""}",audio_search,"{""action"": ""play"", ""query"": ""喜马拉雅播放小说将后毒妃""}",Y,Y,Y,
有声,19,有没有射雕英雄传的有声版,audio_search,,audio_search,"{""action"": ""search"", ""query"": ""有没有射雕英雄传的有声版""}",audio_search,"{""action"": ""search"", ""query"": ""有没有射雕英雄传的有声版""}",Y,Y,Y,
有声,18,搜一下叫夜访吸血鬼的有声书,audio_search,,audio_search,"{""action"": ""search"", ""query"": ""搜一下叫夜访吸血鬼的有声书""}",audio_search,"{""action"": ""search"", ""query"": ""搜一下叫夜访吸血鬼的有声书""}",Y,Y,Y,
有声,22,我想听战狼,audio_search,,audio_search,"{""action"": ""play"", ""query"": ""我想听战狼""}",audio_search,"{""action"": ""play"", ""query"": ""我想听战狼""}",Y,Y,Y,
有声,24,听嘟嘟说笑话,audio_search,,audio_search,"{""action"": ""play"", ""query"": ""听嘟嘟说笑话""}",audio_search,"{""action"": ""play"", ""query"": ""听嘟嘟说笑话""}",Y,Y,Y,
有声,25,我想听格局音频,audio_search,,audio_search,"{""action"": ""play"", ""query"": ""我想听格局音频""}",audio_search,"{""action"": ""play"", ""query"": ""我想听格局音频""}",Y,Y,Y,
有声,26,播放惊悚旅游团广播剧,audio_search,,audio_search,"{""action"": ""play"", ""query"": ""播放惊悚旅游团广播剧""}",audio_search,"{""action"": ""play"", ""query"": ""播放惊悚旅游团广播剧""}",Y,Y,Y,
有声,27,播放嫡嫁千金有声书,audio_search,,audio_search,"{""action"": ""play"", ""query"": ""播放嫡嫁千金有声书""}",audio_search,"{""action"": ""play"", ""query"": ""播放嫡嫁千金有声书""}",Y,Y,Y,
有声,29,偷偷藏不住广播剧,audio_search,,audio_search,"{""action"": ""search"", ""query"": ""偷偷藏不住广播剧""}",audio_search,"{""action"": ""search"", ""query"": ""偷偷藏不住广播剧""}",Y,Y,Y,
有声,28,选择魔道祖师广播剧,audio_search,,audio_search,"{""action"": ""search"", ""query"": ""选择魔道祖师广播剧""}",audio_search,"{""action"": ""play"", ""query"": ""选择魔道祖师广播剧""}",Y,N,N,"action: gold=""search"" pred=""play"""
有声,30,有声书墨菲定律,audio_search,,audio_search,"{""action"": ""search"", ""query"": ""有声书墨菲定律""}",audio_search,"{""action"": ""search"", ""query"": ""有声书墨菲定律""}",Y,Y,Y,
有声,23,神手医妃权遮天下,audio_search,,audio_search,"{""action"": ""search"", ""query"": ""神手医妃权遮天下""}",vod_search,"{""action"": ""search"", ""query"": {""field"": ""title"", ""value"": ""神手医妃权遮天下""}, ""retext"": ""神手医妃权遮天下""}",N,N,N,"query: gold=""神手医妃权遮天下"" pred={""field"": ""title"", ""value"": ""神手医妃权遮天下""}; retext: gold= pred=""神手医妃权遮天下"""
有声,31,听白眉大侠评书全集,audio_search,,audio_search,"{""action"": ""play"", ""query"": ""听白眉大侠评书全集""}",audio_search,"{""action"": ""play"", ""query"": ""听白眉大侠评书全集""}",Y,Y,Y,
有声,35,我想听红楼梦,audio_search,,audio_search,"{""action"": ""play"", ""query"": ""我想听红楼梦""}",audio_search,"{""action"": ""play"", ""query"": ""我想听红楼梦""}",Y,Y,Y,
有声,32,收听七侠五义评书完整版,audio_search,,audio_search,"{""action"": ""play"", ""query"": ""收听七侠五义评书完整版""}",audio_search,"{""action"": ""play"", ""query"": ""收听七侠五义评书完整版""}",Y,Y,Y,
有声,33,收听丁香医生有声专辑,audio_search,,audio_search,"{""action"": ""play"", ""query"": ""收听丁香医生有声专辑""}",audio_search,"{""action"": ""play"", ""query"": ""收听丁香医生有声专辑""}",Y,Y,Y,
有声,34,小兵张嘎儿童版有声剧在哪？,audio_search,,audio_search,"{""action"": ""search"", ""query"": ""小兵张嘎儿童版有声剧在哪？""}",audio_search,"{""action"": ""search"", ""query"": ""小兵张嘎儿童版有声剧在哪？""}",Y,Y,Y,
有声,36,播放史记的有声内容,audio_search,,audio_search,"{""action"": ""play"", ""query"": ""播放史记的有声内容""}",audio_search,"{""action"": ""play"", ""query"": ""播放史记的有声内容""}",Y,Y,Y,
有声,37,听一会孙子兵法,audio_search,,audio_search,"{""action"": ""play"", ""query"": ""听一会孙子兵法""}",audio_search,"{""action"": ""play"", ""query"": ""听一会孙子兵法""}",Y,Y,Y,
有声,38,我要听一下黄帝内经,audio_search,,audio_search,"{""action"": ""play"", ""query"": ""我要听一下黄帝内经""}",audio_search,"{""action"": ""play"", ""query"": ""我要听一下黄帝内经""}",Y,Y,Y,
有声,39,我要听FM守村人,audio_search,,audio_search,"{""action"": ""play"", ""query"": ""我要听FM守村人""}",audio_search,"{""action"": ""play"", ""query"": ""我要听FM守村人""}",Y,Y,Y,
有声,40,我要听小说豪门冷婚,audio_search,,audio_search,"{""action"": ""play"", ""query"": ""我要听小说豪门冷婚""}",audio_search,"{""action"": ""play"", ""query"": ""我要听小说豪门冷婚""}",Y,Y,Y,
有声,41,收听爱探险的朵拉,audio_search,,audio_search,"{""action"": ""play"", ""query"": ""收听爱探险的朵拉""}",audio_search,"{""action"": ""play"", ""query"": ""收听爱探险的朵拉""}",Y,Y,Y,
有声,42,我想听老梁故事会,audio_search,,audio_search,"{""action"": ""play"", ""query"": ""我想听老梁故事会""}",audio_search,"{""action"": ""play"", ""query"": ""我想听老梁故事会""}",Y,Y,Y,
有声,43,我要听山海情有声版,audio_search,,audio_search,"{""action"": ""play"", ""query"": ""我要听山海情有声版""}",audio_search,"{""action"": ""play"", ""query"": ""我要听山海情有声版""}",Y,Y,Y,
有声,45,帮我播放科教类有声节目,audio_search,,audio_search,"{""action"": ""play"", ""query"": ""帮我播放科教类有声节目""}",audio_search,"{""action"": ""play"", ""query"": ""帮我播放科教类有声节目""}",Y,Y,Y,
有声,44,我要听大漠苍狼有声书,audio_search,,audio_search,"{""action"": ""play"", ""query"": ""我要听大漠苍狼有声书""}",audio_search,"{""action"": ""play"", ""query"": ""我要听大漠苍狼有声书""}",Y,Y,Y,
有声,47,播孙小圣与猪小能,audio_search,,audio_search,"{""action"": ""play"", ""query"": ""播孙小圣与猪小能""}",educ_fuzzy_search,"{""query"": ""播孙小圣与猪小能""}",N,N,N,"action: gold=""play"" pred="
有声,46,放个商务英语随口说音频,audio_search,,audio_search,"{""action"": ""play"", ""query"": ""放个商务英语随口说音频""}",audio_search,"{""action"": ""play"", ""query"": ""放个商务英语随口说音频""}",Y,Y,Y,
有声,48,请播放雪中悍刀行有声小说,audio_search,,audio_search,"{""action"": ""play"", ""query"": ""请播放雪中悍刀行有声小说""}",audio_search,"{""action"": ""play"", ""query"": ""请播放雪中悍刀行有声小说""}",Y,Y,Y,
有声,49,找一下大秦帝国的有声书,audio_search,,audio_search,"{""action"": ""search"", ""query"": ""找一下大秦帝国的有声书""}",audio_search,"{""action"": ""search"", ""query"": ""找一下大秦帝国的有声书""}",Y,Y,Y,
有声,50,给我听听斗破苍穹,audio_search,,audio_search,"{""action"": ""play"", ""query"": ""给我听听斗破苍穹""}",audio_search,"{""action"": ""play"", ""query"": ""给我听听斗破苍穹""}",Y,Y,Y,
有声,51,播放重紫有声版,audio_search,,audio_search,"{""action"": ""play"", ""query"": ""播放重紫有声版""}",audio_search,"{""action"": ""play"", ""query"": ""播放重紫有声版""}",Y,Y,Y,
有声,52,请听一下剑道第一仙有声书,audio_search,,audio_search,"{""action"": ""play"", ""query"": ""请听一下剑道第一仙有声书""}",audio_search,"{""action"": ""play"", ""query"": ""请听一下剑道第一仙有声书""}",Y,Y,Y,
有声,54,播放隐秘的角落广播剧,audio_search,,audio_search,"{""action"": ""play"", ""query"": ""播放隐秘的角落广播剧""}",audio_search,"{""action"": ""play"", ""query"": ""播放隐秘的角落广播剧""}",Y,Y,Y,
有声,53,帮我找追风筝的人有声版,audio_search,,audio_search,"{""action"": ""search"", ""query"": ""帮我找追风筝的人有声版""}",audio_search,"{""action"": ""search"", ""query"": ""帮我找追风筝的人有声版""}",Y,Y,Y,
有声,56,播放长相思广播剧,audio_search,,audio_search,"{""action"": ""play"", ""query"": ""播放长相思广播剧""}",audio_search,"{""action"": ""play"", ""query"": ""播放长相思广播剧""}",Y,Y,Y,
有声,55,父与子让我听听,audio_search,,audio_search,"{""action"": ""play"", ""query"": ""父与子让我听听""}",audio_search,"{""action"": ""play"", ""query"": ""父与子让我听听""}",Y,Y,Y,
有声,57,给我放小王子中英双语音频,audio_search,,audio_search,"{""action"": ""play"", ""query"": ""给我放小王子中英双语音频""}",audio_search,"{""action"": ""play"", ""query"": ""给我放小王子中英双语音频""}",Y,Y,Y,
有声,59,播放生活小窍门音频,audio_search,,audio_search,"{""action"": ""play"", ""query"": ""播放生活小窍门音频""}",audio_search,"{""action"": ""play"", ""query"": ""播放生活小窍门音频""}",Y,Y,Y,
有声,60,放个康熙大帝有声书,audio_search,,audio_search,"{""action"": ""play"", ""query"": ""放个康熙大帝有声书""}",audio_search,"{""action"": ""play"", ""query"": ""放个康熙大帝有声书""}",Y,Y,Y,
有声,61,请让我听天道方程式音频,audio_search,,audio_search,"{""action"": ""play"", ""query"": ""请让我听天道方程式音频""}",audio_search,"{""action"": ""play"", ""query"": ""请让我听天道方程式音频""}",Y,Y,Y,
有声,58,放一个职场精英课有声书,audio_search,,audio_search,"{""action"": ""play"", ""query"": ""放一个职场精英课有声书""}",audio_search,"{""action"": ""play"", ""query"": ""放一个职场精英课有声书""}",Y,Y,Y,
有声,62,放一个余罪音频,audio_search,,audio_search,"{""action"": ""play"", ""query"": ""放一个余罪音频""}",audio_search,"{""action"": ""play"", ""query"": ""放一个余罪音频""}",Y,Y,Y,
有声,63,给我听听春秋战国史音频,audio_search,,audio_search,"{""action"": ""play"", ""query"": ""给我听听春秋战国史音频""}",audio_search,"{""action"": ""play"", ""query"": ""给我听听春秋战国史音频""}",Y,Y,Y,
有声,66,请听一下国学启蒙有声版,audio_search,,audio_search,"{""action"": ""play"", ""query"": ""请听一下国学启蒙有声版""}",audio_search,"{""action"": ""play"", ""query"": ""请听一下国学启蒙有声版""}",Y,Y,Y,
有声,64,找一下长安十二时辰有声版,audio_search,,audio_search,"{""action"": ""search"", ""query"": ""找一下长安十二时辰有声版""}",audio_search,"{""action"": ""search"", ""query"": ""找一下长安十二时辰有声版""}",Y,Y,Y,
有声,65,请帮我播放宋史通俗演义FM,audio_search,,audio_search,"{""action"": ""play"", ""query"": ""请帮我播放宋史通俗演义FM""}",audio_search,"{""action"": ""play"", ""query"": ""请帮我播放宋史通俗演义FM""}",Y,Y,Y,
有声,67,请播放好奇心出发第2季有声版,audio_search,,audio_search,"{""action"": ""play"", ""query"": ""请播放好奇心出发第2季有声版""}",audio_search,"{""action"": ""play"", ""query"": ""请播放好奇心出发第2季有声版""}",Y,Y,Y,
有声,68,搜一下骆驼祥子有声版,audio_search,,audio_search,"{""action"": ""search"", ""query"": ""搜一下骆驼祥子有声版""}",audio_search,"{""action"": ""search"", ""query"": ""搜一下骆驼祥子有声版""}",Y,Y,Y,
有声,69,搜索风起洛阳的有声内容,audio_search,,audio_search,"{""action"": ""search"", ""query"": ""搜索风起洛阳的有声内容""}",audio_search,"{""action"": ""search"", ""query"": ""搜索风起洛阳的有声内容""}",Y,Y,Y,
有声,70,帮我找狼图腾的有声书,audio_search,,audio_search,"{""action"": ""search"", ""query"": ""帮我找狼图腾的有声书""}",audio_search,"{""action"": ""search"", ""query"": ""帮我找狼图腾的有声书""}",Y,Y,Y,
有声,71,我要听许你万丈光芒好有声版,audio_search,,audio_search,"{""action"": ""play"", ""query"": ""我要听许你万丈光芒好有声版""}",audio_search,"{""action"": ""play"", ""query"": ""我要听许你万丈光芒好有声版""}",Y,Y,Y,
有声,72,请你播放猎罪者悬疑音频,audio_search,,audio_search,"{""action"": ""play"", ""query"": ""请你播放猎罪者悬疑音频""}",audio_search,"{""action"": ""play"", ""query"": ""请你播放猎罪者悬疑音频""}",Y,Y,Y,
有声,73,请播黄河古事有声版,audio_search,,audio_search,"{""action"": ""play"", ""query"": ""请播黄河古事有声版""}",audio_search,"{""action"": ""play"", ""query"": ""请播黄河古事有声版""}",Y,Y,Y,
有声,74,请放一下偷脸悬疑音频,audio_search,,audio_search,"{""action"": ""play"", ""query"": ""请放一下偷脸悬疑音频""}",audio_search,"{""action"": ""play"", ""query"": ""请放一下偷脸悬疑音频""}",Y,Y,Y,
有声,77,找凡人修仙传有声书,audio_search,,audio_search,"{""action"": ""search"", ""query"": ""找凡人修仙传有声书""}",audio_search,"{""action"": ""search"", ""query"": ""找凡人修仙传有声书""}",Y,Y,Y,
有声,75,请给我播放夜行实录有声书,audio_search,,audio_search,"{""action"": ""play"", ""query"": ""请给我播放夜行实录有声书""}",audio_search,"{""action"": ""play"", ""query"": ""请给我播放夜行实录有声书""}",Y,Y,Y,
有声,76,请给我放乌盆记音频,audio_search,,audio_search,"{""action"": ""play"", ""query"": ""请给我放乌盆记音频""}",audio_search,"{""action"": ""play"", ""query"": ""请给我放乌盆记音频""}",Y,Y,Y,
有声,79,请让我听情感心理学有声,audio_search,,audio_search,"{""action"": ""play"", ""query"": ""请让我听情感心理学有声""}",audio_search,"{""action"": ""play"", ""query"": ""请让我听情感心理学有声""}",Y,Y,Y,
有声,82,请你播放情感美文朗读音频,audio_search,,audio_search,"{""action"": ""play"", ""query"": ""请你播放情感美文朗读音频""}",audio_search,"{""action"": ""play"", ""query"": ""请你播放情感美文朗读音频""}",Y,Y,Y,
有声,78,我想听天字第一当,audio_search,,audio_search,"{""action"": ""play"", ""query"": ""我想听天字第一当""}",audio_search,"{""action"": ""play"", ""query"": ""我想听天字第一当""}",Y,Y,Y,
有声,80,播放爱情题材广播剧,audio_search,,audio_search,"{""action"": ""play"", ""query"": ""播放爱情题材广播剧""}",audio_search,"{""action"": ""play"", ""query"": ""播放爱情题材广播剧""}",Y,Y,Y,
有声,81,我要听中国历史未解之谜,audio_search,,audio_search,"{""action"": ""play"", ""query"": ""我要听中国历史未解之谜""}",edu_search,"{""query"": {""and"": [{""field"": ""first_subject"", ""value"": ""历史""}, {""field"": ""k12_category"", ""operator"": ""or"", ""values"": [""同步课"", ""同步拓展课""]}]}}",N,N,N,"action: gold=""play"" pred=; query: gold=""我要听中国历史未解之谜"" pred={""and"": [{""field"": ""first_subject"", ""value"": ""历史""}, {""field"": ""k12_category"", ""operator"": ""or"", ""values"": [""同步拓展课"", ""同步课""]}]}"
有声,83,要听免费的逐玉,audio_search,,audio_search,"{""action"": ""play"", ""query"": ""要听免费的逐玉""}",audio_search,"{""action"": ""play"", ""query"": ""要听免费的逐玉""}",Y,Y,Y,
有声,84,请听史记讲解有声,audio_search,,audio_search,"{""action"": ""play"", ""query"": ""请听史记讲解有声""}",audio_search,"{""action"": ""play"", ""query"": ""请听史记讲解有声""}",Y,Y,Y,
有声,86,帮我播放万历十五年音频,audio_search,,audio_search,"{""action"": ""play"", ""query"": ""帮我播放万历十五年音频""}",audio_search,"{""action"": ""play"", ""query"": ""帮我播放万历十五年音频""}",Y,Y,Y,
有声,87,查找隋唐史有声讲解,audio_search,,audio_search,"{""action"": ""search"", ""query"": ""查找隋唐史有声讲解""}",audio_search,"{""action"": ""search"", ""query"": ""查找隋唐史有声讲解""}",Y,Y,Y,
有声,85,请听一下楚汉争霸有声书,audio_search,,audio_search,"{""action"": ""play"", ""query"": ""请听一下楚汉争霸有声书""}",audio_search,"{""action"": ""play"", ""query"": ""请听一下楚汉争霸有声书""}",Y,Y,Y,
有声,90,听逃离清华,audio_search,,audio_search,"{""action"": ""play"", ""query"": ""听逃离清华""}",audio_search,"{""action"": ""play"", ""query"": ""听逃离清华""}",Y,Y,Y,
有声,88,打开三国史话有声书,audio_search,,audio_search,"{""action"": ""play"", ""query"": ""打开三国史话有声书""}",audio_search,"{""action"": ""play"", ""query"": ""打开三国史话有声书""}",Y,Y,Y,
有声,89,播放星辰变广播剧,audio_search,,audio_search,"{""action"": ""play"", ""query"": ""播放星辰变广播剧""}",audio_search,"{""action"": ""play"", ""query"": ""播放星辰变广播剧""}",Y,Y,Y,
有声,91,我想听人世间有声版,audio_search,,audio_search,"{""action"": ""play"", ""query"": ""我想听人世间有声版""}",audio_search,"{""action"": ""play"", ""query"": ""我想听人世间有声版""}",Y,Y,Y,
有声,92,我想听择天记有声版,audio_search,,audio_search,"{""action"": ""play"", ""query"": ""我想听择天记有声版""}",audio_search,"{""action"": ""play"", ""query"": ""我想听择天记有声版""}",Y,Y,Y,
有声,93,请放一下品牌思维有声,audio_search,,audio_search,"{""action"": ""play"", ""query"": ""请放一下品牌思维有声""}",audio_search,"{""action"": ""play"", ""query"": ""请放一下品牌思维有声""}",Y,Y,Y,
有声,94,请给我播放互联网商业音频,audio_search,,audio_search,"{""action"": ""play"", ""query"": ""请给我播放互联网商业音频""}",audio_search,"{""action"": ""play"", ""query"": ""请给我播放互联网商业音频""}",Y,Y,Y,
有声,96,帮我播放投资理财商业有声,audio_search,,audio_search,"{""action"": ""play"", ""query"": ""帮我播放投资理财商业有声""}",audio_search,"{""action"": ""play"", ""query"": ""帮我播放投资理财商业有声""}",Y,Y,Y,
有声,97,帮我找武动乾坤有声版,audio_search,,audio_search,"{""action"": ""search"", ""query"": ""帮我找武动乾坤有声版""}",audio_search,"{""action"": ""search"", ""query"": ""帮我找武动乾坤有声版""}",Y,Y,Y,
有声,98,我要听遮天有声书,audio_search,,audio_search,"{""action"": ""play"", ""query"": ""我要听遮天有声书""}",audio_search,"{""action"": ""play"", ""query"": ""我要听遮天有声书""}",Y,Y,Y,
有声,100,我想听凯叔,audio_search,,audio_search,"{""action"": ""play"", ""query"": ""我想听凯叔""}",audio_search,"{""action"": ""play"", ""query"": ""我想听凯叔""}",Y,Y,Y,
有声,103,查找职场技能提升音频,audio_search,,audio_search,"{""action"": ""search"", ""query"": ""查找职场技能提升音频""}",audio_search,"{""action"": ""search"", ""query"": ""查找职场技能提升音频""}",Y,Y,Y,
有声,102,请给我放经济学通识有声,audio_search,,audio_search,"{""action"": ""play"", ""query"": ""请给我放经济学通识有声""}",audio_search,"{""action"": ""play"", ""query"": ""请给我放经济学通识有声""}",Y,Y,Y,
有声,101,给我播放微博报,audio_search,,audio_search,"{""action"": ""play"", ""query"": ""给我播放微博报""}",vod_search,"{""action"": ""play"", ""query"": {""field"": ""title"", ""value"": ""微博报""}, ""retext"": ""给我播放微博报""}",N,N,N,"query: gold=""给我播放微博报"" pred={""field"": ""title"", ""value"": ""微博报""}; retext: gold= pred=""给我播放微博报"""
有声,104,请听夏说英文晨读有声版,audio_search,,audio_search,"{""action"": ""play"", ""query"": ""请听夏说英文晨读有声版""}",audio_search,"{""action"": ""play"", ""query"": ""请听夏说英文晨读有声版""}",Y,Y,Y,
有声,105,播放白夜追凶的有声故事,audio_search,,audio_search,"{""action"": ""play"", ""query"": ""播放白夜追凶的有声故事""}",audio_search,"{""action"": ""play"", ""query"": ""播放白夜追凶的有声故事""}",Y,Y,Y,
有声,108,播放朝暮与你有声版,audio_search,,audio_search,"{""action"": ""play"", ""query"": ""播放朝暮与你有声版""}",audio_search,"{""action"": ""play"", ""query"": ""播放朝暮与你有声版""}",Y,Y,Y,
有声,106,请放一下安全警长啦咘啦哆音频,audio_search,,audio_search,"{""action"": ""play"", ""query"": ""请放一下安全警长啦咘啦哆音频""}",audio_search,"{""action"": ""play"", ""query"": ""请放一下安全警长啦咘啦哆音频""}",Y,Y,Y,
有声,107,请给我播放绘本故事有声版,audio_search,,audio_search,"{""action"": ""play"", ""query"": ""请给我播放绘本故事有声版""}",educ_search,"{""query"": {""field"": ""children_second_genre"", ""value"": ""绘本""}, ""retext"": ""请给我播放绘本故事有声版""}",N,N,N,"action: gold=""play"" pred=; query: gold=""请给我播放绘本故事有声版"" pred={""field"": ""children_second_genre"", ""value"": ""绘本""}; retext: gold= pred=""请给我播放绘本故事有声版"""
有声,95,我想听关于快递骗局的节目,audio_search,,audio_search,"{""action"": ""play"", ""query"": ""我想听关于快递骗局的节目""}",fan_knowledge_agent,"{""messages"": [{""content"": ""我想听关于快递骗局的节目"", ""role"": ""user""}], ""need_media"": false, ""riskRespStrategy"": ""all_replace"", ""sceneType"": ""knowledge_qa""}",N,N,N,"action: gold=""play"" pred=; messages: gold= pred=[{""content"": ""我想听关于快递骗局的节目"", ""role"": ""user""}]; need_media: gold= pred=; query: gold=""我想听关于快递骗局的节目"" pred=; riskRespStrategy: gold= pred=""all_replace""; sceneType: gold= pred=""knowledge_qa"""
有声,110,找一下觉醒年代的有声版,audio_search,,audio_search,"{""action"": ""search"", ""query"": ""找一下觉醒年代的有声版""}",audio_search,"{""action"": ""search"", ""query"": ""找一下觉醒年代的有声版""}",Y,Y,Y,
有声,109,放一个世界名人英文演讲有声版,audio_search,,audio_search,"{""action"": ""play"", ""query"": ""放一个世界名人英文演讲有声版""}",audio_search,"{""action"": ""play"", ""query"": ""放一个世界名人英文演讲有声版""}",Y,Y,Y,
有声,111,我要听人民的名义有声书,audio_search,,audio_search,"{""action"": ""play"", ""query"": ""我要听人民的名义有声书""}",audio_search,"{""action"": ""play"", ""query"": ""我要听人民的名义有声书""}",Y,Y,Y,
有声,112,播放亮剑有声版小说,audio_search,,audio_search,"{""action"": ""play"", ""query"": ""播放亮剑有声版小说""}",audio_search,"{""action"": ""play"", ""query"": ""播放亮剑有声版小说""}",Y,Y,Y,
有声,113,帮我找琅琊榜的有声内容,audio_search,,audio_search,"{""action"": ""search"", ""query"": ""帮我找琅琊榜的有声内容""}",audio_search,"{""action"": ""search"", ""query"": ""帮我找琅琊榜的有声内容""}",Y,Y,Y,
有声,115,收听文物考古的节目,audio_search,,audio_search,"{""action"": ""play"", ""query"": ""收听文物考古的节目""}",audio_search,"{""action"": ""play"", ""query"": ""收听文物考古的节目""}",Y,Y,Y,
有声,114,我想听关于毛主席的有声读物,audio_search,,audio_search,"{""action"": ""play"", ""query"": ""我想听关于毛主席的有声读物""}",audio_search,"{""action"": ""play"", ""query"": ""我想听关于毛主席的有声读物""}",Y,Y,Y,
有声,116,我要听将门毒后第二章,audio_search,,audio_search,"{""action"": ""play"", ""query"": ""我要听将门毒后第二章""}",audio_search,"{""action"": ""play"", ""query"": ""我要听将门毒后第二章""}",Y,Y,Y,
有声,117,我想听明朝那些事儿第一集,audio_search,,audio_search,"{""action"": ""play"", ""query"": ""我想听明朝那些事儿第一集""}",audio_search,"{""action"": ""play"", ""query"": ""我想听明朝那些事儿第一集""}",Y,Y,Y,
有声,99,放娱乐热点,audio_search,,audio_search,"{""action"": ""play"", ""query"": ""放娱乐热点""}",vod_fuzzy_search,"{""query"": ""放娱乐热点""}",N,N,N,"action: gold=""play"" pred="
有声,118,直接播盗墓笔记有声书最新一集,audio_search,,audio_search,"{""action"": ""play"", ""query"": ""直接播盗墓笔记有声书最新一集""}",audio_search,"{""action"": ""play"", ""query"": ""直接播盗墓笔记有声书最新一集""}",Y,Y,Y,
有声,120,我要听封神演义第3回,audio_search,,audio_search,"{""action"": ""play"", ""query"": ""我要听封神演义第3回""}",audio_search,"{""action"": ""play"", ""query"": ""我要听封神演义第3回""}",Y,Y,Y,
有声,119,放西汉演义第365回,audio_search,,audio_search,"{""action"": ""play"", ""query"": ""放西汉演义第365回""}",audio_search,"{""action"": ""play"", ""query"": ""放西汉演义第365回""}",Y,Y,Y,
有声,121,播放评书包公案从第72章免费听,audio_search,,audio_search,"{""action"": ""play"", ""query"": ""播放评书包公案从第72章免费听""}",audio_search,"{""action"": ""play"", ""query"": ""播放评书包公案从第72章免费听""}",Y,Y,Y,
有声,122,我想听三国演义第37章,audio_search,,audio_search,"{""action"": ""play"", ""query"": ""我想听三国演义第37章""}",audio_search,"{""action"": ""play"", ""query"": ""我想听三国演义第37章""}",Y,Y,Y,
有声,123,听斗破苍穹最新更新的那一集,audio_search,,audio_search,"{""action"": ""play"", ""query"": ""听斗破苍穹最新更新的那一集""}",audio_search,"{""action"": ""play"", ""query"": ""听斗破苍穹最新更新的那一集""}",Y,Y,Y,
有声,124,我要听凡人修仙传第350章,audio_search,,audio_search,"{""action"": ""play"", ""query"": ""我要听凡人修仙传第350章""}",audio_search,"{""action"": ""play"", ""query"": ""我要听凡人修仙传第350章""}",Y,Y,Y,
有声,125,查找大奉打更人第888章有声版,audio_search,,audio_search,"{""action"": ""search"", ""query"": ""查找大奉打更人第888章有声版""}",audio_search,"{""action"": ""search"", ""query"": ""查找大奉打更人第888章有声版""}",Y,Y,Y,
有声,126,收听明朝那些事儿第五卷的第28章,audio_search,,audio_search,"{""action"": ""play"", ""query"": ""收听明朝那些事儿第五卷的第28章""}",audio_search,"{""action"": ""play"", ""query"": ""收听明朝那些事儿第五卷的第28章""}",Y,Y,Y,
有声,127,听一下第80回的乱世枭雄评书,audio_search,,audio_search,"{""action"": ""play"", ""query"": ""听一下第80回的乱世枭雄评书""}",audio_search,"{""action"": ""play"", ""query"": ""听一下第80回的乱世枭雄评书""}",Y,Y,Y,
有声,128,从第50集开始播放庆余年小说,audio_search,,audio_search,"{""action"": ""play"", ""query"": ""从第50集开始播放庆余年小说""}",audio_search,"{""action"": ""play"", ""query"": ""从第50集开始播放庆余年小说""}",Y,Y,Y,
有声,129,跳到赘婿小说的第200章,audio_search,,audio_search,"{""action"": ""play"", ""query"": ""跳到赘婿小说的第200章""}",audio_search,"{""action"": ""play"", ""query"": ""跳到赘婿小说的第200章""}",Y,Y,Y,
有声,130,广播猫小九历险记从第210章收听,audio_search,,audio_search,"{""action"": ""play"", ""query"": ""广播猫小九历险记从第210章收听""}",audio_search,"{""action"": ""play"", ""query"": ""广播猫小九历险记从第210章收听""}",Y,Y,Y,
有声,131,播放诡秘之主第410集免费听,audio_search,,audio_search,"{""action"": ""play"", ""query"": ""播放诡秘之主第410集免费听""}",audio_search,"{""action"": ""play"", ""query"": ""播放诡秘之主第410集免费听""}",Y,Y,Y,
有声,132,收听茅山道术师第300回,audio_search,,audio_search,"{""action"": ""play"", ""query"": ""收听茅山道术师第300回""}",audio_search,"{""action"": ""play"", ""query"": ""收听茅山道术师第300回""}",Y,Y,Y,
有声,133,放米小圈上学记音频第89集,audio_search,,audio_search,"{""action"": ""play"", ""query"": ""放米小圈上学记音频第89集""}",audio_search,"{""action"": ""play"", ""query"": ""放米小圈上学记音频第89集""}",Y,Y,Y,
有声,134,收听斗罗大陆大结局那一集,audio_search,,audio_search,"{""action"": ""play"", ""query"": ""收听斗罗大陆大结局那一集""}",audio_search,"{""action"": ""play"", ""query"": ""收听斗罗大陆大结局那一集""}",Y,Y,Y,
有声,135,听紫川最新章节,audio_search,,audio_search,"{""action"": ""play"", ""query"": ""听紫川最新章节""}",audio_search,"{""action"": ""play"", ""query"": ""听紫川最新章节""}",Y,Y,Y,
有声,137,给我听听神奇校车第三集的有声书,audio_search,,audio_search,"{""action"": ""play"", ""query"": ""给我听听神奇校车第三集的有声书""}",audio_search,"{""action"": ""play"", ""query"": ""给我听听神奇校车第三集的有声书""}",Y,Y,Y,
有声,136,给我放西游记的第六集儿童音频,audio_search,,audio_search,"{""action"": ""play"", ""query"": ""给我放西游记的第六集儿童音频""}",audio_search,"{""action"": ""play"", ""query"": ""给我放西游记的第六集儿童音频""}",Y,Y,Y,
有声,138,请你播放父与子漫画音频第三回,audio_search,,audio_search,"{""action"": ""play"", ""query"": ""请你播放父与子漫画音频第三回""}",audio_search,"{""action"": ""play"", ""query"": ""请你播放父与子漫画音频第三回""}",Y,Y,Y,
有声,139,请播大中华寻宝记有声故事第88章,audio_search,,audio_search,"{""action"": ""play"", ""query"": ""请播大中华寻宝记有声故事第88章""}",audio_search,"{""action"": ""play"", ""query"": ""请播大中华寻宝记有声故事第88章""}",Y,Y,Y,
有声,140,播放情感电台音频治愈故事第十二期,audio_search,,audio_search,"{""action"": ""play"", ""query"": ""播放情感电台音频治愈故事第十二期""}",audio_search,"{""action"": ""play"", ""query"": ""播放情感电台音频治愈故事第十二期""}",Y,Y,Y,
有声,141,播放财经课程音频基金入门第六讲,audio_search,,audio_search,"{""action"": ""play"", ""query"": ""播放财经课程音频基金入门第六讲""}",audio_search,"{""action"": ""play"", ""query"": ""播放财经课程音频基金入门第六讲""}",Y,Y,Y,
有声,142,请给我放音频恐龙百科第66集,audio_search,,audio_search,"{""action"": ""play"", ""query"": ""请给我放音频恐龙百科第66集""}",audio_search,"{""action"": ""play"", ""query"": ""请给我放音频恐龙百科第66集""}",Y,Y,Y,
有声,143,请让我听格林童话有声故事第9章,audio_search,,audio_search,"{""action"": ""play"", ""query"": ""请让我听格林童话有声故事第9章""}",audio_search,"{""action"": ""play"", ""query"": ""请让我听格林童话有声故事第9章""}",Y,Y,Y,
有声,145,听一听儿童睡前故事音频第五篇,audio_search,,audio_search,"{""action"": ""play"", ""query"": ""听一听儿童睡前故事音频第五篇""}",audio_search,"{""action"": ""play"", ""query"": ""听一听儿童睡前故事音频第五篇""}",Y,Y,Y,
有声,144,请听安徒生童话音频的第十八回,audio_search,,audio_search,"{""action"": ""play"", ""query"": ""请听安徒生童话音频的第十八回""}",audio_search,"{""action"": ""play"", ""query"": ""请听安徒生童话音频的第十八回""}",Y,Y,Y,
有声,146,听一下财经早知道音频今日第一期,audio_search,,audio_search,"{""action"": ""play"", ""query"": ""听一下财经早知道音频今日第一期""}",audio_search,"{""action"": ""play"", ""query"": ""听一下财经早知道音频今日第一期""}",Y,Y,Y,
有声,147,查找十万个为什么第十集有声书,audio_search,,audio_search,"{""action"": ""search"", ""query"": ""查找十万个为什么第十集有声书""}",audio_search,"{""action"": ""search"", ""query"": ""查找十万个为什么第十集有声书""}",Y,Y,Y,
有声,148,打开音频猫爪怪探团第一季开始播,audio_search,,audio_search,"{""action"": ""play"", ""query"": ""打开音频猫爪怪探团第一季开始播""}",audio_search,"{""action"": ""play"", ""query"": ""打开音频猫爪怪探团第一季开始播""}",Y,Y,Y,
有声,149,放第三集的米吴科学大探险有声版,audio_search,,audio_search,"{""action"": ""play"", ""query"": ""放第三集的米吴科学大探险有声版""}",audio_search,"{""action"": ""play"", ""query"": ""放第三集的米吴科学大探险有声版""}",Y,Y,Y,
有声,150,调到小学生必背古诗第八章音频,audio_search,,audio_search,"{""action"": ""play"", ""query"": ""调到小学生必背古诗第八章音频""}",audio_search,"{""action"": ""play"", ""query"": ""调到小学生必背古诗第八章音频""}",Y,Y,Y,
有声,151,放个皮皮鲁历险记有声故事的第110回,audio_search,,audio_search,"{""action"": ""play"", ""query"": ""放个皮皮鲁历险记有声故事的第110回""}",audio_search,"{""action"": ""play"", ""query"": ""放个皮皮鲁历险记有声故事的第110回""}",Y,Y,Y,
有声,152,找一下围城有声版第3章,audio_search,,audio_search,"{""action"": ""search"", ""query"": ""找一下围城有声版第3章""}",audio_search,"{""action"": ""search"", ""query"": ""找一下围城有声版第3章""}",Y,Y,Y,
有声,153,播放有声版的宝贝JOJO第1集,audio_search,,audio_search,"{""action"": ""play"", ""query"": ""播放有声版的宝贝JOJO第1集""}",audio_search,"{""action"": ""play"", ""query"": ""播放有声版的宝贝JOJO第1集""}",Y,Y,Y,
有声,155,三字经听第1集,audio_search,,audio_search,"{""action"": ""play"", ""query"": ""三字经听第1集""}",audio_search,"{""action"": ""play"", ""query"": ""三字经听第1集""}",Y,Y,Y,
有声,154,播放完美世界有声书第100章,audio_search,,audio_search,"{""action"": ""play"", ""query"": ""播放完美世界有声书第100章""}",audio_search,"{""action"": ""play"", ""query"": ""播放完美世界有声书第100章""}",Y,Y,Y,
有声,156,我要听庆余年第三季第5集,audio_search,,audio_search,"{""action"": ""play"", ""query"": ""我要听庆余年第三季第5集""}",audio_search,"{""action"": ""play"", ""query"": ""我要听庆余年第三季第5集""}",Y,Y,Y,
有声,157,给我放个 VOA 慢速英语音频第十篇,audio_search,,audio_search,"{""action"": ""play"", ""query"": ""给我放个 VOA 慢速英语音频第十篇""}",audio_search,"{""action"": ""play"", ""query"": ""给我放个 VOA 慢速英语音频第十篇""}",Y,Y,Y,
有声,158,给我听 TED 演讲英文音频第五集,audio_search,,audio_search,"{""action"": ""play"", ""query"": ""给我听 TED 演讲英文音频第五集""}",audio_search,"{""action"": ""play"", ""query"": ""给我听 TED 演讲英文音频第五集""}",Y,Y,Y,
有声,159,海信小聚播放米小圈有声故事第十四集,audio_search,,audio_search,"{""action"": ""play"", ""query"": ""海信小聚播放米小圈有声故事第十四集""}",audio_search,"{""action"": ""play"", ""query"": ""海信小聚播放米小圈有声故事第十四集""}",Y,Y,Y,
有声,160,继续播放偷偷藏不住有声书第四十八集,audio_search,,audio_search,"{""action"": ""play"", ""query"": ""继续播放偷偷藏不住有声书第四十八集""}",audio_history,"{""action"": ""play"", ""category"": ""有声书"", ""retext"": ""继续播放偷偷藏不住有声书第四十八集""}",N,N,N,"category: gold= pred=""有声书""; query: gold=""继续播放偷偷藏不住有声书第四十八集"" pred=; retext: gold= pred=""继续播放偷偷藏不住有声书第四十八集"""
有声,161,来个格林童话有声故事第三章,audio_search,,audio_search,"{""action"": ""play"", ""query"": ""来个格林童话有声故事第三章""}",audio_search,"{""action"": ""play"", ""query"": ""来个格林童话有声故事第三章""}",Y,Y,Y,
有声,162,请听摸金天师有声书第六十六集,audio_search,,audio_search,"{""action"": ""play"", ""query"": ""请听摸金天师有声书第六十六集""}",audio_search,"{""action"": ""play"", ""query"": ""请听摸金天师有声书第六十六集""}",Y,Y,Y,
有声,163,放到长月无烬有声书第十二回,audio_search,,audio_search,"{""action"": ""play"", ""query"": ""放到长月无烬有声书第十二回""}",audio_search,"{""action"": ""play"", ""query"": ""放到长月无烬有声书第十二回""}",Y,Y,Y,
有声,165,我想听盗墓笔记第一部第5集,audio_search,,audio_search,"{""action"": ""play"", ""query"": ""我想听盗墓笔记第一部第5集""}",audio_search,"{""action"": ""play"", ""query"": ""我想听盗墓笔记第一部第5集""}",Y,Y,Y,
有声,164,找我的老千生涯第500回,audio_search,,audio_search,"{""action"": ""search"", ""query"": ""找我的老千生涯第500回""}",audio_search,"{""action"": ""search"", ""query"": ""找我的老千生涯第500回""}",Y,Y,Y,
有声,166,收听雪中悍刀行第88章,audio_search,,audio_search,"{""action"": ""play"", ""query"": ""收听雪中悍刀行第88章""}",audio_search,"{""action"": ""play"", ""query"": ""收听雪中悍刀行第88章""}",Y,Y,Y,
有声,167,我要听将夜第300集,audio_search,,audio_search,"{""action"": ""play"", ""query"": ""我要听将夜第300集""}",audio_search,"{""action"": ""play"", ""query"": ""我要听将夜第300集""}",Y,Y,Y,
有声,168,调到遮天评书第七十七回,audio_search,,audio_search,"{""action"": ""play"", ""query"": ""调到遮天评书第七十七回""}",audio_search,"{""action"": ""play"", ""query"": ""调到遮天评书第七十七回""}",Y,Y,Y,
有声,169,放一个余罪有声书第十集,audio_search,,audio_search,"{""action"": ""play"", ""query"": ""放一个余罪有声书第十集""}",audio_search,"{""action"": ""play"", ""query"": ""放一个余罪有声书第十集""}",Y,Y,Y,
有声,170,收听大奉打更人第400集,audio_search,,audio_search,"{""action"": ""play"", ""query"": ""收听大奉打更人第400集""}",audio_search,"{""action"": ""play"", ""query"": ""收听大奉打更人第400集""}",Y,Y,Y,
有声,171,我要听赘婿第150章,audio_search,,audio_search,"{""action"": ""play"", ""query"": ""我要听赘婿第150章""}",audio_search,"{""action"": ""play"", ""query"": ""我要听赘婿第150章""}",Y,Y,Y,
有声,172,播放龙族第4卷第3章,audio_search,,audio_search,"{""action"": ""play"", ""query"": ""播放龙族第4卷第3章""}",audio_search,"{""action"": ""play"", ""query"": ""播放龙族第4卷第3章""}",Y,Y,Y,
有声,173,请给我放悬疑有声书偷脸第三十五集,audio_search,,audio_search,"{""action"": ""play"", ""query"": ""请给我放悬疑有声书偷脸第三十五集""}",audio_search,"{""action"": ""play"", ""query"": ""请给我放悬疑有声书偷脸第三十五集""}",Y,Y,Y,
有声,174,我想听择天记第200章,audio_search,,audio_search,"{""action"": ""play"", ""query"": ""我想听择天记第200章""}",audio_search,"{""action"": ""play"", ""query"": ""我想听择天记第200章""}",Y,Y,Y,
有声,175,收听诡秘之主第300集,audio_search,,audio_search,"{""action"": ""play"", ""query"": ""收听诡秘之主第300集""}",audio_search,"{""action"": ""play"", ""query"": ""收听诡秘之主第300集""}",Y,Y,Y,
有声,176,我要听斗罗大陆第100回,audio_search,,audio_search,"{""action"": ""play"", ""query"": ""我要听斗罗大陆第100回""}",audio_search,"{""action"": ""play"", ""query"": ""我要听斗罗大陆第100回""}",Y,Y,Y,
有声,177,播放历史评书大秦帝国第四十回,audio_search,,audio_search,"{""action"": ""play"", ""query"": ""播放历史评书大秦帝国第四十回""}",audio_search,"{""action"": ""play"", ""query"": ""播放历史评书大秦帝国第四十回""}",Y,Y,Y,
有声,178,请放一下从红月开始有声书第八回,audio_search,,audio_search,"{""action"": ""play"", ""query"": ""请放一下从红月开始有声书第八回""}",audio_search,"{""action"": ""play"", ""query"": ""请放一下从红月开始有声书第八回""}",Y,Y,Y,
有声,180,收听老人与海有声版第1章,audio_search,,audio_search,"{""action"": ""play"", ""query"": ""收听老人与海有声版第1章""}",audio_search,"{""action"": ""play"", ""query"": ""收听老人与海有声版第1章""}",Y,Y,Y,
有声,179,我想听鬼吹灯第二部第5集,audio_search,,audio_search,"{""action"": ""play"", ""query"": ""我想听鬼吹灯第二部第5集""}",audio_search,"{""action"": ""play"", ""query"": ""我想听鬼吹灯第二部第5集""}",Y,Y,Y,
有声,181,我要听月亮和六便士第2章,audio_search,,audio_search,"{""action"": ""play"", ""query"": ""我要听月亮和六便士第2章""}",audio_search,"{""action"": ""play"", ""query"": ""我要听月亮和六便士第2章""}",Y,Y,Y,
有声,182,帮我播放碎玉投珠广播剧第六集,audio_search,,audio_search,"{""action"": ""play"", ""query"": ""帮我播放碎玉投珠广播剧第六集""}",audio_search,"{""action"": ""play"", ""query"": ""帮我播放碎玉投珠广播剧第六集""}",Y,Y,Y,
有声,183,找百年孤独有声版第5章,audio_search,,audio_search,"{""action"": ""search"", ""query"": ""找百年孤独有声版第5章""}",audio_search,"{""action"": ""search"", ""query"": ""找百年孤独有声版第5章""}",Y,Y,Y,
有声,186,我要听三体第二部第5集,audio_search,,audio_search,"{""action"": ""play"", ""query"": ""我要听三体第二部第5集""}",audio_search,"{""action"": ""play"", ""query"": ""我要听三体第二部第5集""}",Y,Y,Y,
有声,185,收听高效能人士的七个习惯第3章,audio_search,,audio_search,"{""action"": ""play"", ""query"": ""收听高效能人士的七个习惯第3章""}",audio_search,"{""action"": ""play"", ""query"": ""收听高效能人士的七个习惯第3章""}",Y,Y,Y,
有声,184,请放一下王玥波评书雍正剑侠图第二十五回,audio_search,,audio_search,"{""action"": ""play"", ""query"": ""请放一下王玥波评书雍正剑侠图第二十五回""}",audio_search,"{""action"": ""play"", ""query"": ""请放一下王玥波评书雍正剑侠图第二十五回""}",Y,Y,Y,
有声,187,播放小说活着第8章,audio_search,,audio_search,"{""action"": ""play"", ""query"": ""播放小说活着第8章""}",audio_search,"{""action"": ""play"", ""query"": ""播放小说活着第8章""}",Y,Y,Y,
有声,188,找围城有声版第6章,audio_search,,audio_search,"{""action"": ""search"", ""query"": ""找围城有声版第6章""}",audio_search,"{""action"": ""search"", ""query"": ""找围城有声版第6章""}",Y,Y,Y,
有声,189,我想听平凡的世界第三部第2章,audio_search,,audio_search,"{""action"": ""play"", ""query"": ""我想听平凡的世界第三部第2章""}",audio_search,"{""action"": ""play"", ""query"": ""我想听平凡的世界第三部第2章""}",Y,Y,Y,
有声,190,帮我播放父与子漫画有声故事第十二集,audio_search,,audio_search,"{""action"": ""play"", ""query"": ""帮我播放父与子漫画有声故事第十二集""}",audio_search,"{""action"": ""play"", ""query"": ""帮我播放父与子漫画有声故事第十二集""}",Y,Y,Y,
有声,191,我要听射雕英雄传第66回,audio_search,,audio_search,"{""action"": ""play"", ""query"": ""我要听射雕英雄传第66回""}",audio_search,"{""action"": ""play"", ""query"": ""我要听射雕英雄传第66回""}",Y,Y,Y,
有声,193,给我放春秋战国史有声书第十五集,audio_search,,audio_search,"{""action"": ""play"", ""query"": ""给我放春秋战国史有声书第十五集""}",audio_search,"{""action"": ""play"", ""query"": ""给我放春秋战国史有声书第十五集""}",Y,Y,Y,
有声,196,我要听相声,audio_search,,audio_search,"{""action"": ""play"", ""query"": ""我要听相声""}",audio_search,"{""action"": ""play"", ""query"": ""我要听相声""}",Y,Y,Y,
有声,194,给我听听大唐兴亡三百年有声书第八回,audio_search,,audio_search,"{""action"": ""play"", ""query"": ""给我听听大唐兴亡三百年有声书第八回""}",audio_search,"{""action"": ""play"", ""query"": ""给我听听大唐兴亡三百年有声书第八回""}",Y,Y,Y,
有声,195,请你播放史记讲解有声书第二十章,audio_search,,audio_search,"{""action"": ""play"", ""query"": ""请你播放史记讲解有声书第二十章""}",audio_search,"{""action"": ""play"", ""query"": ""请你播放史记讲解有声书第二十章""}",Y,Y,Y,
有声,197,我要听古代言情小说,audio_search,,audio_search,"{""action"": ""play"", ""query"": ""我要听古代言情小说""}",audio_search,"{""action"": ""play"", ""query"": ""我要听古代言情小说""}",Y,Y,Y,
有声,198,放点武侠小说的有声书,audio_search,,audio_search,"{""action"": ""play"", ""query"": ""放点武侠小说的有声书""}",audio_search,"{""action"": ""play"", ""query"": ""放点武侠小说的有声书""}",Y,Y,Y,
有声,199,我想听职场类的小说,audio_search,,audio_search,"{""action"": ""play"", ""query"": ""我想听职场类的小说""}",audio_search,"{""action"": ""play"", ""query"": ""我想听职场类的小说""}",Y,Y,Y,
有声,202,我要听财经资讯,audio_search,,audio_search,"{""action"": ""play"", ""query"": ""我要听财经资讯""}",audio_search,"{""action"": ""play"", ""query"": ""我要听财经资讯""}",Y,Y,Y,
有声,201,有没有科幻题材的广播剧,audio_search,,audio_search,"{""action"": ""search"", ""query"": ""有没有科幻题材的广播剧""}",audio_search,"{""action"": ""search"", ""query"": ""有没有科幻题材的广播剧""}",Y,Y,Y,
有声,200,我想听军事题材的有声小说,audio_search,,audio_search,"{""action"": ""play"", ""query"": ""我想听军事题材的有声小说""}",audio_search,"{""action"": ""play"", ""query"": ""我想听军事题材的有声小说""}",Y,Y,Y,
有声,203,我想听历史类的书，比如讲唐朝的,audio_search,,audio_search,"{""action"": ""play"", ""query"": ""我想听历史类的书，比如讲唐朝的""}",edu_search,"{""query"": {""and"": [{""field"": ""first_subject"", ""value"": ""历史""}, {""field"": ""k12_category"", ""operator"": ""or"", ""values"": [""同步课"", ""同步拓展课""]}]}}",N,N,N,"action: gold=""play"" pred=; query: gold=""我想听历史类的书，比如讲唐朝的"" pred={""and"": [{""field"": ""first_subject"", ""value"": ""历史""}, {""field"": ""k12_category"", ""operator"": ""or"", ""values"": [""同步拓展课"", ""同步课""]}]}"
有声,205,搜一下恐怖灵异的故事,audio_search,,audio_search,"{""action"": ""search"", ""query"": ""搜一下恐怖灵异的故事""}",audio_search,"{""action"": ""search"", ""query"": ""搜一下恐怖灵异的故事""}",Y,Y,Y,
有声,204,找点悬疑推理的有声故事,audio_search,,audio_search,"{""action"": ""search"", ""query"": ""找点悬疑推理的有声故事""}",audio_search,"{""action"": ""search"", ""query"": ""找点悬疑推理的有声故事""}",Y,Y,Y,
有声,208,放点儿儿童睡前故事,audio_search,,audio_search,"{""action"": ""play"", ""query"": ""放点儿儿童睡前故事""}",audio_search,"{""action"": ""play"", ""query"": ""放点儿儿童睡前故事""}",Y,Y,Y,
有声,206,找经典文学名著改编的有声书,audio_search,,audio_search,"{""action"": ""search"", ""query"": ""找经典文学名著改编的有声书""}",audio_search,"{""action"": ""search"", ""query"": ""找经典文学名著改编的有声书""}",Y,Y,Y,
有声,207,有没有讲财经商业的节目,audio_search,,audio_search,"{""action"": ""search"", ""query"": ""有没有讲财经商业的节目""}",vod_search_all,"{""action"": ""search"", ""query"": {""and"": [{""field"": ""tag"", ""value"": ""财经""}, {""field"": ""tag"", ""value"": ""商业""}]}, ""retext"": ""有没有讲财经商业的节目""}",N,N,N,"query: gold=""有没有讲财经商业的节目"" pred={""and"": [{""field"": ""tag"", ""value"": ""商业""}, {""field"": ""tag"", ""value"": ""财经""}]}; retext: gold= pred=""有没有讲财经商业的节目"""
有声,210,播放小说,audio_search,,audio_search,"{""action"": ""play"", ""query"": ""播放小说""}",audio_search,"{""action"": ""play"", ""query"": ""播放小说""}",Y,Y,Y,
有声,192,播放重返1988第55回,audio_search,,audio_search,"{""action"": ""play"", ""query"": ""播放重返1988第55回""}",vod_fuzzy_search,"{""query"": ""播放重返1988第55回""}",N,N,N,"action: gold=""play"" pred="
有声,209,我想收听评书,audio_search,,audio_search,"{""action"": ""play"", ""query"": ""我想收听评书""}",audio_search,"{""action"": ""play"", ""query"": ""我想收听评书""}",Y,Y,Y,
有声,211,我想听新闻,audio_search,,audio_search,"{""action"": ""play"", ""query"": ""我想听新闻""}",audio_search,"{""action"": ""play"", ""query"": ""我想听新闻""}",Y,Y,Y,
有声,212,喜马拉雅上有什么好听的故事,audio_search,,audio_search,"{""action"": ""search"", ""query"": ""喜马拉雅上有什么好听的故事""}",audio_search,"{""action"": ""search"", ""query"": ""喜马拉雅上有什么好听的故事""}",Y,Y,Y,
有声,214,播放有声书,audio_search,,audio_search,"{""action"": ""play"", ""query"": ""播放有声书""}",audio_search,"{""action"": ""play"", ""query"": ""播放有声书""}",Y,Y,Y,
有声,213,我要听新闻资讯,audio_search,,audio_search,"{""action"": ""play"", ""query"": ""我要听新闻资讯""}",audio_search,"{""action"": ""play"", ""query"": ""我要听新闻资讯""}",Y,Y,Y,
有声,215,我想听广播剧,audio_search,,audio_search,"{""action"": ""play"", ""query"": ""我想听广播剧""}",audio_search,"{""action"": ""play"", ""query"": ""我想听广播剧""}",Y,Y,Y,
有声,216,我要听脱口秀的音频,audio_search,,audio_search,"{""action"": ""play"", ""query"": ""我要听脱口秀的音频""}",audio_search,"{""action"": ""play"", ""query"": ""我要听脱口秀的音频""}",Y,Y,Y,
有声,217,听下历史类的节目吧,audio_search,,audio_search,"{""action"": ""play"", ""query"": ""听下历史类的节目吧""}",edu_search,"{""query"": {""and"": [{""field"": ""first_subject"", ""value"": ""历史""}, {""field"": ""k12_category"", ""operator"": ""or"", ""values"": [""同步课"", ""同步拓展课""]}]}}",N,N,N,"action: gold=""play"" pred=; query: gold=""听下历史类的节目吧"" pred={""and"": [{""field"": ""first_subject"", ""value"": ""历史""}, {""field"": ""k12_category"", ""operator"": ""or"", ""values"": [""同步拓展课"", ""同步课""]}]}"
有声,218,播放个人成长类的有声内容,audio_search,,audio_search,"{""action"": ""play"", ""query"": ""播放个人成长类的有声内容""}",audio_search,"{""action"": ""play"", ""query"": ""播放个人成长类的有声内容""}",Y,Y,Y,
有声,219,我要听健康养生内容,audio_search,,audio_search,"{""action"": ""play"", ""query"": ""我要听健康养生内容""}",audio_search,"{""action"": ""play"", ""query"": ""我要听健康养生内容""}",Y,Y,Y,
有声,220,推荐提升情商的个人成长音频,audio_search,,audio_search,"{""action"": ""search"", ""query"": ""推荐提升情商的个人成长音频""}",audio_search,"{""action"": ""search"", ""query"": ""推荐提升情商的个人成长音频""}",Y,Y,Y,
有声,222,我想听历史故事,audio_search,,audio_search,"{""action"": ""play"", ""query"": ""我想听历史故事""}",edu_search,"{""query"": {""and"": [{""field"": ""first_subject"", ""value"": ""历史""}, {""field"": ""k12_category"", ""operator"": ""or"", ""values"": [""同步课"", ""同步拓展课""]}]}}",N,N,N,"action: gold=""play"" pred=; query: gold=""我想听历史故事"" pred={""and"": [{""field"": ""first_subject"", ""value"": ""历史""}, {""field"": ""k12_category"", ""operator"": ""or"", ""values"": [""同步拓展课"", ""同步课""]}]}"
有声,221,有没有免费的有声书,audio_search,,audio_search,"{""action"": ""search"", ""query"": ""有没有免费的有声书""}",audio_search,"{""action"": ""search"", ""query"": ""有没有免费的有声书""}",Y,Y,Y,
有声,223,播放儿童国学启蒙故事,audio_search,,audio_search,"{""action"": ""play"", ""query"": ""播放儿童国学启蒙故事""}",audio_search,"{""action"": ""play"", ""query"": ""播放儿童国学启蒙故事""}",Y,Y,Y,
有声,224,找一些宝宝睡前小故事听下,audio_search,,audio_search,"{""action"": ""play"", ""query"": ""找一些宝宝睡前小故事听下""}",audio_search,"{""action"": ""play"", ""query"": ""找一些宝宝睡前小故事听下""}",Y,Y,Y,
有声,226,我想听今日热点新闻,audio_search,,audio_search,"{""action"": ""play"", ""query"": ""我想听今日热点新闻""}",audio_search,"{""action"": ""play"", ""query"": ""我想听今日热点新闻""}",Y,Y,Y,
有声,225,播放儿童科普故事音频,audio_search,,audio_search,"{""action"": ""play"", ""query"": ""播放儿童科普故事音频""}",audio_search,"{""action"": ""play"", ""query"": ""播放儿童科普故事音频""}",Y,Y,Y,
有声,227,找点生活类的好节目听听,audio_search,,audio_search,"{""action"": ""play"", ""query"": ""找点生活类的好节目听听""}",audio_search,"{""action"": ""play"", ""query"": ""找点生活类的好节目听听""}",Y,Y,Y,
有声,228,播放汽车相关的有声内容,audio_search,,audio_search,"{""action"": ""play"", ""query"": ""播放汽车相关的有声内容""}",audio_search,"{""action"": ""play"", ""query"": ""播放汽车相关的有声内容""}",Y,Y,Y,
有声,229,听一下英国的军事小说,audio_search,,audio_search,"{""action"": ""play"", ""query"": ""听一下英国的军事小说""}",audio_search,"{""action"": ""play"", ""query"": ""听一下英国的军事小说""}",Y,Y,Y,
有声,230,我想听热点资讯,audio_search,,audio_search,"{""action"": ""play"", ""query"": ""我想听热点资讯""}",audio_search,"{""action"": ""play"", ""query"": ""我想听热点资讯""}",Y,Y,Y,
有声,231,关于明朝历史的有声书都有哪些？,audio_search,,audio_search,"{""action"": ""search"", ""query"": ""关于明朝历史的有声书都有哪些？""}",audio_search,"{""action"": ""search"", ""query"": ""关于明朝历史的有声书都有哪些？""}",Y,Y,Y,
有声,232,讲唐朝历史的音频有哪些推荐？,audio_search,,audio_search,"{""action"": ""search"", ""query"": ""讲唐朝历史的音频有哪些推荐？""}",audio_search,"{""action"": ""search"", ""query"": ""讲唐朝历史的音频有哪些推荐？""}",Y,Y,Y,
有声,234,给我推荐讲解宋朝历史的FM,audio_search,,audio_search,"{""action"": ""search"", ""query"": ""给我推荐讲解宋朝历史的FM""}",audio_search,"{""action"": ""search"", ""query"": ""给我推荐讲解宋朝历史的FM""}",Y,Y,Y,
有声,235,三国历史相关的有声书有哪些？,audio_search,,audio_search,"{""action"": ""search"", ""query"": ""三国历史相关的有声书有哪些？""}",audio_search,"{""action"": ""search"", ""query"": ""三国历史相关的有声书有哪些？""}",Y,Y,Y,
有声,236,讲解春秋战国的音频有哪些？,audio_search,,audio_search,"{""action"": ""search"", ""query"": ""讲解春秋战国的音频有哪些？""}",audio_search,"{""action"": ""search"", ""query"": ""讲解春秋战国的音频有哪些？""}",Y,Y,Y,
有声,238,播放历史人物传记类音频,audio_search,,audio_search,"{""action"": ""play"", ""query"": ""播放历史人物传记类音频""}",audio_search,"{""action"": ""play"", ""query"": ""播放历史人物传记类音频""}",Y,Y,Y,
有声,237,历史悬疑类有声书有哪些？,audio_search,,audio_search,"{""action"": ""search"", ""query"": ""历史悬疑类有声书有哪些？""}",audio_search,"{""action"": ""search"", ""query"": ""历史悬疑类有声书有哪些？""}",Y,Y,Y,
有声,239,帮我查找适合孩子听的历史节目,audio_search,,audio_search,"{""action"": ""search"", ""query"": ""帮我查找适合孩子听的历史节目""}",educ_search,"{""query"": {""field"": ""children_third_genre"", ""value"": ""历史""}, ""retext"": ""帮我查找适合孩子听的历史节目""}",N,N,N,"action: gold=""search"" pred=; query: gold=""帮我查找适合孩子听的历史节目"" pred={""field"": ""children_third_genre"", ""value"": ""历史""}; retext: gold= pred=""帮我查找适合孩子听的历史节目"""
有声,240,野史类历史音频给我推荐,audio_search,,audio_search,"{""action"": ""search"", ""query"": ""野史类历史音频给我推荐""}",audio_search,"{""action"": ""search"", ""query"": ""野史类历史音频给我推荐""}",Y,Y,Y,
有声,241,搜索世界历史相关有声内容,audio_search,,audio_search,"{""action"": ""search"", ""query"": ""搜索世界历史相关有声内容""}",audio_search,"{""action"": ""search"", ""query"": ""搜索世界历史相关有声内容""}",Y,Y,Y,
有声,243,野史类历史音频有哪些推荐？,audio_search,,audio_search,"{""action"": ""search"", ""query"": ""野史类历史音频有哪些推荐？""}",audio_search,"{""action"": ""search"", ""query"": ""野史类历史音频有哪些推荐？""}",Y,Y,Y,
有声,244,除了明朝那些事儿，还有哪些明史有声书？,audio_search,,audio_search,"{""action"": ""search"", ""query"": ""除了明朝那些事儿，还有哪些明史有声书？""}",audio_search,"{""action"": ""search"", ""query"": ""除了明朝那些事儿，还有哪些明史有声书？""}",Y,Y,Y,
有声,245,播放古风类的广播剧,audio_search,,audio_search,"{""action"": ""play"", ""query"": ""播放古风类的广播剧""}",audio_search,"{""action"": ""play"", ""query"": ""播放古风类的广播剧""}",Y,Y,Y,
有声,246,我想听热门的理财节目,audio_search,,audio_search,"{""action"": ""play"", ""query"": ""我想听热门的理财节目""}",audio_search,"{""action"": ""play"", ""query"": ""我想听热门的理财节目""}",Y,Y,Y,
有声,233,关于清朝历史的广播节目有哪些？,audio_search,,audio_search,"{""action"": ""search"", ""query"": ""关于清朝历史的广播节目有哪些？""}",fan_knowledge_agent,"{""messages"": [{""content"": ""关于清朝历史的广播节目有哪些？"", ""role"": ""user""}], ""need_media"": false, ""riskRespStrategy"": ""all_replace"", ""sceneType"": ""knowledge_qa""}",N,N,N,"action: gold=""search"" pred=; messages: gold= pred=[{""content"": ""关于清朝历史的广播节目有哪些？"", ""role"": ""user""}]; need_media: gold= pred=; query: gold=""关于清朝历史的广播节目有哪些？"" pred=; riskRespStrategy: gold= pred=""all_replace""; sceneType: gold= pred=""knowledge_qa"""
有声,242,正史讲解类历史节目有哪些？,audio_search,,audio_search,"{""action"": ""search"", ""query"": ""正史讲解类历史节目有哪些？""}",vod_search_all,"{""action"": ""search"", ""query"": {""and"": [{""field"": ""category"", ""value"": ""综艺""}, {""field"": ""tag"", ""value"": ""正史""}, {""field"": ""tag"", ""value"": ""历史""}]}, ""retext"": ""正史讲解类历史节目有哪些？""}",N,N,N,"query: gold=""正史讲解类历史节目有哪些？"" pred={""and"": [{""field"": ""category"", ""value"": ""综艺""}, {""field"": ""tag"", ""value"": ""历史""}, {""field"": ""tag"", ""value"": ""正史""}]}; retext: gold= pred=""正史讲解类历史节目有哪些？"""
有声,247,我想听婚姻家庭相关的节目,audio_search,,audio_search,"{""action"": ""play"", ""query"": ""我想听婚姻家庭相关的节目""}",audio_search,"{""action"": ""play"", ""query"": ""我想听婚姻家庭相关的节目""}",Y,Y,Y,
有声,248,我听下家庭育儿方面的节目,audio_search,,audio_search,"{""action"": ""play"", ""query"": ""我听下家庭育儿方面的节目""}",audio_search,"{""action"": ""play"", ""query"": ""我听下家庭育儿方面的节目""}",Y,Y,Y,
有声,249,听健康有关的音频节目,audio_search,,audio_search,"{""action"": ""play"", ""query"": ""听健康有关的音频节目""}",audio_search,"{""action"": ""play"", ""query"": ""听健康有关的音频节目""}",Y,Y,Y,
有声,250,请听介绍景点的音频节目,audio_search,,audio_search,"{""action"": ""play"", ""query"": ""请听介绍景点的音频节目""}",audio_search,"{""action"": ""play"", ""query"": ""请听介绍景点的音频节目""}",Y,Y,Y,
有声,251,打开米小圈的广播,audio_search,,audio_search,"{""action"": ""play"", ""query"": ""打开米小圈的广播""}",audio_search,"{""action"": ""play"", ""query"": ""打开米小圈的广播""}",Y,Y,Y,
有声,253,我要听有趣的恐怖故事,audio_search,,audio_search,"{""action"": ""play"", ""query"": ""我要听有趣的恐怖故事""}",audio_search,"{""action"": ""play"", ""query"": ""我要听有趣的恐怖故事""}",Y,Y,Y,
有声,252,放点侦探推理类广播剧,audio_search,,audio_search,"{""action"": ""play"", ""query"": ""放点侦探推理类广播剧""}",audio_search,"{""action"": ""play"", ""query"": ""放点侦探推理类广播剧""}",Y,Y,Y,
有声,254,给我放睡眠养生音频,audio_search,,audio_search,"{""action"": ""play"", ""query"": ""给我放睡眠养生音频""}",audio_search,"{""action"": ""play"", ""query"": ""给我放睡眠养生音频""}",Y,Y,Y,
有声,256,给我播放长篇评书,audio_search,,audio_search,"{""action"": ""play"", ""query"": ""给我播放长篇评书""}",audio_search,"{""action"": ""play"", ""query"": ""给我播放长篇评书""}",Y,Y,Y,
有声,255,播放中国古典神话的有声故事,audio_search,,audio_search,"{""action"": ""play"", ""query"": ""播放中国古典神话的有声故事""}",audio_search,"{""action"": ""play"", ""query"": ""播放中国古典神话的有声故事""}",Y,Y,Y,
有声,258,播放催眠故事,audio_search,,audio_search,"{""action"": ""play"", ""query"": ""播放催眠故事""}",audio_search,"{""action"": ""play"", ""query"": ""播放催眠故事""}",Y,Y,Y,
有声,257,我想听张震讲故事,audio_search,,audio_search,"{""action"": ""play"", ""query"": ""我想听张震讲故事""}",audio_search,"{""action"": ""play"", ""query"": ""我想听张震讲故事""}",Y,Y,Y,
有声,259,请播一星期一本书音频,audio_search,,audio_search,"{""action"": ""play"", ""query"": ""请播一星期一本书音频""}",audio_search,"{""action"": ""play"", ""query"": ""请播一星期一本书音频""}",Y,Y,Y,
有声,261,播放小鹿姐姐讲故事,audio_search,,audio_search,"{""action"": ""play"", ""query"": ""播放小鹿姐姐讲故事""}",audio_search,"{""action"": ""play"", ""query"": ""播放小鹿姐姐讲故事""}",Y,Y,Y,
有声,260,我要听小猪佩奇有声剧,audio_search,,audio_search,"{""action"": ""play"", ""query"": ""我要听小猪佩奇有声剧""}",audio_search,"{""action"": ""play"", ""query"": ""我要听小猪佩奇有声剧""}",Y,Y,Y,
有声,262,搜索悬疑惊悚类有声书,audio_search,,audio_search,"{""action"": ""search"", ""query"": ""搜索悬疑惊悚类有声书""}",audio_search,"{""action"": ""search"", ""query"": ""搜索悬疑惊悚类有声书""}",Y,Y,Y,
有声,263,找点东方玄幻类小说听,audio_search,,audio_search,"{""action"": ""play"", ""query"": ""找点东方玄幻类小说听""}",audio_search,"{""action"": ""play"", ""query"": ""找点东方玄幻类小说听""}",Y,Y,Y,
有声,264,请给我放傲慢与偏见英文原版音频,audio_search,,audio_search,"{""action"": ""play"", ""query"": ""请给我放傲慢与偏见英文原版音频""}",audio_search,"{""action"": ""play"", ""query"": ""请给我放傲慢与偏见英文原版音频""}",Y,Y,Y,
有声,266,播放长篇评书,audio_search,,audio_search,"{""action"": ""play"", ""query"": ""播放长篇评书""}",audio_search,"{""action"": ""play"", ""query"": ""播放长篇评书""}",Y,Y,Y,
有声,265,请播放哈利波特英文原版有声书,audio_search,,audio_search,"{""action"": ""play"", ""query"": ""请播放哈利波特英文原版有声书""}",audio_search,"{""action"": ""play"", ""query"": ""请播放哈利波特英文原版有声书""}",Y,Y,Y,
有声,268,播放连续广播剧,audio_search,,audio_search,"{""action"": ""play"", ""query"": ""播放连续广播剧""}",audio_search,"{""action"": ""play"", ""query"": ""播放连续广播剧""}",Y,Y,Y,
有声,267,我想听小马宝莉广播剧,audio_search,,audio_search,"{""action"": ""play"", ""query"": ""我想听小马宝莉广播剧""}",audio_search,"{""action"": ""play"", ""query"": ""我想听小马宝莉广播剧""}",Y,Y,Y,
有声,269,我想听广播剧第一部,audio_search,,audio_search,"{""action"": ""play"", ""query"": ""我想听广播剧第一部""}",audio_search,"{""action"": ""play"", ""query"": ""我想听广播剧第一部""}",Y,Y,Y,
有声,270,播放中国近现代历史类音频,audio_search,,audio_search,"{""action"": ""play"", ""query"": ""播放中国近现代历史类音频""}",audio_search,"{""action"": ""play"", ""query"": ""播放中国近现代历史类音频""}",Y,Y,Y,
有声,271,我要收听中医养生类节目,audio_search,,audio_search,"{""action"": ""play"", ""query"": ""我要收听中医养生类节目""}",audio_search,"{""action"": ""play"", ""query"": ""我要收听中医养生类节目""}",Y,Y,Y,
有声,272,播放古诗词音频,audio_search,,audio_search,"{""action"": ""play"", ""query"": ""播放古诗词音频""}",audio_search,"{""action"": ""play"", ""query"": ""播放古诗词音频""}",Y,Y,Y,
有声,273,播放三国演义儿童广播剧,audio_search,,audio_search,"{""action"": ""play"", ""query"": ""播放三国演义儿童广播剧""}",audio_search,"{""action"": ""play"", ""query"": ""播放三国演义儿童广播剧""}",Y,Y,Y,
有声,274,播放有声书节目,audio_search,,audio_search,"{""action"": ""play"", ""query"": ""播放有声书节目""}",audio_search,"{""action"": ""play"", ""query"": ""播放有声书节目""}",Y,Y,Y,
有声,277,收听耽美原著改编广播剧,audio_search,,audio_search,"{""action"": ""play"", ""query"": ""收听耽美原著改编广播剧""}",audio_search,"{""action"": ""play"", ""query"": ""收听耽美原著改编广播剧""}",Y,Y,Y,
有声,276,让我听刑侦破案广播剧,audio_search,,audio_search,"{""action"": ""play"", ""query"": ""让我听刑侦破案广播剧""}",audio_search,"{""action"": ""play"", ""query"": ""让我听刑侦破案广播剧""}",Y,Y,Y,
有声,275,打开个人成长情感有声书,audio_search,,audio_search,"{""action"": ""play"", ""query"": ""打开个人成长情感有声书""}",audio_search,"{""action"": ""play"", ""query"": ""打开个人成长情感有声书""}",Y,Y,Y,
有声,279,放点古代宫廷题材的有声书,audio_search,,audio_search,"{""action"": ""play"", ""query"": ""放点古代宫廷题材的有声书""}",audio_search,"{""action"": ""play"", ""query"": ""放点古代宫廷题材的有声书""}",Y,Y,Y,
有声,278,免费听玄幻争霸类有声小说,audio_search,,audio_search,"{""action"": ""play"", ""query"": ""免费听玄幻争霸类有声小说""}",audio_search,"{""action"": ""search"", ""query"": ""免费听玄幻争霸类有声小说""}",Y,N,N,"action: gold=""play"" pred=""search"""
有声,282,播放中国古代名著有声版,audio_search,,audio_search,"{""action"": ""play"", ""query"": ""播放中国古代名著有声版""}",audio_search,"{""action"": ""play"", ""query"": ""播放中国古代名著有声版""}",Y,Y,Y,
有声,281,我要听历史演义类评书,audio_search,,audio_search,"{""action"": ""play"", ""query"": ""我要听历史演义类评书""}",audio_search,"{""action"": ""play"", ""query"": ""我要听历史演义类评书""}",Y,Y,Y,
有声,280,搜索民间故事类有声音频,audio_search,,audio_search,"{""action"": ""search"", ""query"": ""搜索民间故事类有声音频""}",audio_search,"{""action"": ""search"", ""query"": ""搜索民间故事类有声音频""}",Y,Y,Y,
有声,283,我想听近现代历史题材的广播剧,audio_search,,audio_search,"{""action"": ""play"", ""query"": ""我想听近现代历史题材的广播剧""}",audio_search,"{""action"": ""play"", ""query"": ""我想听近现代历史题材的广播剧""}",Y,Y,Y,
有声,285,播放今晚九点半FM,audio_search,,audio_search,"{""action"": ""play"", ""query"": ""播放今晚九点半FM""}",audio_search,"{""action"": ""play"", ""query"": ""播放今晚九点半FM""}",Y,Y,Y,
有声,288,张震讲故事之鬼鲸泥鳅,audio_search,存疑,audio_search,,audio_search,,Y,Y,Y,
有声,284,调到恐怖惊悚类有声书音频,audio_search,,audio_search,"{""action"": ""play"", ""query"": ""调到恐怖惊悚类有声书音频""}",audio_search,"{""action"": ""play"", ""query"": ""调到恐怖惊悚类有声书音频""}",Y,Y,Y,
有声,287,找军事谋略类有声节目,audio_search,,audio_search,"{""action"": ""search"", ""query"": ""找军事谋略类有声节目""}",audio_search,"{""action"": ""search"", ""query"": ""找军事谋略类有声节目""}",Y,Y,Y,
有声,286,切到官场权谋类有声书音频,audio_search,,audio_search,"{""action"": ""play"", ""query"": ""切到官场权谋类有声书音频""}",audio_search,"{""action"": ""play"", ""query"": ""切到官场权谋类有声书音频""}",Y,Y,Y,
有声,289,播放科技节目,audio_search,,audio_search,"{""action"": ""play"", ""query"": ""播放科技节目""}",vod_search,"{""action"": ""play"", ""query"": {""field"": ""category"", ""value"": ""综艺""}, ""retext"": ""播放科技节目""}",N,N,N,"query: gold=""播放科技节目"" pred={""field"": ""category"", ""value"": ""综艺""}; retext: gold= pred=""播放科技节目"""
有声,290,播放0到3岁看的节目,audio_search,,audio_search,"{""action"": ""play"", ""query"": ""播放0到3岁看的节目""}",educ_search,"{""query"": {""field"": ""age_range"", ""from"": 0, ""to"": 3}, ""retext"": ""播放0到3岁看的节目""}",N,N,N,"action: gold=""play"" pred=; query: gold=""播放0到3岁看的节目"" pred={""field"": ""age_range"", ""from"": 0, ""to"": 3}; retext: gold= pred=""播放0到3岁看的节目"""
有声,291,听个有趣的故事吧,audio_search,,audio_search,"{""action"": ""play"", ""query"": ""听个有趣的故事吧""}",audio_search,"{""action"": ""play"", ""query"": ""听个有趣的故事吧""}",Y,Y,Y,
有声,294,播放动漫原声广播剧,audio_search,,audio_search,"{""action"": ""play"", ""query"": ""播放动漫原声广播剧""}",educ_search,"{""query"": {""field"": ""children_second_genre"", ""value"": ""动漫""}, ""retext"": ""播放动漫原声广播剧""}",N,N,N,"action: gold=""play"" pred=; query: gold=""播放动漫原声广播剧"" pred={""field"": ""children_second_genre"", ""value"": ""动漫""}; retext: gold= pred=""播放动漫原声广播剧"""
有声,293,搜索情感治愈类广播剧,audio_search,,audio_search,"{""action"": ""search"", ""query"": ""搜索情感治愈类广播剧""}",audio_search,"{""action"": ""search"", ""query"": ""搜索情感治愈类广播剧""}",Y,Y,Y,
有声,295,找一下民国言情类广播剧,audio_search,,audio_search,"{""action"": ""search"", ""query"": ""找一下民国言情类广播剧""}",audio_search,"{""action"": ""search"", ""query"": ""找一下民国言情类广播剧""}",Y,Y,Y,
有声,296,请给我播放情绪管理有声内容,audio_search,,audio_search,"{""action"": ""play"", ""query"": ""请给我播放情绪管理有声内容""}",audio_search,"{""action"": ""play"", ""query"": ""请给我播放情绪管理有声内容""}",Y,Y,Y,
有声,297,播放健康养生知识音频,audio_search,,audio_search,"{""action"": ""play"", ""query"": ""播放健康养生知识音频""}",audio_search,"{""action"": ""play"", ""query"": ""播放健康养生知识音频""}",Y,Y,Y,
有声,298,搜索家庭伦理类有声小说,audio_search,,audio_search,"{""action"": ""search"", ""query"": ""搜索家庭伦理类有声小说""}",audio_search,"{""action"": ""search"", ""query"": ""搜索家庭伦理类有声小说""}",Y,Y,Y,
有声,299,我要听社会职场类有声内容,audio_search,,audio_search,"{""action"": ""play"", ""query"": ""我要听社会职场类有声内容""}",audio_search,"{""action"": ""play"", ""query"": ""我要听社会职场类有声内容""}",Y,Y,Y,
有声,300,听一下轻松幽默类相声节目,audio_search,,audio_search,"{""action"": ""play"", ""query"": ""听一下轻松幽默类相声节目""}",audio_search,"{""action"": ""play"", ""query"": ""听一下轻松幽默类相声节目""}",Y,Y,Y,
有声,302,播放科技电台节目,audio_search,,audio_search,"{""action"": ""play"", ""query"": ""播放科技电台节目""}",audio_search,"{""action"": ""play"", ""query"": ""播放科技电台节目""}",Y,Y,Y,
有声,301,帮我找国学经典的有声读物,audio_search,,audio_search,"{""action"": ""search"", ""query"": ""帮我找国学经典的有声读物""}",audio_search,"{""action"": ""search"", ""query"": ""帮我找国学经典的有声读物""}",Y,Y,Y,
有声,303,播放古风仙侠类广播剧,audio_search,,audio_search,"{""action"": ""play"", ""query"": ""播放古风仙侠类广播剧""}",audio_search,"{""action"": ""play"", ""query"": ""播放古风仙侠类广播剧""}",Y,Y,Y,
有声,304,帮我搜灵异悬疑类故事,audio_search,,audio_search,"{""action"": ""search"", ""query"": ""帮我搜灵异悬疑类故事""}",audio_search,"{""action"": ""search"", ""query"": ""帮我搜灵异悬疑类故事""}",Y,Y,Y,
有声,305,我想听传统曲艺类节目,audio_search,,audio_search,"{""action"": ""play"", ""query"": ""我想听传统曲艺类节目""}",audio_search,"{""action"": ""play"", ""query"": ""我想听传统曲艺类节目""}",Y,Y,Y,
有声,306,播放心理科普类有声音频,audio_search,,audio_search,"{""action"": ""play"", ""query"": ""播放心理科普类有声音频""}",audio_search,"{""action"": ""play"", ""query"": ""播放心理科普类有声音频""}",Y,Y,Y,
有声,307,找一下都市爱情类广播剧,audio_search,,audio_search,"{""action"": ""search"", ""query"": ""找一下都市爱情类广播剧""}",audio_search,"{""action"": ""search"", ""query"": ""找一下都市爱情类广播剧""}",Y,Y,Y,
有声,308,切到古代传奇评书音频,audio_search,,audio_search,"{""action"": ""play"", ""query"": ""切到古代传奇评书音频""}",audio_search,"{""action"": ""play"", ""query"": ""切到古代传奇评书音频""}",Y,Y,Y,
有声,309,请播放儿童国学启蒙音频,audio_search,,audio_search,"{""action"": ""play"", ""query"": ""请播放儿童国学启蒙音频""}",audio_search,"{""action"": ""play"", ""query"": ""请播放儿童国学启蒙音频""}",Y,Y,Y,
有声,310,打开欧美原版英文有声书,audio_search,,audio_search,"{""action"": ""play"", ""query"": ""打开欧美原版英文有声书""}",audio_search,"{""action"": ""play"", ""query"": ""打开欧美原版英文有声书""}",Y,Y,Y,
有声,313,看广播剧啊,audio_search,,audio_search,"{""action"": ""play"", ""query"": ""看广播剧啊""}",audio_search,"{""action"": ""search"", ""query"": ""看广播剧啊""}",Y,N,N,"action: gold=""play"" pred=""search"""
有声,311,搜索历史人物传记音频,audio_search,,audio_search,"{""action"": ""search"", ""query"": ""搜索历史人物传记音频""}",audio_search,"{""action"": ""search"", ""query"": ""搜索历史人物传记音频""}",Y,Y,Y,
有声,292,播放百科故事装在口袋里的爸爸,audio_search,,audio_search,"{""action"": ""play"", ""query"": ""播放百科故事装在口袋里的爸爸""}",vod_fuzzy_search,"{""query"": ""播放百科故事装在口袋里的爸爸""}",N,N,N,"action: gold=""play"" pred="
有声,312,帮我播放商业财经类有声节目,audio_search,,audio_search,"{""action"": ""play"", ""query"": ""帮我播放商业财经类有声节目""}",audio_search,"{""action"": ""play"", ""query"": ""帮我播放商业财经类有声节目""}",Y,Y,Y,
有声,314,我要听小说热播榜,audio_search,,audio_search,"{""action"": ""play"", ""query"": ""我要听小说热播榜""}",audio_search,"{""action"": ""play"", ""query"": ""我要听小说热播榜""}",Y,Y,Y,
有声,315,播放热门有声书排行榜第一名,audio_search,,audio_search,"{""action"": ""play"", ""query"": ""播放热门有声书排行榜第一名""}",audio_search,"{""action"": ""play"", ""query"": ""播放热门有声书排行榜第一名""}",Y,Y,Y,
有声,316,看看今天的有声书飙升榜,audio_search,,audio_search,"{""action"": ""search"", ""query"": ""看看今天的有声书飙升榜""}",audio_search,"{""action"": ""search"", ""query"": ""看看今天的有声书飙升榜""}",Y,Y,Y,
有声,319,这个月最火的悬疑有声书是什么,audio_search,,audio_search,"{""action"": ""search"", ""query"": ""这个月最火的悬疑有声书是什么""}",audio_search,"{""action"": ""search"", ""query"": ""这个月最火的悬疑有声书是什么""}",Y,Y,Y,
有声,321,搜索今天的有声书新品榜前三的内容,audio_search,,audio_search,"{""action"": ""search"", ""query"": ""搜索今天的有声书新品榜前三的内容""}",audio_search,"{""action"": ""search"", ""query"": ""搜索今天的有声书新品榜前三的内容""}",Y,Y,Y,
有声,322,我想听相声评书新品榜的音频,audio_search,,audio_search,"{""action"": ""play"", ""query"": ""我想听相声评书新品榜的音频""}",audio_search,"{""action"": ""play"", ""query"": ""我想听相声评书新品榜的音频""}",Y,Y,Y,
有声,323,我要听有声巅峰榜的节目,audio_search,,audio_search,"{""action"": ""play"", ""query"": ""我要听有声巅峰榜的节目""}",audio_search,"{""action"": ""play"", ""query"": ""我要听有声巅峰榜的节目""}",Y,Y,Y,
有声,324,搜索热点新品榜第一的音频,audio_search,,audio_search,"{""action"": ""search"", ""query"": ""搜索热点新品榜第一的音频""}",audio_search,"{""action"": ""search"", ""query"": ""搜索热点新品榜第一的音频""}",Y,Y,Y,
有声,325,查找有声剧场榜最火的广播剧,audio_search,,audio_search,"{""action"": ""search"", ""query"": ""查找有声剧场榜最火的广播剧""}",audio_search,"{""action"": ""search"", ""query"": ""查找有声剧场榜最火的广播剧""}",Y,Y,Y,
有声,326,我要找限时免费榜的音频,audio_search,,audio_search,"{""action"": ""search"", ""query"": ""我要找限时免费榜的音频""}",audio_search,"{""action"": ""search"", ""query"": ""我要找限时免费榜的音频""}",Y,Y,Y,
有声,328,听听健康生活榜的节目,audio_search,,audio_search,"{""action"": ""play"", ""query"": ""听听健康生活榜的节目""}",audio_search,"{""action"": ""play"", ""query"": ""听听健康生活榜的节目""}",Y,Y,Y,
有声,327,我要听完结榜上的小说,audio_search,,audio_search,"{""action"": ""play"", ""query"": ""我要听完结榜上的小说""}",audio_search,"{""action"": ""play"", ""query"": ""我要听完结榜上的小说""}",Y,Y,Y,
有声,329,搜一下近期有声书热播榜前五名,audio_search,,audio_search,"{""action"": ""search"", ""query"": ""搜一下近期有声书热播榜前五名""}",audio_search,"{""action"": ""search"", ""query"": ""搜一下近期有声书热播榜前五名""}",Y,Y,Y,
有声,330,帮我找本周口碑最好的悬疑广播剧,audio_search,,audio_search,"{""action"": ""search"", ""query"": ""帮我找本周口碑最好的悬疑广播剧""}",audio_search,"{""action"": ""search"", ""query"": ""帮我找本周口碑最好的悬疑广播剧""}",Y,Y,Y,
有声,331,给我播放今日热播榜第一的有声书,audio_search,,audio_search,"{""action"": ""play"", ""query"": ""给我播放今日热播榜第一的有声书""}",audio_search,"{""action"": ""play"", ""query"": ""给我播放今日热播榜第一的有声书""}",Y,Y,Y,
有声,333,放一下月度最受欢迎有声书排行,audio_search,,audio_search,"{""action"": ""play"", ""query"": ""放一下月度最受欢迎有声书排行""}",audio_search,"{""action"": ""play"", ""query"": ""放一下月度最受欢迎有声书排行""}",Y,Y,Y,
有声,332,我想听有声书周榜排名前三的内容,audio_search,,audio_search,"{""action"": ""play"", ""query"": ""我想听有声书周榜排名前三的内容""}",audio_search,"{""action"": ""play"", ""query"": ""我想听有声书周榜排名前三的内容""}",Y,Y,Y,
有声,334,搜一下好评榜上的悬疑小说,audio_search,,audio_search,"{""action"": ""search"", ""query"": ""搜一下好评榜上的悬疑小说""}",audio_search,"{""action"": ""search"", ""query"": ""搜一下好评榜上的悬疑小说""}",Y,Y,Y,
有声,320,看看新品榜有什么好听的新书,audio_search,,audio_search,"{""action"": ""search"", ""query"": ""看看新品榜有什么好听的新书""}",fan_knowledge_agent,"{""messages"": [{""content"": ""看看新品榜有什么好听的新书"", ""role"": ""user""}], ""need_media"": false, ""riskRespStrategy"": ""all_replace"", ""sceneType"": ""knowledge_qa""}",N,N,N,"action: gold=""search"" pred=; messages: gold= pred=[{""content"": ""看看新品榜有什么好听的新书"", ""role"": ""user""}]; need_media: gold= pred=; query: gold=""看看新品榜有什么好听的新书"" pred=; riskRespStrategy: gold= pred=""all_replace""; sceneType: gold= pred=""knowledge_qa"""
有声,335,帮我找近期飙升榜的玄幻小说,audio_search,,audio_search,"{""action"": ""search"", ""query"": ""帮我找近期飙升榜的玄幻小说""}",audio_search,"{""action"": ""search"", ""query"": ""帮我找近期飙升榜的玄幻小说""}",Y,Y,Y,
有声,317,我想听口碑榜评分高的内容,audio_search,,audio_search,"{""action"": ""play"", ""query"": ""我想听口碑榜评分高的内容""}",vod_fuzzy_search,"{""query"": ""我想听口碑榜评分高的内容""}",N,N,N,"action: gold=""play"" pred="
有声,336,我要听新书榜推荐的言情有声书,audio_search,,audio_search,"{""action"": ""play"", ""query"": ""我要听新书榜推荐的言情有声书""}",audio_search,"{""action"": ""play"", ""query"": ""我要听新书榜推荐的言情有声书""}",Y,Y,Y,
有声,318,放一下完本排行榜上的作品,audio_search,,audio_search,"{""action"": ""play"", ""query"": ""放一下完本排行榜上的作品""}",vod_fuzzy_search,"{""query"": ""放一下完本排行榜上的作品""}",N,N,N,"action: gold=""play"" pred="
有声,338,找女生最爱的口碑榜有声书,audio_search,,audio_search,"{""action"": ""search"", ""query"": ""找女生最爱的口碑榜有声书""}",audio_search,"{""action"": ""search"", ""query"": ""找女生最爱的口碑榜有声书""}",Y,Y,Y,
有声,337,播放男生最爱听的畅销有声书,audio_search,,audio_search,"{""action"": ""play"", ""query"": ""播放男生最爱听的畅销有声书""}",audio_search,"{""action"": ""play"", ""query"": ""播放男生最爱听的畅销有声书""}",Y,Y,Y,
有声,339,帮我搜当前热门的有声书榜单,audio_search,,audio_search,"{""action"": ""search"", ""query"": ""帮我搜当前热门的有声书榜单""}",audio_search,"{""action"": ""search"", ""query"": ""帮我搜当前热门的有声书榜单""}",Y,Y,Y,
有声,340,放一下儿童故事人气榜前五的内容,audio_search,,audio_search,"{""action"": ""play"", ""query"": ""放一下儿童故事人气榜前五的内容""}",educ_search,"{""query"": {""field"": ""children_second_genre"", ""value"": ""故事""}, ""retext"": ""放一下儿童故事人气榜前五的内容""}",N,N,N,"action: gold=""play"" pred=; query: gold=""放一下儿童故事人气榜前五的内容"" pred={""field"": ""children_second_genre"", ""value"": ""故事""}; retext: gold= pred=""放一下儿童故事人气榜前五的内容"""
有声,341,我要听本周新上线的推荐有声书,audio_search,,audio_search,"{""action"": ""play"", ""query"": ""我要听本周新上线的推荐有声书""}",audio_search,"{""action"": ""play"", ""query"": ""我要听本周新上线的推荐有声书""}",Y,Y,Y,
有声,343,播放有声读物月度销量冠军,audio_search,,audio_search,"{""action"": ""play"", ""query"": ""播放有声读物月度销量冠军""}",audio_search,"{""action"": ""play"", ""query"": ""播放有声读物月度销量冠军""}",Y,Y,Y,
有声,342,搜索喜马拉雅热门榜前十的小说,audio_search,,audio_search,"{""action"": ""search"", ""query"": ""搜索喜马拉雅热门榜前十的小说""}",audio_search,"{""action"": ""search"", ""query"": ""搜索喜马拉雅热门榜前十的小说""}",Y,Y,Y,
有声,344,帮我找最受好评的历史评书,audio_search,,audio_search,"{""action"": ""search"", ""query"": ""帮我找最受好评的历史评书""}",audio_search,"{""action"": ""search"", ""query"": ""帮我找最受好评的历史评书""}",Y,Y,Y,
有声,345,我想听当月最多人收听的广播剧,audio_search,,audio_search,"{""action"": ""play"", ""query"": ""我想听当月最多人收听的广播剧""}",audio_search,"{""action"": ""play"", ""query"": ""我想听当月最多人收听的广播剧""}",Y,Y,Y,
有声,346,找本年度最受欢迎的有声书,audio_search,,audio_search,"{""action"": ""search"", ""query"": ""找本年度最受欢迎的有声书""}",audio_search,"{""action"": ""search"", ""query"": ""找本年度最受欢迎的有声书""}",Y,Y,Y,
有声,349,帮我找播放量最高的儿童故事,audio_search,,audio_search,"{""action"": ""search"", ""query"": ""帮我找播放量最高的儿童故事""}",audio_search,"{""action"": ""search"", ""query"": ""帮我找播放量最高的儿童故事""}",Y,Y,Y,
有声,347,搜索今年口碑最好的玄幻有声书,audio_search,,audio_search,"{""action"": ""search"", ""query"": ""搜索今年口碑最好的玄幻有声书""}",audio_search,"{""action"": ""search"", ""query"": ""搜索今年口碑最好的玄幻有声书""}",Y,Y,Y,
有声,348,我要听近期最多人追更的小说,audio_search,,audio_search,"{""action"": ""play"", ""query"": ""我要听近期最多人追更的小说""}",audio_search,"{""action"": ""play"", ""query"": ""我要听近期最多人追更的小说""}",Y,Y,Y,
有声,350,放本季最火的情感广播剧,audio_search,,audio_search,"{""action"": ""play"", ""query"": ""放本季最火的情感广播剧""}",audio_search,"{""action"": ""play"", ""query"": ""放本季最火的情感广播剧""}",Y,Y,Y,
有声,351,我想听近期最热的国风广播剧,audio_search,,audio_search,"{""action"": ""play"", ""query"": ""我想听近期最热的国风广播剧""}",audio_search,"{""action"": ""play"", ""query"": ""我想听近期最热的国风广播剧""}",Y,Y,Y,
有声,352,搜今日上新排行最高的有声书,audio_search,,audio_search,"{""action"": ""search"", ""query"": ""搜今日上新排行最高的有声书""}",audio_search,"{""action"": ""search"", ""query"": ""搜今日上新排行最高的有声书""}",Y,Y,Y,
有声,353,帮我找用户评分最高的推理小说,audio_search,,audio_search,"{""action"": ""search"", ""query"": ""帮我找用户评分最高的推理小说""}",audio_search,"{""action"": ""search"", ""query"": ""帮我找用户评分最高的推理小说""}",Y,Y,Y,
有声,354,我要听最近收听人数最多的历史类有声书,audio_search,,audio_search,"{""action"": ""play"", ""query"": ""我要听最近收听人数最多的历史类有声书""}",audio_search,"{""action"": ""play"", ""query"": ""我要听最近收听人数最多的历史类有声书""}",Y,Y,Y,
有声,356,找喜马拉雅近期完结有声书排行,audio_search,,audio_search,"{""action"": ""search"", ""query"": ""找喜马拉雅近期完结有声书排行""}",audio_search,"{""action"": ""search"", ""query"": ""找喜马拉雅近期完结有声书排行""}",Y,Y,Y,
有声,355,放榜单上评分超9分的现代小说,audio_search,,audio_search,"{""action"": ""play"", ""query"": ""放榜单上评分超9分的现代小说""}",audio_search,"{""action"": ""play"", ""query"": ""放榜单上评分超9分的现代小说""}",Y,Y,Y,
有声,359,我要听金庸的小说,audio_search,,audio_search,"{""action"": ""play"", ""query"": ""我要听金庸的小说""}",audio_search,"{""action"": ""play"", ""query"": ""我要听金庸的小说""}",Y,Y,Y,
有声,357,我想听播放量破亿的经典有声书,audio_search,,audio_search,"{""action"": ""play"", ""query"": ""我想听播放量破亿的经典有声书""}",audio_search,"{""action"": ""play"", ""query"": ""我想听播放量破亿的经典有声书""}",Y,Y,Y,
有声,358,帮我找口碑榜上的职场类有声节目,audio_search,,audio_search,"{""action"": ""search"", ""query"": ""帮我找口碑榜上的职场类有声节目""}",audio_search,"{""action"": ""search"", ""query"": ""帮我找口碑榜上的职场类有声节目""}",Y,Y,Y,
有声,361,找找马伯庸作品的有声版,audio_search,,audio_search,"{""action"": ""search"", ""query"": ""找找马伯庸作品的有声版""}",audio_search,"{""action"": ""search"", ""query"": ""找找马伯庸作品的有声版""}",Y,Y,Y,
有声,360,我想听刘慈欣写的所有有声书,audio_search,,audio_search,"{""action"": ""play"", ""query"": ""我想听刘慈欣写的所有有声书""}",audio_search,"{""action"": ""play"", ""query"": ""我想听刘慈欣写的所有有声书""}",Y,Y,Y,
有声,362,搜一下南派三叔写的所有有声书,audio_search,,audio_search,"{""action"": ""search"", ""query"": ""搜一下南派三叔写的所有有声书""}",audio_search,"{""action"": ""search"", ""query"": ""搜一下南派三叔写的所有有声书""}",Y,Y,Y,
有声,364,放东野圭吾的悬疑小说,audio_search,,audio_search,"{""action"": ""play"", ""query"": ""放东野圭吾的悬疑小说""}",audio_search,"{""action"": ""play"", ""query"": ""放东野圭吾的悬疑小说""}",Y,Y,Y,
有声,365,搜索余华的有声读物,audio_search,,audio_search,"{""action"": ""search"", ""query"": ""搜索余华的有声读物""}",audio_search,"{""action"": ""search"", ""query"": ""搜索余华的有声读物""}",Y,Y,Y,
有声,366,我想听马伯庸的小说,audio_search,,audio_search,"{""action"": ""play"", ""query"": ""我想听马伯庸的小说""}",audio_search,"{""action"": ""play"", ""query"": ""我想听马伯庸的小说""}",Y,Y,Y,
有声,368,我想找紫金陈的文学作品来听,audio_search,,audio_search,"{""action"": ""play"", ""query"": ""我想找紫金陈的文学作品来听""}",audio_search,"{""action"": ""play"", ""query"": ""我想找紫金陈的文学作品来听""}",Y,Y,Y,
有声,370,有没有郑渊洁的童话有声书？,audio_search,,audio_search,"{""action"": ""search"", ""query"": ""有没有郑渊洁的童话有声书？""}",audio_search,"{""action"": ""search"", ""query"": ""有没有郑渊洁的童话有声书？""}",Y,Y,Y,
有声,369,给我放Priest的所有广播剧或小说,audio_search,,audio_search,"{""action"": ""play"", ""query"": ""给我放Priest的所有广播剧或小说""}",audio_search,"{""action"": ""play"", ""query"": ""播放Priest的所有广播剧""}",Y,N,N,"query: gold=""给我放Priest的所有广播剧或小说"" pred=""播放Priest的所有广播剧"""
有声,363,我要听莫言写的作品,audio_search,,audio_search,"{""action"": ""play"", ""query"": ""我要听莫言写的作品""}",fan_knowledge_agent,"{""messages"": [{""content"": ""我要听莫言写的作品"", ""role"": ""user""}], ""need_media"": false, ""riskRespStrategy"": ""all_replace"", ""sceneType"": ""knowledge_qa""}",N,N,N,"action: gold=""play"" pred=; messages: gold= pred=[{""content"": ""我要听莫言写的作品"", ""role"": ""user""}]; need_media: gold= pred=; query: gold=""我要听莫言写的作品"" pred=; riskRespStrategy: gold= pred=""all_replace""; sceneType: gold= pred=""knowledge_qa"""
有声,367,我要听天下霸唱写的全部故事,audio_search,,audio_search,"{""action"": ""play"", ""query"": ""我要听天下霸唱写的全部故事""}",fan_knowledge_agent,"{""messages"": [{""content"": ""我要听天下霸唱写的全部故事"", ""role"": ""user""}], ""need_media"": false, ""riskRespStrategy"": ""all_replace"", ""sceneType"": ""knowledge_qa""}",N,N,N,"action: gold=""play"" pred=; messages: gold= pred=[{""content"": ""我要听天下霸唱写的全部故事"", ""role"": ""user""}]; need_media: gold= pred=; query: gold=""我要听天下霸唱写的全部故事"" pred=; riskRespStrategy: gold= pred=""all_replace""; sceneType: gold= pred=""knowledge_qa"""
