域,row,query,intent,gold_tool,gold_params,pred_tool,pred_params,tool_ok,param_ok,both_ok,param_diff,hit_source,latency_ms
少儿\多tab,234,来免费樱桃小丸子,educ_search,educ_search,"{""retext"": ""来免费樱桃小丸子"", ""query"": {""and"": [{""field"": ""title"", ""value"": ""樱桃小丸子""}, {""field"": ""is_fee"", ""value"": 0}]}}",educ_search,"{""retext"": ""来免费樱桃小丸子"", ""query"": {""and"": [{""field"": ""title"", ""value"": ""樱桃小丸子""}, {""field"": ""is_fee"", ""value"": ""0""}]}}",Y,N,N,"query: gold={""and"": [{""field"": ""is_fee"", ""value"": 0}, {""field"": ""title"", ""value"": ""樱桃小丸子""}]} pred={""and"": [{""field"": ""is_fee"", ""value"": ""0""}, {""field"": ""title"", ""value"": ""樱桃小丸子""}]}",llm_onecall,3553.7
少儿\多tab,233,适合3岁孩子看的美术,educ_search,educ_search,"{""retext"": ""适合3岁孩子看的美术"", ""query"": {""and"": [{""field"": ""children_second_genre"", ""value"": ""美术""}, {""field"": ""age_range"", ""from"": ""3"", ""to"": ""3""}]}}",educ_search,"{""retext"": ""适合3岁孩子看的美术"", ""query"": {""and"": [{""field"": ""training_objectives"", ""value"": ""美术""}, {""field"": ""age_range"", ""from"": ""3"", ""to"": ""3""}]}}",Y,N,N,"query: gold={""and"": [{""field"": ""age_range"", ""from"": ""3"", ""to"": ""3""}, {""field"": ""children_second_genre"", ""value"": ""美术""}]} pred={""and"": [{""field"": ""age_range"", ""from"": ""3"", ""to"": ""3""}, {""field"": ""training_objectives"", ""value"": ""美术""}]}",llm_onecall,4027.6
少儿\多tab,235,3岁小孩看的国学,educ_search,educ_search,"{""retext"": ""3岁小孩看的国学"", ""query"": {""and"": [{""field"": ""children_second_genre"", ""value"": ""国学""}, {""field"": ""age_range"", ""from"": ""3"", ""to"": ""3""}]}}",educ_search,"{""retext"": ""3岁小孩看的国学"", ""query"": {""and"": [{""field"": ""children_second_genre"", ""value"": ""国学""}, {""field"": ""age_range"", ""from"": ""3"", ""to"": ""3""}]}}",Y,Y,Y,,llm_onecall,3885.5
少儿\多tab,236,给我讲一个光头强的故事,educ_search,educ_search,"{""retext"": ""给我讲一个光头强的故事"", ""query"": {""or"": [{""field"": ""role"", ""value"": ""光头强""}, {""field"": ""title"", ""value"": ""光头强""}]}}",educ_search,"{""retext"": ""给我讲一个光头强的故事"", ""query"": {""and"": [{""or"": [{""field"": ""role"", ""value"": ""光头强""}, {""field"": ""title"", ""value"": ""光头强""}]}, {""field"": ""children_second_genre"", ""value"": ""故事""}]}}",Y,N,N,"query: gold={""or"": [{""field"": ""role"", ""value"": ""光头强""}, {""field"": ""title"", ""value"": ""光头强""}]} pred={""and"": [{""field"": ""children_second_genre"", ""value"": ""故事""}, {""or"": [{""field"": ""role"", ""value"": ""光头强""}, {""field"": ""title"", ""value"": ""光头强""}]}]}",llm_onecall,5100.6
少儿\多tab,240,来免费变形警车珀利,educ_search,educ_search,"{""retext"": ""来免费变形警车珀利"", ""query"": {""and"": [{""field"": ""title"", ""value"": ""变形警车珀利""}, {""field"": ""is_fee"", ""value"": 0}]}}",educ_search,"{""retext"": ""来免费变形警车珀利"", ""query"": {""and"": [{""field"": ""title"", ""value"": ""变形警车珀利""}, {""field"": ""is_fee"", ""value"": ""0""}]}}",Y,N,N,"query: gold={""and"": [{""field"": ""is_fee"", ""value"": 0}, {""field"": ""title"", ""value"": ""变形警车珀利""}]} pred={""and"": [{""field"": ""is_fee"", ""value"": ""0""}, {""field"": ""title"", ""value"": ""变形警车珀利""}]}",llm_onecall,4908.7
少儿\多tab,241,给我放免费卡通旋风战车队,educ_search,educ_search,"{""retext"": ""给我放免费卡通旋风战车队"", ""query"": {""and"": [{""field"": ""title"", ""value"": ""旋风战车队""}, {""field"": ""is_fee"", ""value"": 0}, {""field"": ""content_type"", ""value"": ""卡通""}]}}",educ_search,"{""retext"": ""给我放免费卡通旋风战车队"", ""query"": {""and"": [{""field"": ""title"", ""value"": ""旋风战车队""}, {""field"": ""content_type"", ""value"": ""卡通""}, {""field"": ""is_fee"", ""value"": ""0""}]}}",Y,N,N,"query: gold={""and"": [{""field"": ""content_type"", ""value"": ""卡通""}, {""field"": ""is_fee"", ""value"": 0}, {""field"": ""title"", ""value"": ""旋风战车队""}]} pred={""and"": [{""field"": ""content_type"", ""value"": ""卡通""}, {""field"": ""is_fee"", ""value"": ""0""}, {""field"": ""title"", ""value"": ""旋风战车队""}]}",llm_onecall,4407.5
少儿\多tab,244,适合9岁孩子看的国学,educ_search,educ_search,"{""retext"": ""适合9岁孩子看的国学"", ""query"": {""and"": [{""field"": ""children_second_genre"", ""value"": ""国学""}, {""field"": ""age_range"", ""from"": ""9"", ""to"": ""9""}]}}",educ_search,"{""retext"": ""适合9岁孩子看的国学"", ""query"": {""and"": [{""field"": ""children_third_genre"", ""value"": ""国学""}, {""field"": ""age_range"", ""from"": ""9"", ""to"": ""9""}]}}",Y,N,N,"query: gold={""and"": [{""field"": ""age_range"", ""from"": ""9"", ""to"": ""9""}, {""field"": ""children_second_genre"", ""value"": ""国学""}]} pred={""and"": [{""field"": ""age_range"", ""from"": ""9"", ""to"": ""9""}, {""field"": ""children_third_genre"", ""value"": ""国学""}]}",llm_onecall,5549.0
少儿\多tab,246,播放免费九色鹿,educ_search,educ_search,"{""retext"": ""播放免费九色鹿"", ""query"": {""and"": [{""field"": ""title"", ""value"": ""九色鹿""}, {""field"": ""is_fee"", ""value"": 0}]}}",vod_search,"{""action"": ""play"", ""retext"": ""播放免费九色鹿"", ""query"": {""and"": [{""field"": ""title"", ""value"": ""九色鹿""}, {""field"": ""is_fee"", ""value"": ""0""}]}}",N,N,N,"action: gold= pred=""play""; query: gold={""and"": [{""field"": ""is_fee"", ""value"": 0}, {""field"": ""title"", ""value"": ""九色鹿""}]} pred={""and"": [{""field"": ""is_fee"", ""value"": ""0""}, {""field"": ""title"", ""value"": ""九色鹿""}]}",llm_onecall,3690.7
少儿\多tab,237,给我讲一个熊大的故事,educ_search,educ_search,"{""retext"": ""给我讲一个熊大的故事"", ""query"": {""or"": [{""field"": ""role"", ""value"": ""熊大""}, {""field"": ""title"", ""value"": ""熊大""}]}}",educ_search,"{""retext"": ""给我讲一个熊大的故事"", ""query"": {""and"": [{""or"": [{""field"": ""role"", ""value"": ""熊大""}, {""field"": ""title"", ""value"": ""熊大""}]}, {""field"": ""children_second_genre"", ""value"": ""故事""}]}}",Y,N,N,"query: gold={""or"": [{""field"": ""role"", ""value"": ""熊大""}, {""field"": ""title"", ""value"": ""熊大""}]} pred={""and"": [{""field"": ""children_second_genre"", ""value"": ""故事""}, {""or"": [{""field"": ""role"", ""value"": ""熊大""}, {""field"": ""title"", ""value"": ""熊大""}]}]}",llm_onecall,8131.5
少儿\多tab,248,适合5岁孩子看的美术,educ_search,educ_search,"{""retext"": ""适合5岁孩子看的美术"", ""query"": {""and"": [{""field"": ""children_second_genre"", ""value"": ""美术""}, {""field"": ""age_range"", ""from"": ""5"", ""to"": ""5""}]}}",educ_search,"{""retext"": ""适合5岁孩子看的美术"", ""query"": {""and"": [{""field"": ""title"", ""value"": ""美术""}, {""field"": ""age_range"", ""from"": ""5"", ""to"": ""5""}]}}",Y,N,N,"query: gold={""and"": [{""field"": ""age_range"", ""from"": ""5"", ""to"": ""5""}, {""field"": ""children_second_genre"", ""value"": ""美术""}]} pred={""and"": [{""field"": ""age_range"", ""from"": ""5"", ""to"": ""5""}, {""field"": ""title"", ""value"": ""美术""}]}",llm_onecall,2791.5
少儿\多tab,238,给我讲一个光头强的故事呢,educ_search,educ_search,"{""retext"": ""给我讲一个光头强的故事呢"", ""query"": {""or"": [{""field"": ""role"", ""value"": ""光头强""}, {""field"": ""title"", ""value"": ""光头强""}]}}",educ_search,"{""retext"": ""给我讲一个光头强的故事呢"", ""query"": {""and"": [{""or"": [{""field"": ""role"", ""value"": ""光头强""}, {""field"": ""title"", ""value"": ""光头强""}]}, {""field"": ""children_second_genre"", ""value"": ""故事""}]}}",Y,N,N,"query: gold={""or"": [{""field"": ""role"", ""value"": ""光头强""}, {""field"": ""title"", ""value"": ""光头强""}]} pred={""and"": [{""field"": ""children_second_genre"", ""value"": ""故事""}, {""or"": [{""field"": ""role"", ""value"": ""光头强""}, {""field"": ""title"", ""value"": ""光头强""}]}]}",llm_onecall,9205.7
少儿\多tab,250,3岁小孩看的儿歌,educ_search,educ_search,"{""retext"": ""3岁小孩看的儿歌"", ""query"": {""and"": [{""field"": ""children_second_genre"", ""value"": ""儿歌""}, {""field"": ""age_range"", ""from"": ""3"", ""to"": ""3""}]}}",educ_search,"{""retext"": ""3岁小孩看的儿歌"", ""query"": {""and"": [{""field"": ""age_range"", ""from"": ""3"", ""to"": ""3""}, {""field"": ""content_type"", ""value"": ""儿歌""}]}}",Y,N,N,"query: gold={""and"": [{""field"": ""age_range"", ""from"": ""3"", ""to"": ""3""}, {""field"": ""children_second_genre"", ""value"": ""儿歌""}]} pred={""and"": [{""field"": ""age_range"", ""from"": ""3"", ""to"": ""3""}, {""field"": ""content_type"", ""value"": ""儿歌""}]}",llm_onecall,2154.0
少儿\多tab,251,3岁小孩看的绘本,educ_search,educ_search,"{""retext"": ""3岁小孩看的绘本"", ""query"": {""and"": [{""field"": ""children_second_genre"", ""value"": ""绘本""}, {""field"": ""age_range"", ""from"": ""3"", ""to"": ""3""}]}}",educ_search,"{""retext"": ""3岁小孩看的绘本"", ""query"": {""and"": [{""field"": ""children_second_genre"", ""value"": ""绘本""}, {""field"": ""age_range"", ""from"": ""3"", ""to"": ""3""}]}}",Y,Y,Y,,llm_onecall,2132.6
少儿\多tab,249,来免费英文版兔子姐姐神奇的拼音,educ_search,educ_search,"{""retext"": ""来免费英文版兔子姐姐神奇的拼音"", ""query"": {""and"": [{""field"": ""title"", ""value"": ""兔子姐姐神奇的拼音""}, {""field"": ""is_fee"", ""value"": 0}, {""field"": ""language"", ""value"": ""英文版""}]}}",educ_search,"{""retext"": ""来免费英文版兔子姐姐神奇的拼音"", ""query"": {""and"": [{""field"": ""title"", ""value"": ""兔子姐姐神奇的拼音""}, {""field"": ""language"", ""value"": ""英文版""}, {""field"": ""is_fee"", ""value"": ""0""}]}}",Y,N,N,"query: gold={""and"": [{""field"": ""is_fee"", ""value"": 0}, {""field"": ""language"", ""value"": ""英文版""}, {""field"": ""title"", ""value"": ""兔子姐姐神奇的拼音""}]} pred={""and"": [{""field"": ""is_fee"", ""value"": ""0""}, {""field"": ""language"", ""value"": ""英文版""}, {""field"": ""title"", ""value"": ""兔子姐姐神奇的拼音""}]}",llm_onecall,2372.0
少儿\多tab,252,播放适合5岁听的儿歌,educ_search,educ_search,"{""retext"": ""播放适合5岁听的儿歌"", ""query"": {""and"": [{""field"": ""children_second_genre"", ""value"": ""儿歌""}, {""field"": ""age_range"", ""from"": ""5"", ""to"": ""5""}]}}",educ_search,"{""retext"": ""播放适合5岁听的儿歌"", ""query"": {""and"": [{""field"": ""content_type"", ""value"": ""儿歌""}, {""field"": ""age_range"", ""from"": ""5"", ""to"": ""5""}]}}",Y,N,N,"query: gold={""and"": [{""field"": ""age_range"", ""from"": ""5"", ""to"": ""5""}, {""field"": ""children_second_genre"", ""value"": ""儿歌""}]} pred={""and"": [{""field"": ""age_range"", ""from"": ""5"", ""to"": ""5""}, {""field"": ""content_type"", ""value"": ""儿歌""}]}",llm_onecall,2164.5
少儿\多tab,243,打开儿童英语,educ_search,educ_search,"{""retext"": ""打开儿童英语"", ""query"": {""and"": [{""field"": ""children_second_genre"", ""value"": ""英语""}, {""field"": ""is_fee"", ""value"": 0}]}}",educ_search,"{""retext"": ""打开儿童英语"", ""query"": {""and"": [{""field"": ""content_type"", ""value"": ""动画""}, {""field"": ""language"", ""value"": ""英语""}]}}",Y,N,N,"query: gold={""and"": [{""field"": ""children_second_genre"", ""value"": ""英语""}, {""field"": ""is_fee"", ""value"": 0}]} pred={""and"": [{""field"": ""content_type"", ""value"": ""动画""}, {""field"": ""language"", ""value"": ""英语""}]}",llm_onecall,8983.0
少儿\多tab,254,找秩序感相关的课程,educ_search,educ_search,"{""retext"": ""找秩序感相关的课程"", ""query"": {""field"": ""training_objectives"", ""value"": ""秩序感""}}",edu_fuzzy_search,"{""retext"": ""找秩序感相关的课程""}",N,N,N,"query: gold={""field"": ""training_objectives"", ""value"": ""秩序感""} pred=",llm_onecall,1894.4
少儿\多tab,256,3岁小孩看的音乐,educ_search,educ_search,"{""retext"": ""3岁小孩看的音乐"", ""query"": {""and"": [{""field"": ""children_second_genre"", ""value"": ""音乐""}, {""field"": ""age_range"", ""from"": ""3"", ""to"": ""3""}]}}",educ_search,"{""retext"": ""3岁小孩看的音乐"", ""query"": {""and"": [{""field"": ""children_second_genre"", ""value"": ""音乐""}, {""field"": ""age_range"", ""from"": ""3"", ""to"": ""3""}]}}",Y,Y,Y,,llm_onecall,3289.8
少儿\多tab,258,播放适合8岁听的数学,educ_search,educ_search,"{""retext"": ""播放适合8岁听的数学"", ""query"": {""and"": [{""field"": ""children_second_genre"", ""value"": ""数学""}, {""field"": ""age_range"", ""from"": ""8"", ""to"": ""8""}]}}",edu_fuzzy_search,"{""retext"": ""播放适合8岁听的数学""}",N,N,N,"query: gold={""and"": [{""field"": ""age_range"", ""from"": ""8"", ""to"": ""8""}, {""field"": ""children_second_genre"", ""value"": ""数学""}]} pred=",llm_onecall,2662.6
少儿\多tab,239,颜色主题的动画,educ_search,educ_search,"{""retext"": ""颜色主题的动画"", ""query"": {""and"": [{""field"": ""children_third_genre"", ""value"": ""颜色""}, {""field"": ""content_type"", ""value"": ""动画""}]}}",educ_search,"{""retext"": ""颜色主题的动画"", ""query"": {""and"": [{""field"": ""children_third_genre"", ""value"": ""颜色""}, {""field"": ""content_type"", ""value"": ""动画""}]}}",Y,Y,Y,,llm_onecall,14311.5
少儿\多tab,260,找免费的英语看看,educ_search,educ_search,"{""retext"": ""找免费的英语看看"", ""query"": {""and"": [{""field"": ""children_second_genre"", ""value"": ""英语""}, {""field"": ""is_fee"", ""value"": 0}]}}",edu_search,"{""query"": {""and"": [{""field"": ""first_subject"", ""value"": ""英语""}, {""field"": ""is_fee"", ""value"": 0}, {""field"": ""k12_category"", ""values"": [""同步课"", ""同步拓展课""], ""operator"": ""or""}]}}",N,N,N,"query: gold={""and"": [{""field"": ""children_second_genre"", ""value"": ""英语""}, {""field"": ""is_fee"", ""value"": 0}]} pred={""and"": [{""field"": ""first_subject"", ""value"": ""英语""}, {""field"": ""is_fee"", ""value"": 0}, {""field"": ""k12_category"", ""operator"": ""or"", ""values"": [""同步拓展课"", ""同步课""]}]}; retext: gold=""找免费的英语看看"" pred=",llm_onecall,1993.8
少儿\多tab,262,播放拖拉机和农用车,educ_search,educ_search,"{""retext"": ""播放拖拉机和农用车"", ""query"": {""field"": ""title"", ""value"": ""拖拉机和农用车""}}",vod_search,"{""action"": ""play"", ""retext"": ""播放拖拉机和农用车"", ""query"": {""field"": ""title"", ""values"": [""拖拉机"", ""农用车""], ""operator"": ""or""}}",N,N,N,"action: gold= pred=""play""; query: gold={""field"": ""title"", ""value"": ""拖拉机和农用车""} pred={""field"": ""title"", ""operator"": ""or"", ""values"": [""农用车"", ""拖拉机""]}",llm_onecall,1280.1
少儿\多tab,253,我要看九色鹿,educ_search,educ_search,"{""retext"": ""我要看九色鹿"", ""query"": {""field"": ""title"", ""value"": ""九色鹿""}}",educ_search,"{""retext"": ""我要看九色鹿"", ""query"": {""field"": ""title"", ""value"": ""九色鹿""}}",Y,Y,Y,,llm_onecall,7134.0
少儿\多tab,242,我要看常识动画,educ_search,educ_search,"{""retext"": ""我要看常识动画"", ""query"": {""field"": ""children_second_genre"", ""value"": ""常识""}}",educ_search,"{""retext"": ""我要看常识动画"", ""query"": {""and"": [{""field"": ""content_type"", ""value"": ""动画""}, {""field"": ""children_third_genre"", ""value"": ""常识""}]}}",Y,N,N,"query: gold={""field"": ""children_second_genre"", ""value"": ""常识""} pred={""and"": [{""field"": ""children_third_genre"", ""value"": ""常识""}, {""field"": ""content_type"", ""value"": ""动画""}]}",llm_onecall,15422.6
少儿\多tab,263,6岁小孩看的识字,educ_search,educ_search,"{""retext"": ""6岁小孩看的识字"", ""query"": {""and"": [{""field"": ""children_second_genre"", ""value"": ""识字""}, {""field"": ""age_range"", ""from"": ""6"", ""to"": ""6""}]}}",educ_fuzzy_search,"{""retext"": ""6岁小孩看的识字""}",N,N,N,"query: gold={""and"": [{""field"": ""age_range"", ""from"": ""6"", ""to"": ""6""}, {""field"": ""children_second_genre"", ""value"": ""识字""}]} pred=",llm_onecall,1265.3
少儿\多tab,265,播放免费猪猪侠,educ_search,educ_search,"{""retext"": ""播放免费猪猪侠"", ""query"": {""and"": [{""field"": ""title"", ""value"": ""猪猪侠""}, {""field"": ""is_fee"", ""value"": 0}]}}",music_song_search,"{""retext"": ""播放免费猪猪侠"", ""song"": [""猪猪侠""], ""version"": [""免费版""]}",N,N,N,"query: gold={""and"": [{""field"": ""is_fee"", ""value"": 0}, {""field"": ""title"", ""value"": ""猪猪侠""}]} pred=; song: gold= pred=[""猪猪侠""]; version: gold= pred=[""免费版""]",llm_onecall,1717.1
少儿\多tab,257,给我讲一个喜羊羊的故事,educ_search,educ_search,"{""retext"": ""给我讲一个喜羊羊的故事"", ""query"": {""or"": [{""field"": ""role"", ""value"": ""喜羊羊""}, {""field"": ""title"", ""value"": ""喜羊羊""}]}}",educ_search,"{""retext"": ""给我讲一个喜羊羊的故事"", ""query"": {""and"": [{""or"": [{""field"": ""role"", ""value"": ""喜羊羊""}, {""field"": ""title"", ""value"": ""喜羊羊""}]}, {""field"": ""children_second_genre"", ""value"": ""故事""}]}}",Y,N,N,"query: gold={""or"": [{""field"": ""role"", ""value"": ""喜羊羊""}, {""field"": ""title"", ""value"": ""喜羊羊""}]} pred={""and"": [{""field"": ""children_second_genre"", ""value"": ""故事""}, {""or"": [{""field"": ""role"", ""value"": ""喜羊羊""}, {""field"": ""title"", ""value"": ""喜羊羊""}]}]}",llm_onecall,7757.0
少儿\多tab,247,古诗主题的动画,educ_search,educ_search,"{""retext"": ""古诗主题的动画"", ""query"": {""and"": [{""field"": ""children_third_genre"", ""value"": ""古诗""}, {""field"": ""content_type"", ""value"": ""动画""}]}}",educ_search,"{""retext"": ""古诗主题的动画"", ""query"": {""and"": [{""field"": ""children_third_genre"", ""value"": ""古诗""}, {""field"": ""content_type"", ""value"": ""动画""}]}}",Y,Y,Y,,llm_onecall,13309.2
少儿\多tab,245,给我找成语动画片,educ_search,educ_search,"{""retext"": ""给我找成语动画片"", ""query"": {""and"": [{""field"": ""children_third_genre"", ""value"": ""成语""}, {""field"": ""content_type"", ""value"": ""动画片""}]}}",educ_search,"{""retext"": ""给我找成语动画片"", ""query"": {""and"": [{""field"": ""children_third_genre"", ""value"": ""成语""}, {""field"": ""content_type"", ""value"": ""动画""}]}}",Y,N,N,"query: gold={""and"": [{""field"": ""children_third_genre"", ""value"": ""成语""}, {""field"": ""content_type"", ""value"": ""动画片""}]} pred={""and"": [{""field"": ""children_third_genre"", ""value"": ""成语""}, {""field"": ""content_type"", ""value"": ""动画""}]}",llm_onecall,16138.1
少儿\多tab,259,给我放淘气兄妹麦克斯与凯蒂,educ_search,educ_search,"{""retext"": ""给我放淘气兄妹麦克斯与凯蒂"", ""query"": {""field"": ""title"", ""value"": ""淘气兄妹麦克斯与凯蒂""}}",educ_search,"{""retext"": ""给我放淘气兄妹麦克斯与凯蒂"", ""query"": {""field"": ""title"", ""value"": ""淘气兄妹麦克斯与凯蒂""}}",Y,Y,Y,,llm_onecall,7152.2
少儿\多tab,261,找绘本看看,educ_search,educ_search,"{""retext"": ""找绘本看看"", ""query"": {""and"": [{""field"": ""children_second_genre"", ""value"": ""绘本""}, {""field"": ""age_range"", ""from"": ""3"", ""to"": ""6""}]}}",educ_search,"{""action"": ""search"", ""retext"": ""找绘本看看"", ""query"": {""field"": ""content_type"", ""value"": ""绘本""}}",Y,N,N,"action: gold= pred=""search""; query: gold={""and"": [{""field"": ""age_range"", ""from"": ""3"", ""to"": ""6""}, {""field"": ""children_second_genre"", ""value"": ""绘本""}]} pred={""field"": ""content_type"", ""value"": ""绘本""}",llm_onecall,5773.3
少儿\多tab,268,我要看免费jojo,educ_search,educ_search,"{""retext"": ""我要看免费jojo"", ""query"": {""and"": [{""field"": ""title"", ""value"": ""jojo""}, {""field"": ""is_fee"", ""value"": 0}]}}",educ_search,"{""retext"": ""我要看免费jojo"", ""query"": {""and"": [{""or"": [{""field"": ""role"", ""value"": ""jojo""}, {""field"": ""title"", ""value"": ""jojo""}]}, {""field"": ""is_fee"", ""value"": ""0""}]}}",Y,N,N,"query: gold={""and"": [{""field"": ""is_fee"", ""value"": 0}, {""field"": ""title"", ""value"": ""jojo""}]} pred={""and"": [{""field"": ""is_fee"", ""value"": ""0""}, {""or"": [{""field"": ""role"", ""value"": ""jojo""}, {""field"": ""title"", ""value"": ""jojo""}]}]}",llm_onecall,2614.4
少儿\多tab,271,打开太伶美,educ_search,educ_search,"{""retext"": ""打开太伶美"", ""query"": {""field"": ""title"", ""value"": ""太伶美""}}",vod_search,"{""action"": ""play"", ""retext"": ""打开太伶美"", ""query"": {""field"": ""title"", ""value"": ""太伶美""}}",N,N,N,"action: gold= pred=""play""",llm_onecall,2164.5
少儿\多tab,264,播放关于动物的动画剧,educ_search,educ_search,"{""retext"": ""播放关于动物的动画剧"", ""query"": {""and"": [{""field"": ""children_third_genre"", ""value"": ""动物""}, {""field"": ""content_type"", ""value"": ""动画剧""}]}}",educ_search,"{""retext"": ""播放关于动物的动画剧"", ""query"": {""and"": [{""field"": ""children_third_genre"", ""value"": ""动物""}, {""field"": ""content_type"", ""value"": ""动画""}]}}",Y,N,N,"query: gold={""and"": [{""field"": ""children_third_genre"", ""value"": ""动物""}, {""field"": ""content_type"", ""value"": ""动画剧""}]} pred={""and"": [{""field"": ""children_third_genre"", ""value"": ""动物""}, {""field"": ""content_type"", ""value"": ""动画""}]}",llm_onecall,6205.3
少儿\多tab,273,播放父与子,educ_search,educ_search,"{""retext"": ""播放父与子"", ""query"": {""field"": ""title"", ""value"": ""父与子""}}",vod_search,"{""action"": ""play"", ""retext"": ""播放父与子"", ""query"": {""field"": ""title"", ""value"": ""父与子""}}",N,N,N,"action: gold= pred=""play""",llm_onecall,2833.1
少儿\多tab,275,我要看科普视频,educ_search,educ_search,"{""retext"": ""我要看科普视频"", ""query"": {""and"": [{""field"": ""children_second_genre"", ""value"": ""科普""}, {""field"": ""is_fee"", ""value"": 0}, {""field"": ""age_range"", ""from"": ""3"", ""to"": ""6""}]}}",vod_search,"{""action"": ""search"", ""retext"": ""我要看科普视频"", ""query"": {""field"": ""tag"", ""value"": ""科普""}}",N,N,N,"action: gold= pred=""search""; query: gold={""and"": [{""field"": ""age_range"", ""from"": ""3"", ""to"": ""6""}, {""field"": ""children_second_genre"", ""value"": ""科普""}, {""field"": ""is_fee"", ""value"": 0}]} pred={""field"": ""tag"", ""value"": ""科普""}",llm_onecall,1569.5
少儿\多tab,255,我要看动画熊出没,educ_search,educ_search,"{""retext"": ""我要看动画熊出没"", ""query"": {""and"": [{""field"": ""title"", ""value"": ""熊出没""}, {""field"": ""content_type"", ""value"": ""动画""}]}}",educ_search,"{""retext"": ""我要看动画熊出没"", ""query"": {""and"": [{""field"": ""title"", ""value"": ""熊出没""}, {""field"": ""content_type"", ""value"": ""动画""}]}}",Y,Y,Y,,llm_onecall,12407.5
少儿\多tab,274,适合5岁孩子看的玩具,educ_search,educ_search,"{""retext"": ""适合5岁孩子看的玩具"", ""query"": {""and"": [{""field"": ""children_second_genre"", ""value"": ""玩具""}, {""field"": ""age_range"", ""from"": ""5"", ""to"": ""5""}]}}",educ_search,"{""retext"": ""适合5岁孩子看的玩具"", ""query"": {""and"": [{""field"": ""age_range"", ""from"": ""5"", ""to"": ""5""}, {""field"": ""children_second_genre"", ""value"": ""玩具""}]}}",Y,Y,Y,,llm_onecall,2134.3
少儿\多tab,266,我要看英语爆笑虫子,educ_search,educ_search,"{""retext"": ""我要看英语爆笑虫子"", ""query"": {""and"": [{""field"": ""title"", ""value"": ""爆笑虫子""}, {""field"": ""language"", ""value"": ""英语""}]}}",educ_search,"{""retext"": ""我要看英语爆笑虫子"", ""query"": {""and"": [{""field"": ""title"", ""value"": ""爆笑虫子""}, {""or"": [{""field"": ""language"", ""value"": ""英语""}, {""field"": ""children_second_genre"", ""value"": ""英语""}]}]}}",Y,N,N,"query: gold={""and"": [{""field"": ""language"", ""value"": ""英语""}, {""field"": ""title"", ""value"": ""爆笑虫子""}]} pred={""and"": [{""field"": ""title"", ""value"": ""爆笑虫子""}, {""or"": [{""field"": ""children_second_genre"", ""value"": ""英语""}, {""field"": ""language"", ""value"": ""英语""}]}]}",llm_onecall,6311.4
少儿\多tab,267,给我讲一个喜羊羊的故事呢,educ_search,educ_search,"{""retext"": ""给我讲一个喜羊羊的故事呢"", ""query"": {""or"": [{""field"": ""role"", ""value"": ""喜羊羊""}, {""field"": ""title"", ""value"": ""喜羊羊""}]}}",educ_search,"{""retext"": ""给我讲一个喜羊羊的故事呢"", ""query"": {""and"": [{""or"": [{""field"": ""role"", ""value"": ""喜羊羊""}, {""field"": ""title"", ""value"": ""喜羊羊""}]}, {""field"": ""children_second_genre"", ""value"": ""故事""}]}}",Y,N,N,"query: gold={""or"": [{""field"": ""role"", ""value"": ""喜羊羊""}, {""field"": ""title"", ""value"": ""喜羊羊""}]} pred={""and"": [{""field"": ""children_second_genre"", ""value"": ""故事""}, {""or"": [{""field"": ""role"", ""value"": ""喜羊羊""}, {""field"": ""title"", ""value"": ""喜羊羊""}]}]}",llm_onecall,6333.0
少儿\多tab,278,播放免费猪猪侠呢,educ_search,educ_search,"{""retext"": ""播放免费猪猪侠呢"", ""query"": {""and"": [{""field"": ""title"", ""value"": ""猪猪侠""}, {""field"": ""is_fee"", ""value"": 0}]}}",music_song_search,"{""retext"": ""播放免费猪猪侠呢"", ""song"": [""猪猪侠""], ""version"": [""免费版""]}",N,N,N,"query: gold={""and"": [{""field"": ""is_fee"", ""value"": 0}, {""field"": ""title"", ""value"": ""猪猪侠""}]} pred=; song: gold= pred=[""猪猪侠""]; version: gold= pred=[""免费版""]",llm_onecall,1962.4
少儿\多tab,279,播放免费的美术,educ_search,educ_search,"{""retext"": ""播放免费的美术"", ""query"": {""and"": [{""field"": ""children_second_genre"", ""value"": ""美术""}, {""field"": ""is_fee"", ""value"": 0}, {""field"": ""age_range"", ""from"": ""3"", ""to"": ""6""}]}}",vod_search,"{""action"": ""play"", ""retext"": ""播放免费的美术"", ""query"": {""and"": [{""field"": ""title"", ""value"": ""美术""}, {""field"": ""is_fee"", ""value"": ""0""}]}}",N,N,N,"action: gold= pred=""play""; query: gold={""and"": [{""field"": ""age_range"", ""from"": ""3"", ""to"": ""6""}, {""field"": ""children_second_genre"", ""value"": ""美术""}, {""field"": ""is_fee"", ""value"": 0}]} pred={""and"": [{""field"": ""is_fee"", ""value"": ""0""}, {""field"": ""title"", ""value"": ""美术""}]}",llm_onecall,2328.5
少儿\多tab,269,来国语版小伴龙,educ_search,educ_search,"{""retext"": ""来国语版小伴龙"", ""query"": {""and"": [{""field"": ""title"", ""value"": ""小伴龙""}, {""field"": ""language"", ""value"": ""国语版""}]}}",educ_search,"{""retext"": ""来国语版小伴龙"", ""query"": {""and"": [{""field"": ""title"", ""value"": ""小伴龙""}, {""field"": ""language"", ""value"": ""国语版""}]}}",Y,Y,Y,,llm_onecall,6830.9
少儿\多tab,280,播放免费兔子姐姐神奇的拼音,educ_search,educ_search,"{""retext"": ""播放免费兔子姐姐神奇的拼音"", ""query"": {""and"": [{""field"": ""title"", ""value"": ""兔子姐姐神奇的拼音""}, {""field"": ""is_fee"", ""value"": 0}]}}",educ_search,"{""retext"": ""播放免费兔子姐姐神奇的拼音"", ""query"": {""and"": [{""field"": ""title"", ""value"": ""兔子姐姐神奇的拼音""}, {""field"": ""is_fee"", ""value"": ""0""}]}}",Y,N,N,"query: gold={""and"": [{""field"": ""is_fee"", ""value"": 0}, {""field"": ""title"", ""value"": ""兔子姐姐神奇的拼音""}]} pred={""and"": [{""field"": ""is_fee"", ""value"": ""0""}, {""field"": ""title"", ""value"": ""兔子姐姐神奇的拼音""}]}",llm_onecall,2731.7
少儿\多tab,283,播放常识,educ_search,educ_search,"{""retext"": ""播放常识"", ""query"": {""field"": ""children_second_genre"", ""value"": ""常识""}}",vod_search,"{""action"": ""play"", ""retext"": ""播放常识"", ""query"": {""field"": ""title"", ""value"": ""常识""}}",N,N,N,"action: gold= pred=""play""; query: gold={""field"": ""children_second_genre"", ""value"": ""常识""} pred={""field"": ""title"", ""value"": ""常识""}",llm_onecall,2018.7
少儿\多tab,284,播放免费的音乐,educ_search,educ_search,"{""retext"": ""播放免费的音乐"", ""query"": {""and"": [{""field"": ""children_second_genre"", ""value"": ""音乐""}, {""field"": ""is_fee"", ""value"": 0}]}}",music_song_recommend,"{""retext"": ""播放免费的音乐""}",N,N,N,"query: gold={""and"": [{""field"": ""children_second_genre"", ""value"": ""音乐""}, {""field"": ""is_fee"", ""value"": 0}]} pred=",llm_onecall,1682.6
少儿\多tab,287,找观察力相关的课程,educ_search,educ_search,"{""retext"": ""找观察力相关的课程"", ""query"": {""field"": ""training_objectives"", ""value"": ""观察力""}}",edu_fuzzy_search,"{""retext"": ""找观察力相关的课程""}",N,N,N,"query: gold={""field"": ""training_objectives"", ""value"": ""观察力""} pred=",llm_onecall,1389.2
少儿\多tab,288,我要看数学视频,educ_search,educ_search,"{""retext"": ""我要看数学视频"", ""query"": {""and"": [{""field"": ""children_second_genre"", ""value"": ""数学""}, {""field"": ""is_fee"", ""value"": 0}]}}",edu_fuzzy_search,"{""retext"": ""我要看数学视频""}",N,N,N,"query: gold={""and"": [{""field"": ""children_second_genre"", ""value"": ""数学""}, {""field"": ""is_fee"", ""value"": 0}]} pred=",llm_onecall,1347.2
少儿\多tab,285,适合8岁孩子看的舞蹈,educ_search,educ_search,"{""retext"": ""适合8岁孩子看的舞蹈"", ""query"": {""and"": [{""field"": ""children_second_genre"", ""value"": ""舞蹈""}, {""field"": ""age_range"", ""from"": ""8"", ""to"": ""8""}]}}",educ_search,"{""retext"": ""适合8岁孩子看的舞蹈"", ""query"": {""and"": [{""field"": ""age_range"", ""from"": ""8"", ""to"": ""8""}, {""field"": ""children_third_genre"", ""value"": ""舞蹈""}]}}",Y,N,N,"query: gold={""and"": [{""field"": ""age_range"", ""from"": ""8"", ""to"": ""8""}, {""field"": ""children_second_genre"", ""value"": ""舞蹈""}]} pred={""and"": [{""field"": ""age_range"", ""from"": ""8"", ""to"": ""8""}, {""field"": ""children_third_genre"", ""value"": ""舞蹈""}]}",llm_onecall,2946.8
少儿\多tab,276,我要看巴啦啦小魔仙,educ_search,educ_search,"{""retext"": ""我要看巴啦啦小魔仙"", ""query"": {""field"": ""title"", ""value"": ""巴啦啦小魔仙""}}",educ_search,"{""retext"": ""我要看巴啦啦小魔仙"", ""query"": {""field"": ""title"", ""value"": ""巴啦啦小魔仙""}}",Y,Y,Y,,llm_onecall,6098.3
少儿\多tab,277,我要看九色鹿呢,educ_search,educ_search,"{""retext"": ""我要看九色鹿呢"", ""query"": {""field"": ""title"", ""value"": ""九色鹿""}}",educ_search,"{""retext"": ""我要看九色鹿呢"", ""query"": {""field"": ""title"", ""value"": ""九色鹿""}}",Y,Y,Y,,llm_onecall,6190.8
少儿\多tab,286,9岁小孩看的故事,educ_search,educ_search,"{""retext"": ""9岁小孩看的故事"", ""query"": {""and"": [{""field"": ""children_second_genre"", ""value"": ""故事""}, {""field"": ""age_range"", ""from"": ""9"", ""to"": ""9""}]}}",audio_search,"{""action"": ""search"", ""query"": ""9岁小孩看的故事""}",N,N,N,"action: gold= pred=""search""; query: gold={""and"": [{""field"": ""age_range"", ""from"": ""9"", ""to"": ""9""}, {""field"": ""children_second_genre"", ""value"": ""故事""}]} pred=""9岁小孩看的故事""; retext: gold=""9岁小孩看的故事"" pred=",general_rule,3122.0
少儿\多tab,289,给我放免费熊出没,educ_search,educ_search,"{""retext"": ""给我放免费熊出没"", ""query"": {""and"": [{""field"": ""title"", ""value"": ""熊出没""}, {""field"": ""is_fee"", ""value"": 0}]}}",educ_search,"{""retext"": ""给我放免费熊出没"", ""query"": {""and"": [{""field"": ""title"", ""value"": ""熊出没""}, {""field"": ""is_fee"", ""value"": ""0""}]}}",Y,N,N,"query: gold={""and"": [{""field"": ""is_fee"", ""value"": 0}, {""field"": ""title"", ""value"": ""熊出没""}]} pred={""and"": [{""field"": ""is_fee"", ""value"": ""0""}, {""field"": ""title"", ""value"": ""熊出没""}]}",llm_onecall,2194.6
少儿\多tab,282,播放识字,educ_search,educ_search,"{""retext"": ""播放识字"", ""query"": {""and"": [{""field"": ""children_second_genre"", ""value"": ""识字""}, {""field"": ""age_range"", ""from"": ""3"", ""to"": ""6""}]}}",educ_search,"{""retext"": ""播放识字"", ""query"": {""field"": ""training_objectives"", ""value"": ""识字""}}",Y,N,N,"query: gold={""and"": [{""field"": ""age_range"", ""from"": ""3"", ""to"": ""6""}, {""field"": ""children_second_genre"", ""value"": ""识字""}]} pred={""field"": ""training_objectives"", ""value"": ""识字""}",llm_onecall,7056.8
少儿\多tab,281,播放超级飞侠,educ_search,educ_search,"{""retext"": ""播放超级飞侠"", ""query"": {""field"": ""title"", ""value"": ""超级飞侠""}}",educ_search,"{""retext"": ""播放超级飞侠"", ""query"": {""or"": [{""field"": ""role"", ""value"": ""超级飞侠""}, {""field"": ""title"", ""value"": ""超级飞侠""}]}}",Y,N,N,"query: gold={""field"": ""title"", ""value"": ""超级飞侠""} pred={""or"": [{""field"": ""role"", ""value"": ""超级飞侠""}, {""field"": ""title"", ""value"": ""超级飞侠""}]}",llm_onecall,7373.1
少儿\多tab,270,给我找动物动画剧,educ_search,educ_search,"{""retext"": ""给我找动物动画剧"", ""query"": {""and"": [{""field"": ""children_third_genre"", ""value"": ""动物""}, {""field"": ""content_type"", ""value"": ""动画剧""}]}}",educ_search,"{""retext"": ""给我找动物动画剧"", ""query"": {""and"": [{""field"": ""children_third_genre"", ""value"": ""动物""}, {""field"": ""content_type"", ""value"": ""动画""}]}}",Y,N,N,"query: gold={""and"": [{""field"": ""children_third_genre"", ""value"": ""动物""}, {""field"": ""content_type"", ""value"": ""动画剧""}]} pred={""and"": [{""field"": ""children_third_genre"", ""value"": ""动物""}, {""field"": ""content_type"", ""value"": ""动画""}]}",llm_onecall,13104.2
少儿\多tab,272,给我找动物动画剧呢,educ_search,educ_search,"{""retext"": ""给我找动物动画剧呢"", ""query"": {""and"": [{""field"": ""children_third_genre"", ""value"": ""动物""}, {""field"": ""content_type"", ""value"": ""动画剧""}]}}",educ_search,"{""retext"": ""给我找动物动画剧呢"", ""query"": {""and"": [{""field"": ""children_third_genre"", ""value"": ""动物""}, {""field"": ""content_type"", ""value"": ""动画""}]}}",Y,N,N,"query: gold={""and"": [{""field"": ""children_third_genre"", ""value"": ""动物""}, {""field"": ""content_type"", ""value"": ""动画剧""}]} pred={""and"": [{""field"": ""children_third_genre"", ""value"": ""动物""}, {""field"": ""content_type"", ""value"": ""动画""}]}",llm_onecall,12960.5
少儿\多tab,299,我要看免费动画熊出没,educ_search,educ_search,"{""retext"": ""我要看免费动画熊出没"", ""query"": {""and"": [{""field"": ""title"", ""value"": ""熊出没""}, {""field"": ""is_fee"", ""value"": 0}, {""field"": ""content_type"", ""value"": ""动画片""}]}}",educ_search,"{""retext"": ""我要看免费动画熊出没"", ""query"": {""and"": [{""field"": ""title"", ""value"": ""熊出没""}, {""field"": ""is_fee"", ""value"": ""0""}, {""field"": ""content_type"", ""value"": ""动画""}]}}",Y,N,N,"query: gold={""and"": [{""field"": ""content_type"", ""value"": ""动画片""}, {""field"": ""is_fee"", ""value"": 0}, {""field"": ""title"", ""value"": ""熊出没""}]} pred={""and"": [{""field"": ""content_type"", ""value"": ""动画""}, {""field"": ""is_fee"", ""value"": ""0""}, {""field"": ""title"", ""value"": ""熊出没""}]}",llm_onecall,1802.8
少儿\多tab,290,打开儿童动漫,educ_search,educ_search,"{""retext"": ""打开儿童动漫"", ""query"": {""and"": [{""field"": ""children_second_genre"", ""value"": ""动漫""}, {""field"": ""is_fee"", ""value"": 0}]}}",educ_search,"{""retext"": ""打开儿童动漫"", ""query"": {""field"": ""children_second_genre"", ""value"": ""动漫""}}",Y,N,N,"query: gold={""and"": [{""field"": ""children_second_genre"", ""value"": ""动漫""}, {""field"": ""is_fee"", ""value"": 0}]} pred={""field"": ""children_second_genre"", ""value"": ""动漫""}",llm_onecall,6034.2
少儿\多tab,292,播放儿童表达能力,educ_search,educ_search,"{""retext"": ""播放儿童表达能力"", ""query"": {""field"": ""training_objectives"", ""value"": ""表达能力""}}",educ_search,"{""retext"": ""播放儿童表达能力"", ""query"": {""field"": ""training_objectives"", ""value"": ""表达能力""}}",Y,Y,Y,,llm_onecall,6106.6
少儿\多tab,293,播放儿童自律能力,educ_search,educ_search,"{""retext"": ""播放儿童自律能力"", ""query"": {""field"": ""training_objectives"", ""value"": ""自律能力""}}",educ_search,"{""retext"": ""播放儿童自律能力"", ""query"": {""field"": ""training_objectives"", ""value"": ""自律能力""}}",Y,Y,Y,,llm_onecall,5711.0
少儿\多tab,291,播放中文樱桃小丸子,educ_search,educ_search,"{""retext"": ""播放中文樱桃小丸子"", ""query"": {""and"": [{""field"": ""title"", ""value"": ""樱桃小丸子""}, {""field"": ""language"", ""value"": ""中文""}]}}",educ_search,"{""retext"": ""播放中文樱桃小丸子"", ""query"": {""and"": [{""field"": ""title"", ""value"": ""樱桃小丸子""}, {""field"": ""language"", ""value"": ""中文""}]}}",Y,Y,Y,,llm_onecall,6801.9
少儿\多tab,301,找表达能力相关的内容,educ_search,educ_search,"{""retext"": ""找表达能力相关的内容"", ""query"": {""field"": ""training_objectives"", ""value"": ""表达能力""}}",edu_fuzzy_search,"{""retext"": ""找表达能力相关的内容""}",N,N,N,"query: gold={""field"": ""training_objectives"", ""value"": ""表达能力""} pred=",llm_onecall,1519.9
少儿\多tab,303,8岁小孩看的数学,educ_search,educ_search,"{""retext"": ""8岁小孩看的数学"", ""query"": {""and"": [{""field"": ""children_second_genre"", ""value"": ""数学""}, {""field"": ""age_range"", ""from"": ""8"", ""to"": ""8""}]}}",edu_fuzzy_search,"{""retext"": ""8岁小孩看的数学""}",N,N,N,"query: gold={""and"": [{""field"": ""age_range"", ""from"": ""8"", ""to"": ""8""}, {""field"": ""children_second_genre"", ""value"": ""数学""}]} pred=",llm_onecall,1630.2
少儿\多tab,295,给我放汪汪队立大功,educ_search,educ_search,"{""retext"": ""给我放汪汪队立大功"", ""query"": {""field"": ""title"", ""value"": ""汪汪队立大功""}}",educ_search,"{""retext"": ""给我放汪汪队立大功"", ""query"": {""field"": ""title"", ""value"": ""汪汪队立大功""}}",Y,Y,Y,,llm_onecall,6126.4
少儿\多tab,297,我要看爱探险的朵拉,educ_search,educ_search,"{""retext"": ""我要看爱探险的朵拉"", ""query"": {""field"": ""title"", ""value"": ""爱探险的朵拉""}}",educ_search,"{""retext"": ""我要看爱探险的朵拉"", ""query"": {""field"": ""title"", ""value"": ""爱探险的朵拉""}}",Y,Y,Y,,llm_onecall,5767.8
少儿\多tab,304,播放安全,educ_search,educ_search,"{""retext"": ""播放安全"", ""query"": {""field"": ""children_second_genre"", ""value"": ""安全""}}",vod_search,"{""action"": ""play"", ""retext"": ""播放安全"", ""query"": {""field"": ""title"", ""value"": ""安全""}}",N,N,N,"action: gold= pred=""play""; query: gold={""field"": ""children_second_genre"", ""value"": ""安全""} pred={""field"": ""title"", ""value"": ""安全""}",llm_onecall,2671.5
少儿\多tab,298,找责任心相关的动画,educ_search,educ_search,"{""retext"": ""找责任心相关的动画"", ""query"": {""field"": ""training_objectives"", ""value"": ""责任心""}}",educ_search,"{""retext"": ""找责任心相关的动画"", ""query"": {""and"": [{""field"": ""training_objectives"", ""value"": ""责任心""}, {""field"": ""content_type"", ""value"": ""动画""}]}}",Y,N,N,"query: gold={""field"": ""training_objectives"", ""value"": ""责任心""} pred={""and"": [{""field"": ""content_type"", ""value"": ""动画""}, {""field"": ""training_objectives"", ""value"": ""责任心""}]}",llm_onecall,5948.1
少儿\多tab,306,播放适合5岁听的故事,educ_search,educ_search,"{""retext"": ""播放适合5岁听的故事"", ""query"": {""and"": [{""field"": ""children_second_genre"", ""value"": ""故事""}, {""field"": ""age_range"", ""from"": ""5"", ""to"": ""5""}]}}",educ_search,"{""retext"": ""播放适合5岁听的故事"", ""query"": {""and"": [{""field"": ""age_range"", ""from"": ""5"", ""to"": ""5""}, {""field"": ""children_second_genre"", ""value"": ""故事""}]}}",Y,Y,Y,,llm_onecall,3098.4
少儿\多tab,300,我要看爱探险的朵拉呢,educ_search,educ_search,"{""retext"": ""我要看爱探险的朵拉呢"", ""query"": {""field"": ""title"", ""value"": ""爱探险的朵拉""}}",educ_search,"{""retext"": ""我要看爱探险的朵拉呢"", ""query"": {""field"": ""title"", ""value"": ""爱探险的朵拉""}}",Y,Y,Y,,llm_onecall,6088.0
少儿\多tab,302,打开儿童数学,educ_search,educ_search,"{""retext"": ""打开儿童数学"", ""query"": {""field"": ""children_second_genre"", ""value"": ""数学""}}",educ_search,"{""retext"": ""打开儿童数学"", ""query"": {""field"": ""children_second_genre"", ""value"": ""数学""}}",Y,Y,Y,,llm_onecall,6048.7
少儿\多tab,313,给我放英语爱探险的朵拉,educ_search,educ_search,"{""retext"": ""给我放英语爱探险的朵拉"", ""query"": {""and"": [{""field"": ""title"", ""value"": ""爱探险的朵拉""}, {""field"": ""language"", ""value"": ""英语""}]}}",edu_fuzzy_search,"{""retext"": ""给我放英语爱探险的朵拉""}",N,N,N,"query: gold={""and"": [{""field"": ""language"", ""value"": ""英语""}, {""field"": ""title"", ""value"": ""爱探险的朵拉""}]} pred=",llm_onecall,1199.0
少儿\多tab,305,播放九色鹿,educ_search,educ_search,"{""retext"": ""播放九色鹿"", ""query"": {""field"": ""title"", ""value"": ""九色鹿""}}",educ_search,"{""retext"": ""播放九色鹿"", ""query"": {""field"": ""title"", ""value"": ""九色鹿""}}",Y,Y,Y,,llm_onecall,6251.2
少儿\多tab,296,职业主题的卡通,educ_search,educ_search,"{""retext"": ""职业主题的卡通"", ""query"": {""and"": [{""field"": ""children_third_genre"", ""value"": ""职业""}, {""field"": ""content_type"", ""value"": ""卡通""}]}}",educ_search,"{""retext"": ""职业主题的卡通"", ""query"": {""and"": [{""field"": ""children_third_genre"", ""value"": ""职业""}, {""field"": ""content_type"", ""value"": ""卡通""}]}}",Y,Y,Y,,llm_onecall,12433.6
少儿\多tab,307,给我放大卫不可以,educ_search,educ_search,"{""retext"": ""给我放大卫不可以"", ""query"": {""field"": ""title"", ""value"": ""大卫不可以""}}",educ_search,"{""retext"": ""给我放大卫不可以"", ""query"": {""field"": ""title"", ""value"": ""大卫不可以""}}",Y,Y,Y,,llm_onecall,7202.2
少儿\多tab,308,播放小花仙,educ_search,educ_search,"{""retext"": ""播放小花仙"", ""query"": {""field"": ""title"", ""value"": ""小花仙""}}",educ_search,"{""retext"": ""播放小花仙"", ""query"": {""field"": ""title"", ""value"": ""小花仙""}}",Y,Y,Y,,llm_onecall,7749.0
少儿\多tab,309,播放动漫,educ_search,educ_search,"{""retext"": ""播放动漫"", ""query"": {""and"": [{""field"": ""children_second_genre"", ""value"": ""动漫""}, {""field"": ""age_range"", ""from"": ""3"", ""to"": ""6""}]}}",educ_search,"{""retext"": ""播放动漫"", ""query"": {""field"": ""children_second_genre"", ""value"": ""动漫""}}",Y,N,N,"query: gold={""and"": [{""field"": ""age_range"", ""from"": ""3"", ""to"": ""6""}, {""field"": ""children_second_genre"", ""value"": ""动漫""}]} pred={""field"": ""children_second_genre"", ""value"": ""动漫""}",llm_onecall,6474.5
少儿\多tab,315,播放适合6岁听的玩具,educ_search,educ_search,"{""retext"": ""播放适合6岁听的玩具"", ""query"": {""and"": [{""field"": ""children_second_genre"", ""value"": ""玩具""}, {""field"": ""age_range"", ""from"": ""6"", ""to"": ""6""}]}}",educ_search,"{""retext"": ""播放适合6岁听的玩具"", ""query"": {""and"": [{""field"": ""age_range"", ""from"": ""6"", ""to"": ""6""}, {""field"": ""children_second_genre"", ""value"": ""玩具""}]}}",Y,Y,Y,,llm_onecall,2384.9
少儿\多tab,316,我要看音乐视频,educ_search,educ_search,"{""retext"": ""我要看音乐视频"", ""query"": {""field"": ""children_second_genre"", ""value"": ""音乐""}}",music_song_mv_search,"{""retext"": ""我要看音乐视频""}",N,N,N,"query: gold={""field"": ""children_second_genre"", ""value"": ""音乐""} pred=",llm_onecall,2219.5
少儿\多tab,310,我要看贝乐虎儿歌大家唱,educ_search,educ_search,"{""retext"": ""我要看贝乐虎儿歌大家唱"", ""query"": {""field"": ""title"", ""value"": ""贝乐虎儿歌大家唱""}}",educ_search,"{""retext"": ""我要看贝乐虎儿歌大家唱"", ""query"": {""field"": ""title"", ""value"": ""贝乐虎儿歌大家唱""}}",Y,Y,Y,,llm_onecall,7576.4
少儿\多tab,319,找记忆力相关的内容,educ_search,educ_search,"{""retext"": ""找记忆力相关的内容"", ""query"": {""field"": ""training_objectives"", ""value"": ""记忆力""}}",edu_fuzzy_search,"{""retext"": ""找记忆力相关的内容""}",N,N,N,"query: gold={""field"": ""training_objectives"", ""value"": ""记忆力""} pred=",llm_onecall,1593.5
少儿\多tab,314,播放绘本,educ_search,educ_search,"{""retext"": ""播放绘本"", ""query"": {""field"": ""children_second_genre"", ""value"": ""绘本""}}",educ_search,"{""retext"": ""播放绘本"", ""query"": {""field"": ""children_second_genre"", ""value"": ""绘本""}}",Y,Y,Y,,llm_onecall,5531.0
少儿\多tab,318,给我放沃福,educ_search,educ_search,"{""retext"": ""给我放沃福"", ""query"": {""field"": ""title"", ""value"": ""沃福""}}",educ_search,"{""retext"": ""给我放沃福"", ""query"": {""field"": ""title"", ""value"": ""沃福""}}",Y,Y,Y,,llm_onecall,6172.0
少儿\多tab,321,情绪管理主题的动画,educ_search,educ_search,"{""retext"": ""情绪管理主题的动画"", ""query"": {""and"": [{""field"": ""children_third_genre"", ""value"": ""情绪管理""}, {""field"": ""content_type"", ""value"": ""动画""}]}}",educ_search,"{""retext"": ""情绪管理主题的动画"", ""query"": {""and"": [{""or"": [{""field"": ""children_third_genre"", ""value"": ""情绪管理""}, {""field"": ""training_objectives"", ""value"": ""情绪管理""}]}, {""field"": ""content_type"", ""value"": ""动画""}]}}",Y,N,N,"query: gold={""and"": [{""field"": ""children_third_genre"", ""value"": ""情绪管理""}, {""field"": ""content_type"", ""value"": ""动画""}]} pred={""and"": [{""field"": ""content_type"", ""value"": ""动画""}, {""or"": [{""field"": ""children_third_genre"", ""value"": ""情绪管理""}, {""field"": ""training_objectives"", ""value"": ""情绪管理""}]}]}",llm_onecall,6437.8
少儿\多tab,320,给我讲一个熊二的故事,educ_search,educ_search,"{""retext"": ""给我讲一个熊二的故事"", ""query"": {""or"": [{""field"": ""role"", ""value"": ""熊二""}, {""field"": ""title"", ""value"": ""熊二""}]}}",educ_search,"{""retext"": ""给我讲一个熊二的故事"", ""query"": {""and"": [{""or"": [{""field"": ""role"", ""value"": ""熊二""}, {""field"": ""title"", ""value"": ""熊二""}]}, {""field"": ""children_second_genre"", ""value"": ""故事""}]}}",Y,N,N,"query: gold={""or"": [{""field"": ""role"", ""value"": ""熊二""}, {""field"": ""title"", ""value"": ""熊二""}]} pred={""and"": [{""field"": ""children_second_genre"", ""value"": ""故事""}, {""or"": [{""field"": ""role"", ""value"": ""熊二""}, {""field"": ""title"", ""value"": ""熊二""}]}]}",llm_onecall,7093.6
少儿\多tab,294,我要看舞蹈视频,educ_search,educ_search,"{""retext"": ""我要看舞蹈视频"", ""query"": {""field"": ""children_second_genre"", ""value"": ""舞蹈""}}",vod_search,"{""action"": ""search"", ""retext"": ""我要看舞蹈视频"", ""query"": {""field"": ""tag"", ""value"": ""舞蹈""}}",N,N,N,"action: gold= pred=""search""; query: gold={""field"": ""children_second_genre"", ""value"": ""舞蹈""} pred={""field"": ""tag"", ""value"": ""舞蹈""}",llm_onecall,23582.1
少儿\多tab,322,播放中文兔子姐姐神奇的拼音,educ_search,educ_search,"{""retext"": ""播放中文兔子姐姐神奇的拼音"", ""query"": {""and"": [{""field"": ""title"", ""value"": ""兔子姐姐神奇的拼音""}, {""field"": ""language"", ""value"": ""中文""}]}}",educ_search,"{""retext"": ""播放中文兔子姐姐神奇的拼音"", ""query"": {""and"": [{""field"": ""title"", ""value"": ""兔子姐姐神奇的拼音""}, {""field"": ""language"", ""value"": ""中文""}]}}",Y,Y,Y,,llm_onecall,6988.9
少儿\多tab,311,给我找字母动画片,educ_search,educ_search,"{""retext"": ""给我找字母动画片"", ""query"": {""and"": [{""field"": ""children_third_genre"", ""value"": ""字母""}, {""field"": ""content_type"", ""value"": ""动画片""}]}}",educ_search,"{""retext"": ""给我找字母动画片"", ""query"": {""and"": [{""field"": ""children_third_genre"", ""value"": ""字母""}, {""field"": ""content_type"", ""value"": ""动画""}]}}",Y,N,N,"query: gold={""and"": [{""field"": ""children_third_genre"", ""value"": ""字母""}, {""field"": ""content_type"", ""value"": ""动画片""}]} pred={""and"": [{""field"": ""children_third_genre"", ""value"": ""字母""}, {""field"": ""content_type"", ""value"": ""动画""}]}",llm_onecall,13458.0
少儿\多tab,324,播放奥特曼的动画,educ_search,educ_search,"{""retext"": ""播放奥特曼的动画"", ""query"": {""or"": [{""field"": ""role"", ""value"": ""奥特曼""}, {""field"": ""title"", ""value"": ""奥特曼""}]}}",educ_search,"{""retext"": ""播放奥特曼的动画"", ""query"": {""and"": [{""field"": ""title"", ""value"": ""奥特曼""}, {""field"": ""content_type"", ""value"": ""动画""}]}}",Y,N,N,"query: gold={""or"": [{""field"": ""role"", ""value"": ""奥特曼""}, {""field"": ""title"", ""value"": ""奥特曼""}]} pred={""and"": [{""field"": ""content_type"", ""value"": ""动画""}, {""field"": ""title"", ""value"": ""奥特曼""}]}",llm_onecall,6338.0
少儿\多tab,326,播放数学,educ_search,educ_search,"{""retext"": ""播放数学"", ""query"": {""field"": ""children_second_genre"", ""value"": ""数学""}}",edu_search,"{""query"": {""and"": [{""field"": ""first_subject"", ""value"": ""数学""}, {""field"": ""k12_category"", ""values"": [""同步课"", ""同步拓展课""], ""operator"": ""or""}]}}",N,N,N,"query: gold={""field"": ""children_second_genre"", ""value"": ""数学""} pred={""and"": [{""field"": ""first_subject"", ""value"": ""数学""}, {""field"": ""k12_category"", ""operator"": ""or"", ""values"": [""同步拓展课"", ""同步课""]}]}; retext: gold=""播放数学"" pred=",llm_onecall,2346.2
少儿\多tab,327,播放适合3岁听的绘本,educ_search,educ_search,"{""retext"": ""播放适合3岁听的绘本"", ""query"": {""and"": [{""field"": ""children_second_genre"", ""value"": ""绘本""}, {""field"": ""age_range"", ""from"": ""3"", ""to"": ""3""}]}}",educ_search,"{""retext"": ""播放适合3岁听的绘本"", ""query"": {""and"": [{""field"": ""age_range"", ""from"": ""3"", ""to"": ""3""}, {""field"": ""children_second_genre"", ""value"": ""绘本""}]}}",Y,Y,Y,,llm_onecall,2359.5
少儿\多tab,312,播放超级飞侠乐迪的动画,educ_search,educ_search,"{""retext"": ""播放超级飞侠乐迪的动画"", ""query"": {""or"": [{""field"": ""role"", ""value"": ""超级飞侠乐迪""}, {""field"": ""title"", ""value"": ""超级飞侠乐迪""}]}}",educ_search,"{""retext"": ""播放超级飞侠乐迪的动画"", ""query"": {""and"": [{""or"": [{""field"": ""role"", ""value"": ""乐迪""}, {""field"": ""title"", ""value"": ""乐迪""}, {""field"": ""title"", ""value"": ""超级飞侠""}]}, {""field"": ""content_type"", ""value"": ""动画""}]}}",Y,N,N,"query: gold={""or"": [{""field"": ""role"", ""value"": ""超级飞侠乐迪""}, {""field"": ""title"", ""value"": ""超级飞侠乐迪""}]} pred={""and"": [{""field"": ""content_type"", ""value"": ""动画""}, {""or"": [{""field"": ""role"", ""value"": ""乐迪""}, {""field"": ""title"", ""value"": ""乐迪""}, {""field"": ""title"", ""value"": ""超级飞侠""}]}]}",llm_onecall,13935.9
少儿\多tab,330,播放免费玛莎和熊,educ_search,educ_search,"{""retext"": ""播放免费玛莎和熊"", ""query"": {""and"": [{""field"": ""title"", ""value"": ""玛莎和熊""}, {""field"": ""is_fee"", ""value"": 0}]}}",educ_search,"{""retext"": ""播放免费玛莎和熊"", ""query"": {""and"": [{""field"": ""title"", ""value"": ""玛莎和熊""}, {""field"": ""is_fee"", ""value"": ""0""}]}}",Y,N,N,"query: gold={""and"": [{""field"": ""is_fee"", ""value"": 0}, {""field"": ""title"", ""value"": ""玛莎和熊""}]} pred={""and"": [{""field"": ""is_fee"", ""value"": ""0""}, {""field"": ""title"", ""value"": ""玛莎和熊""}]}",llm_onecall,2453.0
少儿\多tab,317,播放汪汪队的动画,educ_search,educ_search,"{""retext"": ""播放汪汪队的动画"", ""query"": {""or"": [{""field"": ""role"", ""value"": ""汪汪队""}, {""field"": ""title"", ""value"": ""汪汪队""}]}}",educ_search,"{""retext"": ""播放汪汪队的动画"", ""query"": {""and"": [{""field"": ""title"", ""value"": ""汪汪队""}, {""field"": ""content_type"", ""value"": ""动画""}]}}",Y,N,N,"query: gold={""or"": [{""field"": ""role"", ""value"": ""汪汪队""}, {""field"": ""title"", ""value"": ""汪汪队""}]} pred={""and"": [{""field"": ""content_type"", ""value"": ""动画""}, {""field"": ""title"", ""value"": ""汪汪队""}]}",llm_onecall,12534.3
少儿\多tab,325,找记忆力相关的动画,educ_search,educ_search,"{""retext"": ""找记忆力相关的动画"", ""query"": {""field"": ""training_objectives"", ""value"": ""记忆力""}}",educ_search,"{""retext"": ""找记忆力相关的动画"", ""query"": {""and"": [{""field"": ""training_objectives"", ""value"": ""记忆力""}, {""field"": ""content_type"", ""value"": ""动画""}]}}",Y,N,N,"query: gold={""field"": ""training_objectives"", ""value"": ""记忆力""} pred={""and"": [{""field"": ""content_type"", ""value"": ""动画""}, {""field"": ""training_objectives"", ""value"": ""记忆力""}]}",llm_onecall,5745.5
少儿\多tab,333,播放适合8岁听的启蒙,educ_search,educ_search,"{""retext"": ""播放适合8岁听的启蒙"", ""query"": {""and"": [{""field"": ""children_second_genre"", ""value"": ""启蒙""}, {""field"": ""age_range"", ""from"": ""8"", ""to"": ""8""}]}}",educ_search,"{""retext"": ""播放适合8岁听的启蒙"", ""query"": {""and"": [{""field"": ""title"", ""value"": ""启蒙""}, {""field"": ""age_range"", ""from"": ""8"", ""to"": ""8""}]}}",Y,N,N,"query: gold={""and"": [{""field"": ""age_range"", ""from"": ""8"", ""to"": ""8""}, {""field"": ""children_second_genre"", ""value"": ""启蒙""}]} pred={""and"": [{""field"": ""age_range"", ""from"": ""8"", ""to"": ""8""}, {""field"": ""title"", ""value"": ""启蒙""}]}",llm_onecall,2952.8
少儿\多tab,335,播放适合6岁听的美术,educ_search,educ_search,"{""retext"": ""播放适合6岁听的美术"", ""query"": {""and"": [{""field"": ""children_second_genre"", ""value"": ""美术""}, {""field"": ""age_range"", ""from"": ""6"", ""to"": ""6""}]}}",educ_search,"{""retext"": ""播放适合6岁听的美术"", ""query"": {""and"": [{""field"": ""age_range"", ""from"": ""6"", ""to"": ""6""}, {""field"": ""children_second_genre"", ""value"": ""美术""}]}}",Y,Y,Y,,llm_onecall,2196.5
少儿\多tab,337,我要看免费英文版巧虎,educ_search,educ_search,"{""retext"": ""我要看免费英文版巧虎"", ""query"": {""and"": [{""field"": ""title"", ""value"": ""巧虎""}, {""field"": ""is_fee"", ""value"": 0}, {""field"": ""language"", ""value"": ""英文版""}]}}",educ_search,"{""retext"": ""我要看免费英文版巧虎"", ""query"": {""and"": [{""field"": ""title"", ""value"": ""巧虎""}, {""field"": ""language"", ""value"": ""英文版""}, {""field"": ""is_fee"", ""value"": ""0""}]}}",Y,N,N,"query: gold={""and"": [{""field"": ""is_fee"", ""value"": 0}, {""field"": ""language"", ""value"": ""英文版""}, {""field"": ""title"", ""value"": ""巧虎""}]} pred={""and"": [{""field"": ""is_fee"", ""value"": ""0""}, {""field"": ""language"", ""value"": ""英文版""}, {""field"": ""title"", ""value"": ""巧虎""}]}",llm_onecall,2031.4
少儿\多tab,331,播放超级宝贝JOJO,educ_search,educ_search,"{""retext"": ""播放超级宝贝JOJO"", ""query"": {""field"": ""title"", ""value"": ""超级宝贝JOJO""}}",educ_search,"{""retext"": ""播放超级宝贝JOJO"", ""query"": {""field"": ""title"", ""value"": ""超级宝贝jojo""}}",Y,N,N,"query: gold={""field"": ""title"", ""value"": ""超级宝贝JOJO""} pred={""field"": ""title"", ""value"": ""超级宝贝jojo""}",fewshot_cache,4689.0
少儿\多tab,328,播放关于颜色的卡通,educ_search,educ_search,"{""retext"": ""播放关于颜色的卡通"", ""query"": {""and"": [{""field"": ""children_third_genre"", ""value"": ""颜色""}, {""field"": ""content_type"", ""value"": ""卡通""}]}}",educ_search,"{""retext"": ""播放关于颜色的卡通"", ""query"": {""and"": [{""field"": ""children_third_genre"", ""value"": ""颜色""}, {""field"": ""content_type"", ""value"": ""卡通""}]}}",Y,Y,Y,,llm_onecall,6068.4
少儿\多tab,329,给我放趣趣知知鸟,educ_search,educ_search,"{""retext"": ""给我放趣趣知知鸟"", ""query"": {""field"": ""title"", ""value"": ""趣趣知知鸟""}}",educ_search,"{""retext"": ""给我放趣趣知知鸟"", ""query"": {""field"": ""title"", ""value"": ""趣趣知知鸟""}}",Y,Y,Y,,llm_onecall,6245.2
少儿\多tab,339,给我放免费超级飞侠,educ_search,educ_search,"{""retext"": ""给我放免费超级飞侠"", ""query"": {""and"": [{""field"": ""title"", ""value"": ""超级飞侠""}, {""field"": ""is_fee"", ""value"": 0}]}}",educ_search,"{""retext"": ""给我放免费超级飞侠"", ""query"": {""and"": [{""field"": ""title"", ""value"": ""超级飞侠""}, {""field"": ""is_fee"", ""value"": ""0""}]}}",Y,N,N,"query: gold={""and"": [{""field"": ""is_fee"", ""value"": 0}, {""field"": ""title"", ""value"": ""超级飞侠""}]} pred={""and"": [{""field"": ""is_fee"", ""value"": ""0""}, {""field"": ""title"", ""value"": ""超级飞侠""}]}",llm_onecall,1510.7
少儿\多tab,338,播放免费淘气兄妹麦克斯与凯蒂,educ_search,educ_search,"{""retext"": ""播放免费淘气兄妹麦克斯与凯蒂"", ""query"": {""and"": [{""field"": ""title"", ""value"": ""淘气兄妹麦克斯与凯蒂""}, {""field"": ""is_fee"", ""value"": 0}]}}",educ_search,"{""retext"": ""播放免费淘气兄妹麦克斯与凯蒂"", ""query"": {""and"": [{""or"": [{""field"": ""role"", ""value"": ""麦克斯""}, {""field"": ""role"", ""value"": ""凯蒂""}, {""field"": ""title"", ""value"": ""淘气兄妹麦克斯与凯蒂""}]}, {""field"": ""is_fee"", ""value"": ""0""}]}}",Y,N,N,"query: gold={""and"": [{""field"": ""is_fee"", ""value"": 0}, {""field"": ""title"", ""value"": ""淘气兄妹麦克斯与凯蒂""}]} pred={""and"": [{""field"": ""is_fee"", ""value"": ""0""}, {""or"": [{""field"": ""role"", ""value"": ""凯蒂""}, {""field"": ""role"", ""value"": ""麦克斯""}, {""field"": ""title"", ""value"": ""淘气兄妹麦克斯与凯蒂""}]}]}",llm_onecall,2778.7
少儿\多tab,323,给我找汽车动画剧,educ_search,educ_search,"{""retext"": ""给我找汽车动画剧"", ""query"": {""and"": [{""field"": ""children_third_genre"", ""value"": ""汽车""}, {""field"": ""content_type"", ""value"": ""动画剧""}]}}",educ_search,"{""retext"": ""给我找汽车动画剧"", ""query"": {""and"": [{""field"": ""title"", ""value"": ""汽车""}, {""field"": ""content_type"", ""value"": ""动画""}]}}",Y,N,N,"query: gold={""and"": [{""field"": ""children_third_genre"", ""value"": ""汽车""}, {""field"": ""content_type"", ""value"": ""动画剧""}]} pred={""and"": [{""field"": ""content_type"", ""value"": ""动画""}, {""field"": ""title"", ""value"": ""汽车""}]}",llm_onecall,13966.6
少儿\多tab,332,打开儿童启蒙,educ_search,educ_search,"{""retext"": ""打开儿童启蒙"", ""query"": {""field"": ""children_second_genre"", ""value"": ""启蒙""}}",educ_search,"{""retext"": ""打开儿童启蒙"", ""query"": {""field"": ""children_second_genre"", ""value"": ""启蒙""}}",Y,Y,Y,,llm_onecall,6074.5
少儿\多tab,334,播放儿童记忆力,educ_search,educ_search,"{""retext"": ""播放儿童记忆力"", ""query"": {""field"": ""training_objectives"", ""value"": ""记忆力""}}",educ_search,"{""retext"": ""播放儿童记忆力"", ""query"": {""field"": ""training_objectives"", ""value"": ""记忆力""}}",Y,Y,Y,,llm_onecall,6118.2
少儿\多tab,340,找免费的数学看看,educ_search,educ_search,"{""retext"": ""找免费的数学看看"", ""query"": {""and"": [{""field"": ""children_second_genre"", ""value"": ""数学""}, {""field"": ""is_fee"", ""value"": 0}]}}",edu_search,"{""query"": {""and"": [{""field"": ""first_subject"", ""value"": ""数学""}, {""field"": ""is_fee"", ""value"": 0}, {""field"": ""k12_category"", ""values"": [""同步课"", ""同步拓展课""], ""operator"": ""or""}]}}",N,N,N,"query: gold={""and"": [{""field"": ""children_second_genre"", ""value"": ""数学""}, {""field"": ""is_fee"", ""value"": 0}]} pred={""and"": [{""field"": ""first_subject"", ""value"": ""数学""}, {""field"": ""is_fee"", ""value"": 0}, {""field"": ""k12_category"", ""operator"": ""or"", ""values"": [""同步拓展课"", ""同步课""]}]}; retext: gold=""找免费的数学看看"" pred=",llm_onecall,2552.0
少儿\多tab,341,我要看拖拉机和农用车,educ_search,educ_search,"{""retext"": ""我要看拖拉机和农用车"", ""query"": {""field"": ""title"", ""value"": ""拖拉机和农用车""}}",vod_search,"{""action"": ""search"", ""retext"": ""我要看拖拉机和农用车"", ""query"": {""field"": ""title"", ""values"": [""拖拉机"", ""农用车""], ""operator"": ""or""}}",N,N,N,"action: gold= pred=""search""; query: gold={""field"": ""title"", ""value"": ""拖拉机和农用车""} pred={""field"": ""title"", ""operator"": ""or"", ""values"": [""农用车"", ""拖拉机""]}",llm_onecall,2548.7
少儿\多tab,336,给我找字母动画片呢,educ_search,educ_search,"{""retext"": ""给我找字母动画片呢"", ""query"": {""and"": [{""field"": ""children_third_genre"", ""value"": ""字母""}, {""field"": ""content_type"", ""value"": ""动画片""}]}}",educ_search,"{""retext"": ""给我找字母动画片呢"", ""query"": {""and"": [{""field"": ""children_third_genre"", ""value"": ""字母""}, {""field"": ""content_type"", ""value"": ""动画""}]}}",Y,N,N,"query: gold={""and"": [{""field"": ""children_third_genre"", ""value"": ""字母""}, {""field"": ""content_type"", ""value"": ""动画片""}]} pred={""and"": [{""field"": ""children_third_genre"", ""value"": ""字母""}, {""field"": ""content_type"", ""value"": ""动画""}]}",llm_onecall,5485.4
少儿\多tab,347,播放免费英语动画土豆逗,educ_search,educ_search,"{""retext"": ""播放免费英语动画土豆逗"", ""query"": {""and"": [{""field"": ""title"", ""value"": ""土豆逗""}, {""field"": ""is_fee"", ""value"": 0}, {""field"": ""language"", ""value"": ""英语""}, {""field"": ""content_type"", ""value"": ""动画""}]}}",educ_search,"{""retext"": ""播放免费英语动画土豆逗"", ""query"": {""and"": [{""field"": ""title"", ""value"": ""土豆逗""}, {""field"": ""content_type"", ""value"": ""动画""}, {""field"": ""is_fee"", ""value"": ""0""}, {""or"": [{""field"": ""language"", ""value"": ""英语""}, {""field"": ""children_second_genre"", ""value"": ""英语""}]}]}}",Y,N,N,"query: gold={""and"": [{""field"": ""content_type"", ""value"": ""动画""}, {""field"": ""is_fee"", ""value"": 0}, {""field"": ""language"", ""value"": ""英语""}, {""field"": ""title"", ""value"": ""土豆逗""}]} pred={""and"": [{""field"": ""content_type"", ""value"": ""动画""}, {""field"": ""is_fee"", ""value"": ""0""}, {""field"": ""title"", ""value"": ""土豆逗""}, {""or"": [{""field"": ""children_second_genre"", ""value"": ""英语""}, {""field"": ""language"", ""value"": ""英语""}]}]}",llm_onecall,3909.2
少儿\多tab,349,播放免费奥特曼,educ_search,educ_search,"{""retext"": ""播放免费奥特曼"", ""query"": {""and"": [{""field"": ""title"", ""value"": ""奥特曼""}, {""field"": ""is_fee"", ""value"": 0}]}}",educ_search,"{""retext"": ""播放免费奥特曼"", ""query"": {""and"": [{""field"": ""title"", ""value"": ""奥特曼""}, {""field"": ""is_fee"", ""value"": ""0""}]}}",Y,N,N,"query: gold={""and"": [{""field"": ""is_fee"", ""value"": 0}, {""field"": ""title"", ""value"": ""奥特曼""}]} pred={""and"": [{""field"": ""is_fee"", ""value"": ""0""}, {""field"": ""title"", ""value"": ""奥特曼""}]}",llm_onecall,3195.7
少儿\多tab,353,自信是最美的光芒出在哪部动画里呢,educ_fuzzy_search,educ_fuzzy_search,"{""retext"": ""自信是最美的光芒出在哪部动画里呢""}",educ_fuzzy_search,"{""retext"": ""自信是最美的光芒出在哪部动画里呢""}",Y,Y,Y,,llm_onecall,1427.9
少儿\多tab,352,汪汪队里阿奇是什么犬种,educ_fuzzy_search,educ_fuzzy_search,"{""retext"": ""汪汪队里阿奇是什么犬种""}",educ_fuzzy_search,"{""retext"": ""汪汪队里阿奇是什么犬种""}",Y,Y,Y,,llm_onecall,1841.6
少儿\多tab,342,给我讲一个光头强的故事啊,educ_search,educ_search,"{""retext"": ""给我讲一个光头强的故事啊"", ""query"": {""or"": [{""field"": ""role"", ""value"": ""光头强""}, {""field"": ""title"", ""value"": ""光头强""}]}}",educ_search,"{""retext"": ""给我讲一个光头强的故事啊"", ""query"": {""and"": [{""or"": [{""field"": ""role"", ""value"": ""光头强""}, {""field"": ""title"", ""value"": ""光头强""}]}, {""field"": ""children_second_genre"", ""value"": ""故事""}]}}",Y,N,N,"query: gold={""or"": [{""field"": ""role"", ""value"": ""光头强""}, {""field"": ""title"", ""value"": ""光头强""}]} pred={""and"": [{""field"": ""children_second_genre"", ""value"": ""故事""}, {""or"": [{""field"": ""role"", ""value"": ""光头强""}, {""field"": ""title"", ""value"": ""光头强""}]}]}",llm_onecall,7894.6
少儿\多tab,345,我要看儿歌视频,educ_search,educ_search,"{""retext"": ""我要看儿歌视频"", ""query"": {""field"": ""children_second_genre"", ""value"": ""儿歌""}}",educ_search,"{""retext"": ""我要看儿歌视频"", ""query"": {""field"": ""content_type"", ""value"": ""儿歌""}}",Y,N,N,"query: gold={""field"": ""children_second_genre"", ""value"": ""儿歌""} pred={""field"": ""content_type"", ""value"": ""儿歌""}",llm_onecall,7260.5
少儿\多tab,346,我要看旋风战车队,educ_search,educ_search,"{""retext"": ""我要看旋风战车队"", ""query"": {""field"": ""title"", ""value"": ""旋风战车队""}}",educ_search,"{""retext"": ""我要看旋风战车队"", ""query"": {""field"": ""title"", ""value"": ""旋风战车队""}}",Y,Y,Y,,llm_onecall,7268.6
少儿\多tab,355,巴啦啦能量是哪个动画的口号,educ_fuzzy_search,educ_fuzzy_search,"{""retext"": ""巴啦啦能量是哪个动画的口号""}",educ_fuzzy_search,"{""retext"": ""巴啦啦能量是哪个动画的口号""}",Y,Y,Y,,llm_onecall,1806.1
少儿\多tab,348,播放关于字母的动画,educ_search,educ_search,"{""retext"": ""播放关于字母的动画"", ""query"": {""and"": [{""field"": ""children_third_genre"", ""value"": ""字母""}, {""field"": ""content_type"", ""value"": ""动画""}]}}",educ_search,"{""retext"": ""播放关于字母的动画"", ""query"": {""and"": [{""field"": ""children_third_genre"", ""value"": ""字母""}, {""field"": ""content_type"", ""value"": ""动画""}]}, ""action"": ""play""}",Y,N,N,"action: gold= pred=""play""",llm_onecall,7440.4
少儿\多tab,356,自信是最美的光芒出在哪部动画里啊,educ_fuzzy_search,educ_fuzzy_search,"{""retext"": ""自信是最美的光芒出在哪部动画里啊""}",educ_fuzzy_search,"{""retext"": ""自信是最美的光芒出在哪部动画里啊""}",Y,Y,Y,,llm_onecall,1449.9
少儿\多tab,351,新大头儿子和小头爸爸有哪些系列呢,educ_fuzzy_search,educ_fuzzy_search,"{""retext"": ""新大头儿子和小头爸爸有哪些系列呢""}",fan_knowledge_agent,"{""messages"": [{""role"": ""user"", ""content"": ""新大头儿子和小头爸爸有哪些系列呢""}], ""riskRespStrategy"": ""all_replace"", ""sceneTypeIntentList"": [{""sceneType"": ""knowledge_qa""}]}",N,N,N,"messages: gold= pred=[{""content"": ""新大头儿子和小头爸爸有哪些系列呢"", ""role"": ""user""}]; retext: gold=""新大头儿子和小头爸爸有哪些系列呢"" pred=; riskRespStrategy: gold= pred=""all_replace""; sceneTypeIntentList: gold= pred=[{""sceneType"": ""knowledge_qa""}]",general_rule,7479.7
少儿\多tab,354,肥志百科适合几岁孩子看呢,educ_fuzzy_search,educ_fuzzy_search,"{""retext"": ""肥志百科适合几岁孩子看呢""}",fan_knowledge_agent,"{""messages"": [{""role"": ""user"", ""content"": ""肥志百科适合几岁孩子看呢""}], ""riskRespStrategy"": ""all_replace"", ""sceneTypeIntentList"": [{""sceneType"": ""knowledge_qa""}]}",N,N,N,"messages: gold= pred=[{""content"": ""肥志百科适合几岁孩子看呢"", ""role"": ""user""}]; retext: gold=""肥志百科适合几岁孩子看呢"" pred=; riskRespStrategy: gold= pred=""all_replace""; sceneTypeIntentList: gold= pred=[{""sceneType"": ""knowledge_qa""}]",general_rule,3973.6
少儿\多tab,359,汪汪队里阿奇是什么犬种呢,educ_fuzzy_search,educ_fuzzy_search,"{""retext"": ""汪汪队里阿奇是什么犬种呢""}",educ_fuzzy_search,"{""retext"": ""汪汪队里阿奇是什么犬种呢""}",Y,Y,Y,,llm_onecall,2518.9
少儿\多tab,361,汪汪队里阿奇是什么犬种啊,educ_fuzzy_search,educ_fuzzy_search,"{""retext"": ""汪汪队里阿奇是什么犬种啊""}",educ_fuzzy_search,"{""retext"": ""汪汪队里阿奇是什么犬种啊""}",Y,Y,Y,,llm_onecall,2087.5
少儿\多tab,362,自信是最美的光芒出在哪部动画里吧,educ_fuzzy_search,educ_fuzzy_search,"{""retext"": ""自信是最美的光芒出在哪部动画里吧""}",educ_fuzzy_search,"{""retext"": ""自信是最美的光芒出在哪部动画里吧""}",Y,Y,Y,,llm_onecall,1687.2
少儿\多tab,343,播放关于搞笑的动画片,educ_search,educ_search,"{""retext"": ""播放关于搞笑的动画片"", ""query"": {""and"": [{""field"": ""children_third_genre"", ""value"": ""搞笑""}, {""field"": ""content_type"", ""value"": ""动画片""}]}}",educ_search,"{""retext"": ""播放关于搞笑的动画片"", ""query"": {""and"": [{""field"": ""children_third_genre"", ""value"": ""搞笑""}, {""field"": ""content_type"", ""value"": ""动画""}]}}",Y,N,N,"query: gold={""and"": [{""field"": ""children_third_genre"", ""value"": ""搞笑""}, {""field"": ""content_type"", ""value"": ""动画片""}]} pred={""and"": [{""field"": ""children_third_genre"", ""value"": ""搞笑""}, {""field"": ""content_type"", ""value"": ""动画""}]}",llm_onecall,12762.0
少儿\多tab,367,请按我的喜好推荐我喜欢的玩具,educ_relate_recommend,educ_relate_recommend,"{""retext"": ""请按我的喜好推荐我喜欢的玩具"", ""query"": {""field"": ""children_second_genre"", ""value"": ""玩具""}}",execute,{},N,N,N,"query: gold={""field"": ""children_second_genre"", ""value"": ""玩具""} pred=; retext: gold=""请按我的喜好推荐我喜欢的玩具"" pred=",,233.6
少儿\多tab,357,新大头儿子和小头爸爸有哪些系列啊,educ_fuzzy_search,educ_fuzzy_search,"{""retext"": ""新大头儿子和小头爸爸有哪些系列啊""}",fan_knowledge_agent,"{""messages"": [{""role"": ""user"", ""content"": ""新大头儿子和小头爸爸有哪些系列啊""}], ""riskRespStrategy"": ""all_replace"", ""sceneTypeIntentList"": [{""sceneType"": ""knowledge_qa""}]}",N,N,N,"messages: gold= pred=[{""content"": ""新大头儿子和小头爸爸有哪些系列啊"", ""role"": ""user""}]; retext: gold=""新大头儿子和小头爸爸有哪些系列啊"" pred=; riskRespStrategy: gold= pred=""all_replace""; sceneTypeIntentList: gold= pred=[{""sceneType"": ""knowledge_qa""}]",general_rule,5266.4
少儿\多tab,368,请按我的喜好推荐我喜欢的常识,educ_relate_recommend,educ_relate_recommend,"{""retext"": ""请按我的喜好推荐我喜欢的常识"", ""query"": {""field"": ""children_second_genre"", ""value"": ""常识""}}",execute,{},N,N,N,"query: gold={""field"": ""children_second_genre"", ""value"": ""常识""} pred=; retext: gold=""请按我的喜好推荐我喜欢的常识"" pred=",,453.0
少儿\多tab,365,请按我的喜好推荐我喜欢的儿歌呢,educ_relate_recommend,educ_relate_recommend,"{""retext"": ""请按我的喜好推荐我喜欢的儿歌呢"", ""query"": {""field"": ""children_second_genre"", ""value"": ""儿歌""}}",educ_fuzzy_search,"{""retext"": ""请按我的喜好推荐我喜欢的儿歌呢""}",N,N,N,"query: gold={""field"": ""children_second_genre"", ""value"": ""儿歌""} pred=",llm_onecall,2259.1
少儿\多tab,344,给我放动画玛莎和熊,educ_search,educ_search,"{""retext"": ""给我放动画玛莎和熊"", ""query"": {""and"": [{""field"": ""title"", ""value"": ""玛莎和熊""}, {""field"": ""content_type"", ""value"": ""动画""}]}}",educ_search,"{""retext"": ""给我放动画玛莎和熊"", ""query"": {""and"": [{""field"": ""title"", ""value"": ""玛莎和熊""}, {""field"": ""content_type"", ""value"": ""动画""}]}}",Y,Y,Y,,llm_onecall,14031.5
少儿\多tab,358,小猪佩奇的配音演员都有谁,educ_fuzzy_search,educ_fuzzy_search,"{""retext"": ""小猪佩奇的配音演员都有谁""}",educ_search,"{""retext"": ""小猪佩奇的配音演员都有谁"", ""query"": {""field"": ""title"", ""value"": ""小猪佩奇""}}",N,N,N,"query: gold= pred={""field"": ""title"", ""value"": ""小猪佩奇""}",llm_onecall,6133.3
少儿\多tab,360,斗罗大陆2绝世唐门担任主要配音的演员是谁呢,educ_fuzzy_search,educ_fuzzy_search,"{""retext"": ""斗罗大陆2绝世唐门担任主要配音的演员是谁呢""}",fan_knowledge_agent,"{""messages"": [{""role"": ""user"", ""content"": ""斗罗大陆2绝世唐门担任主要配音的演员是谁呢""}], ""riskRespStrategy"": ""all_replace"", ""sceneTypeIntentList"": [{""sceneType"": ""video""}]}",N,N,N,"messages: gold= pred=[{""content"": ""斗罗大陆2绝世唐门担任主要配音的演员是谁呢"", ""role"": ""user""}]; retext: gold=""斗罗大陆2绝世唐门担任主要配音的演员是谁呢"" pred=; riskRespStrategy: gold= pred=""all_replace""; sceneTypeIntentList: gold= pred=[{""sceneType"": ""video""}]",general_rule,5875.4
少儿\多tab,363,奥特曼适合几岁的孩子看,educ_fuzzy_search,educ_fuzzy_search,"{""retext"": ""奥特曼适合几岁的孩子看""}",fan_knowledge_agent,"{""messages"": [{""role"": ""user"", ""content"": ""奥特曼适合几岁的孩子看""}], ""riskRespStrategy"": ""all_replace"", ""sceneTypeIntentList"": [{""sceneType"": ""knowledge_qa""}]}",N,N,N,"messages: gold= pred=[{""content"": ""奥特曼适合几岁的孩子看"", ""role"": ""user""}]; retext: gold=""奥特曼适合几岁的孩子看"" pred=; riskRespStrategy: gold= pred=""all_replace""; sceneTypeIntentList: gold= pred=[{""sceneType"": ""knowledge_qa""}]",llm_select,5118.1
少儿\多tab,369,帮我找符合我偏好的儿童数学,educ_relate_recommend,educ_relate_recommend,"{""retext"": ""帮我找符合我偏好的儿童数学"", ""query"": {""field"": ""children_second_genre"", ""value"": ""数学""}}",educ_fuzzy_search,"{""retext"": ""帮我找符合我偏好的儿童数学""}",N,N,N,"query: gold={""field"": ""children_second_genre"", ""value"": ""数学""} pred=",llm_onecall,2301.7
少儿\多tab,372,推荐和超级宝贝JOJO相似的舞蹈,educ_relate_recommend,educ_relate_recommend,"{""retext"": ""推荐和超级宝贝JOJO相似的舞蹈"", ""query"": {""field"": ""title"", ""value"": ""超级宝贝JOJO""}}",educ_relate_search,"{""query"": {""and"": [{""field"": ""title"", ""value"": ""超级宝贝jojo""}, {""field"": ""children_third_genre"", ""value"": ""舞蹈""}]}}",N,N,N,"query: gold={""field"": ""title"", ""value"": ""超级宝贝JOJO""} pred={""and"": [{""field"": ""children_third_genre"", ""value"": ""舞蹈""}, {""field"": ""title"", ""value"": ""超级宝贝jojo""}]}; retext: gold=""推荐和超级宝贝JOJO相似的舞蹈"" pred=",llm_onecall,2693.2
少儿\多tab,373,找符合我家小孩偏好的少儿启蒙推荐给我,educ_relate_recommend,educ_relate_recommend,"{""retext"": ""找符合我家小孩偏好的少儿启蒙推荐给我"", ""query"": {""field"": ""children_second_genre"", ""value"": ""启蒙""}}",educ_fuzzy_search,"{""retext"": ""找符合我家小孩偏好的少儿启蒙推荐给我""}",N,N,N,"query: gold={""field"": ""children_second_genre"", ""value"": ""启蒙""} pred=",llm_onecall,2744.7
少儿\多tab,374,找符合我家小孩偏好的少儿舞蹈推荐给我,educ_relate_recommend,educ_relate_recommend,"{""retext"": ""找符合我家小孩偏好的少儿舞蹈推荐给我"", ""query"": {""field"": ""children_second_genre"", ""value"": ""舞蹈""}}",educ_fuzzy_search,"{""retext"": ""找符合我家小孩偏好的少儿舞蹈推荐给我""}",N,N,N,"query: gold={""field"": ""children_second_genre"", ""value"": ""舞蹈""} pred=",llm_onecall,2522.1
少儿\多tab,364,宝宝巴士汽车家族动画中的汽车角色有哪些呢,educ_fuzzy_search,educ_fuzzy_search,"{""retext"": ""宝宝巴士汽车家族动画中的汽车角色有哪些呢""}",educ_search,"{""retext"": ""宝宝巴士汽车家族动画中的汽车角色有哪些呢"", ""query"": {""and"": [{""field"": ""title"", ""value"": ""宝宝巴士汽车家族""}, {""field"": ""content_type"", ""value"": ""动画""}]}}",N,N,N,"query: gold= pred={""and"": [{""field"": ""content_type"", ""value"": ""动画""}, {""field"": ""title"", ""value"": ""宝宝巴士汽车家族""}]}",llm_onecall,6761.5
少儿\多tab,370,和巧虎同类型的动画有哪些,educ_relate_recommend,educ_relate_recommend,"{""retext"": ""和巧虎同类型的动画有哪些"", ""query"": {""and"": [{""field"": ""title"", ""value"": ""巧虎""}, {""field"": ""children_second_genre"", ""value"": ""安全""}]}}",educ_relate_search,"{""query"": {""and"": [{""field"": ""title"", ""value"": ""巧虎""}, {""field"": ""content_type"", ""value"": ""动画""}]}}",N,N,N,"query: gold={""and"": [{""field"": ""children_second_genre"", ""value"": ""安全""}, {""field"": ""title"", ""value"": ""巧虎""}]} pred={""and"": [{""field"": ""content_type"", ""value"": ""动画""}, {""field"": ""title"", ""value"": ""巧虎""}]}; retext: gold=""和巧虎同类型的动画有哪些"" pred=",llm_onecall,5548.1
少儿\多tab,375,帮我找符合我偏好的儿童识字,educ_relate_recommend,educ_relate_recommend,"{""retext"": ""帮我找符合我偏好的儿童识字"", ""query"": {""field"": ""children_second_genre"", ""value"": ""识字""}}",educ_fuzzy_search,"{""retext"": ""帮我找符合我偏好的儿童识字""}",N,N,N,"query: gold={""field"": ""children_second_genre"", ""value"": ""识字""} pred=",llm_onecall,4170.3
少儿\多tab,379,推荐7岁孩子喜欢的那种故事,educ_relate_recommend,educ_relate_recommend,"{""retext"": ""推荐7岁孩子喜欢的那种故事"", ""query"": {""field"": ""children_second_genre"", ""value"": ""故事""}}",audio_search,"{""action"": ""search"", ""query"": ""推荐7岁孩子喜欢的那种故事""}",N,N,N,"action: gold= pred=""search""; query: gold={""field"": ""children_second_genre"", ""value"": ""故事""} pred=""推荐7岁孩子喜欢的那种故事""; retext: gold=""推荐7岁孩子喜欢的那种故事"" pred=",general_rule,4098.0
少儿\多tab,366,看完艾莎公主还有相似的动画吗,educ_relate_recommend,educ_relate_recommend,"{""retext"": ""看完艾莎公主还有相似的动画吗"", ""query"": {""and"": [{""field"": ""title"", ""value"": ""艾莎公主""}, {""field"": ""children_second_genre"", ""value"": ""安全""}]}}",educ_relate_search,"{""query"": {""and"": [{""field"": ""title"", ""value"": ""艾莎公主""}, {""field"": ""content_type"", ""value"": ""动画""}]}}",N,N,N,"query: gold={""and"": [{""field"": ""children_second_genre"", ""value"": ""安全""}, {""field"": ""title"", ""value"": ""艾莎公主""}]} pred={""and"": [{""field"": ""content_type"", ""value"": ""动画""}, {""field"": ""title"", ""value"": ""艾莎公主""}]}; retext: gold=""看完艾莎公主还有相似的动画吗"" pred=",llm_onecall,10285.0
少儿\多tab,380,找符合我家小孩偏好的少儿故事推荐给我,educ_relate_recommend,educ_relate_recommend,"{""retext"": ""找符合我家小孩偏好的少儿故事推荐给我"", ""query"": {""field"": ""children_second_genre"", ""value"": ""故事""}}",audio_search,"{""action"": ""search"", ""query"": ""找符合我家小孩偏好的少儿故事推荐给我""}",N,N,N,"action: gold= pred=""search""; query: gold={""field"": ""children_second_genre"", ""value"": ""故事""} pred=""找符合我家小孩偏好的少儿故事推荐给我""; retext: gold=""找符合我家小孩偏好的少儿故事推荐给我"" pred=",general_rule,4359.8
少儿\多tab,376,和小马宝莉同类型的动画有哪些,educ_relate_recommend,educ_relate_recommend,"{""retext"": ""和小马宝莉同类型的动画有哪些"", ""query"": {""and"": [{""field"": ""title"", ""value"": ""小马宝莉""}, {""field"": ""content_type"", ""value"": ""动画片""}]}}",educ_relate_search,"{""query"": {""and"": [{""field"": ""title"", ""value"": ""小马宝莉""}, {""field"": ""content_type"", ""value"": ""动画""}]}}",N,N,N,"query: gold={""and"": [{""field"": ""content_type"", ""value"": ""动画片""}, {""field"": ""title"", ""value"": ""小马宝莉""}]} pred={""and"": [{""field"": ""content_type"", ""value"": ""动画""}, {""field"": ""title"", ""value"": ""小马宝莉""}]}; retext: gold=""和小马宝莉同类型的动画有哪些"" pred=",llm_onecall,6973.5
少儿\多tab,377,和猪猪侠同类型的动画有哪些,educ_relate_recommend,educ_relate_recommend,"{""retext"": ""和猪猪侠同类型的动画有哪些"", ""query"": {""and"": [{""field"": ""title"", ""value"": ""猪猪侠""}, {""field"": ""content_type"", ""value"": ""动画剧""}]}}",educ_relate_search,"{""query"": {""and"": [{""field"": ""title"", ""value"": ""猪猪侠""}, {""field"": ""content_type"", ""value"": ""动画""}]}}",N,N,N,"query: gold={""and"": [{""field"": ""content_type"", ""value"": ""动画剧""}, {""field"": ""title"", ""value"": ""猪猪侠""}]} pred={""and"": [{""field"": ""content_type"", ""value"": ""动画""}, {""field"": ""title"", ""value"": ""猪猪侠""}]}; retext: gold=""和猪猪侠同类型的动画有哪些"" pred=",llm_onecall,6730.9
少儿\多tab,382,帮我找符合我偏好的儿童故事,educ_relate_recommend,educ_relate_recommend,"{""retext"": ""帮我找符合我偏好的儿童故事"", ""query"": {""field"": ""children_second_genre"", ""value"": ""故事""}}",audio_search,"{""action"": ""search"", ""query"": ""帮我找符合我偏好的儿童故事""}",N,N,N,"action: gold= pred=""search""; query: gold={""field"": ""children_second_genre"", ""value"": ""故事""} pred=""帮我找符合我偏好的儿童故事""; retext: gold=""帮我找符合我偏好的儿童故事"" pred=",general_rule,4066.8
少儿\多tab,383,找符合我家小孩偏好的少儿国学推荐给我,educ_relate_recommend,educ_relate_recommend,"{""retext"": ""找符合我家小孩偏好的少儿国学推荐给我"", ""query"": {""field"": ""children_second_genre"", ""value"": ""国学""}}",educ_fuzzy_search,"{""retext"": ""找符合我家小孩偏好的少儿国学推荐给我""}",N,N,N,"query: gold={""field"": ""children_second_genre"", ""value"": ""国学""} pred=",llm_onecall,2776.3
少儿\多tab,378,看完jojo还有相似的动画吗,educ_relate_recommend,educ_relate_recommend,"{""retext"": ""看完jojo还有相似的动画吗"", ""query"": {""field"": ""title"", ""value"": ""jojo""}}",educ_relate_search,"{""query"": {""and"": [{""or"": [{""field"": ""role"", ""value"": ""jojo""}, {""field"": ""title"", ""value"": ""jojo""}]}, {""field"": ""content_type"", ""value"": ""动画""}]}}",N,N,N,"query: gold={""field"": ""title"", ""value"": ""jojo""} pred={""and"": [{""field"": ""content_type"", ""value"": ""动画""}, {""or"": [{""field"": ""role"", ""value"": ""jojo""}, {""field"": ""title"", ""value"": ""jojo""}]}]}; retext: gold=""看完jojo还有相似的动画吗"" pred=",llm_onecall,7185.0
少儿\多tab,384,推荐7岁孩子喜欢的那种常识,educ_relate_recommend,educ_relate_recommend,"{""retext"": ""推荐7岁孩子喜欢的那种常识"", ""query"": {""field"": ""children_second_genre"", ""value"": ""常识""}}",educ_fuzzy_search,"{""retext"": ""推荐7岁孩子喜欢的那种常识""}",N,N,N,"query: gold={""field"": ""children_second_genre"", ""value"": ""常识""} pred=",llm_onecall,2205.5
少儿\多tab,371,看完安全警长啦咘啦哆还有相似的动画吗,educ_relate_recommend,educ_relate_recommend,"{""retext"": ""看完安全警长啦咘啦哆还有相似的动画吗"", ""query"": {""and"": [{""field"": ""title"", ""value"": ""安全警长啦咘啦哆""}, {""field"": ""content_type"", ""value"": ""动画""}, {""field"": ""children_second_genre"", ""value"": ""故事""}]}}",educ_relate_search,"{""query"": {""and"": [{""field"": ""title"", ""value"": ""安全警长啦咘啦哆""}, {""field"": ""content_type"", ""value"": ""动画""}]}}",N,N,N,"query: gold={""and"": [{""field"": ""children_second_genre"", ""value"": ""故事""}, {""field"": ""content_type"", ""value"": ""动画""}, {""field"": ""title"", ""value"": ""安全警长啦咘啦哆""}]} pred={""and"": [{""field"": ""content_type"", ""value"": ""动画""}, {""field"": ""title"", ""value"": ""安全警长啦咘啦哆""}]}; retext: gold=""看完安全警长啦咘啦哆还有相似的动画吗"" pred=",llm_onecall,11615.6
少儿\多tab,386,请按我的喜好推荐我喜欢的舞蹈,educ_relate_recommend,educ_relate_recommend,"{""retext"": ""请按我的喜好推荐我喜欢的舞蹈"", ""query"": {""field"": ""children_second_genre"", ""value"": ""舞蹈""}}",music_song_recommend,"{""retext"": ""请按我的喜好推荐我喜欢的舞蹈""}",N,N,N,"query: gold={""field"": ""children_second_genre"", ""value"": ""舞蹈""} pred=",llm_onecall,3741.4
少儿\多tab,381,看完熊出没还有相似的动画吗,educ_relate_recommend,educ_relate_recommend,"{""retext"": ""看完熊出没还有相似的动画吗"", ""query"": {""and"": [{""field"": ""title"", ""value"": ""熊出没""}, {""field"": ""content_type"", ""value"": ""动画""}, {""field"": ""children_second_genre"", ""value"": ""早教""}]}}",educ_relate_search,"{""query"": {""and"": [{""field"": ""title"", ""value"": ""熊出没""}, {""field"": ""content_type"", ""value"": ""动画""}]}}",N,N,N,"query: gold={""and"": [{""field"": ""children_second_genre"", ""value"": ""早教""}, {""field"": ""content_type"", ""value"": ""动画""}, {""field"": ""title"", ""value"": ""熊出没""}]} pred={""and"": [{""field"": ""content_type"", ""value"": ""动画""}, {""field"": ""title"", ""value"": ""熊出没""}]}; retext: gold=""看完熊出没还有相似的动画吗"" pred=",llm_onecall,7726.2
少儿\多tab,387,有没有类似趣趣知知鸟的早教,educ_relate_recommend,educ_relate_recommend,"{""retext"": ""有没有类似趣趣知知鸟的早教"", ""query"": {""and"": [{""field"": ""title"", ""value"": ""趣趣知知鸟""}, {""field"": ""content_type"", ""value"": ""动画片""}]}}",educ_relate_search,"{""query"": {""and"": [{""field"": ""title"", ""value"": ""趣趣知知鸟""}, {""field"": ""children_second_genre"", ""value"": ""早教""}]}}",N,N,N,"query: gold={""and"": [{""field"": ""content_type"", ""value"": ""动画片""}, {""field"": ""title"", ""value"": ""趣趣知知鸟""}]} pred={""and"": [{""field"": ""children_second_genre"", ""value"": ""早教""}, {""field"": ""title"", ""value"": ""趣趣知知鸟""}]}; retext: gold=""有没有类似趣趣知知鸟的早教"" pred=",llm_onecall,4289.1
少儿\多tab,389,推荐7岁孩子喜欢的那种舞蹈,educ_relate_recommend,educ_relate_recommend,"{""retext"": ""推荐7岁孩子喜欢的那种舞蹈"", ""query"": {""field"": ""children_second_genre"", ""value"": ""舞蹈""}}",educ_search,"{""retext"": ""推荐7岁孩子喜欢的那种舞蹈"", ""query"": {""and"": [{""field"": ""children_third_genre"", ""value"": ""舞蹈""}, {""field"": ""age_range"", ""from"": ""7"", ""to"": ""7""}]}}",N,N,N,"query: gold={""field"": ""children_second_genre"", ""value"": ""舞蹈""} pred={""and"": [{""field"": ""age_range"", ""from"": ""7"", ""to"": ""7""}, {""field"": ""children_third_genre"", ""value"": ""舞蹈""}]}",llm_onecall,3908.7
少儿\多tab,391,找符合我家小孩偏好的少儿数学推荐给我,educ_relate_recommend,educ_relate_recommend,"{""retext"": ""找符合我家小孩偏好的少儿数学推荐给我"", ""query"": {""field"": ""children_second_genre"", ""value"": ""数学""}}",educ_fuzzy_search,"{""retext"": ""找符合我家小孩偏好的少儿数学推荐给我""}",N,N,N,"query: gold={""field"": ""children_second_genre"", ""value"": ""数学""} pred=",llm_onecall,3857.6
少儿\多tab,392,找符合我家小孩偏好的少儿舞蹈推荐给我呢,educ_relate_recommend,educ_relate_recommend,"{""retext"": ""找符合我家小孩偏好的少儿舞蹈推荐给我呢"", ""query"": {""field"": ""children_second_genre"", ""value"": ""舞蹈""}}",educ_fuzzy_search,"{""retext"": ""找符合我家小孩偏好的少儿舞蹈推荐给我呢""}",N,N,N,"query: gold={""field"": ""children_second_genre"", ""value"": ""舞蹈""} pred=",llm_onecall,4965.6
少儿\多tab,388,和百变布鲁可同类型的动画有哪些,educ_relate_recommend,educ_relate_recommend,"{""retext"": ""和百变布鲁可同类型的动画有哪些"", ""query"": {""field"": ""title"", ""value"": ""百变布鲁可""}}",educ_relate_search,"{""query"": {""and"": [{""field"": ""title"", ""value"": ""百变布鲁可""}, {""field"": ""content_type"", ""value"": ""动画""}]}}",N,N,N,"query: gold={""field"": ""title"", ""value"": ""百变布鲁可""} pred={""and"": [{""field"": ""content_type"", ""value"": ""动画""}, {""field"": ""title"", ""value"": ""百变布鲁可""}]}; retext: gold=""和百变布鲁可同类型的动画有哪些"" pred=",llm_onecall,6753.9
少儿\多tab,395,推荐和芝麻街相似的音乐,educ_relate_recommend,educ_relate_recommend,"{""retext"": ""推荐和芝麻街相似的音乐"", ""query"": {""and"": [{""field"": ""title"", ""value"": ""芝麻街""}, {""field"": ""content_type"", ""value"": ""动画""}]}}",music_song_semantic_search,"{""retext"": ""推荐和芝麻街相似的音乐""}",N,N,N,"query: gold={""and"": [{""field"": ""content_type"", ""value"": ""动画""}, {""field"": ""title"", ""value"": ""芝麻街""}]} pred=",llm_onecall,4120.5
少儿\多tab,397,找符合我家小孩偏好的少儿早教推荐给我,educ_relate_recommend,educ_relate_recommend,"{""retext"": ""找符合我家小孩偏好的少儿早教推荐给我"", ""query"": {""field"": ""children_second_genre"", ""value"": ""早教""}}",educ_fuzzy_search,"{""retext"": ""找符合我家小孩偏好的少儿早教推荐给我""}",N,N,N,"query: gold={""field"": ""children_second_genre"", ""value"": ""早教""} pred=",llm_onecall,4107.0
少儿\多tab,396,推荐和咕力咕力相似的科普,educ_relate_recommend,educ_relate_recommend,"{""retext"": ""推荐和咕力咕力相似的科普"", ""query"": {""and"": [{""field"": ""title"", ""value"": ""咕力咕力""}, {""field"": ""content_type"", ""value"": ""动画""}]}}",educ_relate_search,"{""query"": {""and"": [{""field"": ""title"", ""value"": ""咕力咕力""}, {""field"": ""children_second_genre"", ""value"": ""科普""}]}}",N,N,N,"query: gold={""and"": [{""field"": ""content_type"", ""value"": ""动画""}, {""field"": ""title"", ""value"": ""咕力咕力""}]} pred={""and"": [{""field"": ""children_second_genre"", ""value"": ""科普""}, {""field"": ""title"", ""value"": ""咕力咕力""}]}; retext: gold=""推荐和咕力咕力相似的科普"" pred=",llm_onecall,4491.3
少儿\多tab,398,找符合我家小孩偏好的少儿识字推荐给我,educ_relate_recommend,educ_relate_recommend,"{""retext"": ""找符合我家小孩偏好的少儿识字推荐给我"", ""query"": {""field"": ""children_second_genre"", ""value"": ""识字""}}",educ_fuzzy_search,"{""retext"": ""找符合我家小孩偏好的少儿识字推荐给我""}",N,N,N,"query: gold={""field"": ""children_second_genre"", ""value"": ""识字""} pred=",llm_onecall,3809.5
少儿\多tab,385,看完碰碰狐还有相似的动画吗,educ_relate_recommend,educ_relate_recommend,"{""retext"": ""看完碰碰狐还有相似的动画吗"", ""query"": {""field"": ""title"", ""value"": ""碰碰狐""}}",educ_relate_search,"{""query"": {""and"": [{""field"": ""title"", ""value"": ""碰碰狐""}, {""field"": ""content_type"", ""value"": ""动画""}]}}",N,N,N,"query: gold={""field"": ""title"", ""value"": ""碰碰狐""} pred={""and"": [{""field"": ""content_type"", ""value"": ""动画""}, {""field"": ""title"", ""value"": ""碰碰狐""}]}; retext: gold=""看完碰碰狐还有相似的动画吗"" pred=",llm_onecall,12177.3
少儿\多tab,393,和猪猪侠同类型的动画有哪些呢,educ_relate_recommend,educ_relate_recommend,"{""retext"": ""和猪猪侠同类型的动画有哪些呢"", ""query"": {""and"": [{""field"": ""title"", ""value"": ""猪猪侠""}, {""field"": ""content_type"", ""value"": ""动画""}]}}",educ_relate_search,"{""query"": {""and"": [{""field"": ""title"", ""value"": ""猪猪侠""}, {""field"": ""content_type"", ""value"": ""动画""}]}}",N,Y,N,,llm_onecall,8294.4
少儿\多tab,399,推荐和九色鹿相似的启蒙,educ_relate_recommend,educ_relate_recommend,"{""retext"": ""推荐和九色鹿相似的启蒙"", ""query"": {""and"": [{""field"": ""title"", ""value"": ""九色鹿""}, {""field"": ""children_second_genre"", ""value"": ""启蒙""}]}}",educ_relate_search,"{""query"": {""and"": [{""field"": ""title"", ""value"": ""九色鹿""}, {""field"": ""training_objectives"", ""value"": ""启蒙""}]}}",N,N,N,"query: gold={""and"": [{""field"": ""children_second_genre"", ""value"": ""启蒙""}, {""field"": ""title"", ""value"": ""九色鹿""}]} pred={""and"": [{""field"": ""title"", ""value"": ""九色鹿""}, {""field"": ""training_objectives"", ""value"": ""启蒙""}]}; retext: gold=""推荐和九色鹿相似的启蒙"" pred=",llm_onecall,4387.8
少儿\多tab,394,和喜羊羊与灰太狼同类型的动画有哪些,educ_relate_recommend,educ_relate_recommend,"{""retext"": ""和喜羊羊与灰太狼同类型的动画有哪些"", ""query"": {""field"": ""title"", ""value"": ""喜羊羊与灰太狼""}}",educ_relate_search,"{""query"": {""and"": [{""field"": ""title"", ""value"": ""喜羊羊与灰太狼""}, {""field"": ""content_type"", ""value"": ""动画""}]}}",N,N,N,"query: gold={""field"": ""title"", ""value"": ""喜羊羊与灰太狼""} pred={""and"": [{""field"": ""content_type"", ""value"": ""动画""}, {""field"": ""title"", ""value"": ""喜羊羊与灰太狼""}]}; retext: gold=""和喜羊羊与灰太狼同类型的动画有哪些"" pred=",llm_onecall,8275.4
少儿\多tab,350,找舞蹈看看,educ_search,educ_search,"{""retext"": ""找舞蹈看看"", ""query"": {""field"": ""children_second_genre"", ""value"": ""舞蹈""}}",vod_search,"{""action"": ""search"", ""retext"": ""找舞蹈看看"", ""query"": {""field"": ""tag"", ""value"": ""舞蹈""}}",N,N,N,"action: gold= pred=""search""; query: gold={""field"": ""children_second_genre"", ""value"": ""舞蹈""} pred={""field"": ""tag"", ""value"": ""舞蹈""}",llm_onecall,33918.7
少儿\多tab,401,推荐和樱桃小丸子相似的儿歌,educ_relate_recommend,educ_relate_recommend,"{""retext"": ""推荐和樱桃小丸子相似的儿歌"", ""query"": {""and"": [{""field"": ""title"", ""value"": ""樱桃小丸子""}, {""field"": ""content_type"", ""value"": ""动画""}]}}",music_song_semantic_search,"{""retext"": ""推荐和樱桃小丸子相似的儿歌""}",N,N,N,"query: gold={""and"": [{""field"": ""content_type"", ""value"": ""动画""}, {""field"": ""title"", ""value"": ""樱桃小丸子""}]} pred=",llm_onecall,4167.1
少儿\多tab,390,看完帮帮龙出动还有相似的动画吗,educ_relate_recommend,educ_relate_recommend,"{""retext"": ""看完帮帮龙出动还有相似的动画吗"", ""query"": {""and"": [{""field"": ""title"", ""value"": ""帮帮龙出动""}, {""field"": ""content_type"", ""value"": ""卡通""}, {""field"": ""children_second_genre"", ""value"": ""启蒙""}]}}",educ_relate_search,"{""query"": {""and"": [{""field"": ""title"", ""value"": ""帮帮龙出动""}, {""field"": ""content_type"", ""value"": ""动画""}]}}",N,N,N,"query: gold={""and"": [{""field"": ""children_second_genre"", ""value"": ""启蒙""}, {""field"": ""content_type"", ""value"": ""卡通""}, {""field"": ""title"", ""value"": ""帮帮龙出动""}]} pred={""and"": [{""field"": ""content_type"", ""value"": ""动画""}, {""field"": ""title"", ""value"": ""帮帮龙出动""}]}; retext: gold=""看完帮帮龙出动还有相似的动画吗"" pred=",llm_onecall,12492.6
少儿\多tab,404,和拖拉机和农用车同类型的动画有哪些,educ_relate_recommend,educ_relate_recommend,"{""retext"": ""和拖拉机和农用车同类型的动画有哪些"", ""query"": {""field"": ""title"", ""value"": ""拖拉机和农用车""}}",educ_fuzzy_search,"{""retext"": ""和拖拉机和农用车同类型的动画有哪些""}",N,N,N,"query: gold={""field"": ""title"", ""value"": ""拖拉机和农用车""} pred=",llm_onecall,2488.0
少儿\多tab,402,有没有类似兔子姐姐神奇的拼音的早教,educ_relate_recommend,educ_relate_recommend,"{""retext"": ""有没有类似兔子姐姐神奇的拼音的早教"", ""query"": {""and"": [{""field"": ""title"", ""value"": ""兔子姐姐神奇的拼音""}, {""field"": ""children_second_genre"", ""value"": ""早教""}]}}",educ_relate_search,"{""query"": {""and"": [{""field"": ""title"", ""value"": ""兔子姐姐神奇的拼音""}, {""field"": ""children_second_genre"", ""value"": ""早教""}]}}",N,Y,N,,llm_onecall,5237.6
少儿\多tab,405,帮我找符合我偏好的儿童玩具,educ_relate_recommend,educ_relate_recommend,"{""retext"": ""帮我找符合我偏好的儿童玩具"", ""query"": {""field"": ""children_second_genre"", ""value"": ""玩具""}}",educ_fuzzy_search,"{""retext"": ""帮我找符合我偏好的儿童玩具""}",N,N,N,"query: gold={""field"": ""children_second_genre"", ""value"": ""玩具""} pred=",llm_onecall,3304.9
少儿\多tab,409,继续播放刚刚的父与子,educ_history,educ_history,"{""retext"": ""继续播放刚刚的父与子""}",playback_control,"{""operation"": ""播放"", ""object"": ""播放控制"", ""value"": """", ""device"": """", ""location"": """"}",N,N,N,"object: gold= pred=""播放控制""; operation: gold= pred=""播放""; retext: gold=""继续播放刚刚的父与子"" pred=",llm_onecall,3109.5
少儿\多tab,407,返回刚才看的那个百变校巴,educ_history,educ_history,"{""retext"": ""返回刚才看的那个百变校巴""}",vod_history,"{""category"": [""动画片""], ""time"": ""2026-08-24 14:44:44 TO 2026-08-24 14:44:44""}",N,N,N,"category: gold= pred=[""动画片""]; retext: gold=""返回刚才看的那个百变校巴"" pred=; time: gold= pred=""2026-08-24 14:44:44 TO 2026-08-24 14:44:44""",llm_onecall,5160.9
少儿\多tab,410,播放我最近几天看的旋风战车队,educ_history,educ_history,"{""retext"": ""播放我最近几天看的旋风战车队""}",vod_history,"{""category"": [""动漫""], ""time"": ""2026-08-20 00:00:00 TO 2026-08-24 23:59:59""}",N,N,N,"category: gold= pred=[""动漫""]; retext: gold=""播放我最近几天看的旋风战车队"" pred=; time: gold= pred=""2026-08-20 00:00:00 TO 2026-08-24 23:59:59""",llm_onecall,4792.0
少儿\多tab,411,播放我们上星期三看过的免费儿歌呢,educ_history,educ_history,"{""retext"": ""播放我们上星期三看过的免费儿歌呢""}",educ_history,"{""time"": ""2026-08-19 00:00:00 TO 2026-08-19 23:59:59""}",Y,N,N,"retext: gold=""播放我们上星期三看过的免费儿歌呢"" pred=; time: gold= pred=""2026-08-19 00:00:00 TO 2026-08-19 23:59:59""",llm_onecall,5135.6
少儿\多tab,406,和猪猪侠同类型的动画有哪些啊,educ_relate_recommend,educ_relate_recommend,"{""retext"": ""和猪猪侠同类型的动画有哪些啊"", ""query"": {""and"": [{""field"": ""title"", ""value"": ""猪猪侠""}, {""field"": ""content_type"", ""value"": ""动画""}]}}",educ_relate_search,"{""query"": {""and"": [{""field"": ""title"", ""value"": ""猪猪侠""}, {""field"": ""content_type"", ""value"": ""动画""}]}}",N,Y,N,,llm_onecall,7523.2
少儿\多tab,400,看完海底小纵队还有相似的动画吗,educ_relate_recommend,educ_relate_recommend,"{""retext"": ""看完海底小纵队还有相似的动画吗"", ""query"": {""field"": ""title"", ""value"": ""海底小纵队""}}",educ_relate_search,"{""query"": {""field"": ""title"", ""value"": ""海底小纵队""}}",N,Y,N,,llm_onecall,10725.8
少儿\多tab,408,继续播放刚刚的巴啦啦小魔仙,educ_history,educ_history,"{""retext"": ""继续播放刚刚的巴啦啦小魔仙""}",educ_search,"{""retext"": ""继续播放刚刚的巴啦啦小魔仙"", ""query"": {""field"": ""title"", ""value"": ""巴啦啦小魔仙""}}",N,N,N,"query: gold= pred={""field"": ""title"", ""value"": ""巴啦啦小魔仙""}",llm_onecall,8211.1
少儿\多tab,403,有没有类似樱桃小丸子的舞蹈,educ_relate_recommend,educ_relate_recommend,"{""retext"": ""有没有类似樱桃小丸子的舞蹈"", ""query"": {""field"": ""title"", ""value"": ""樱桃小丸子""}}",vod_relate_search,"{""query"": {""field"": ""title"", ""value"": ""樱桃小丸子""}}",N,Y,N,,llm_onecall,38555.5
