会话id,业务,组号,轮次,query,源行,gold_tool,gold_params,pred_tool,pred_params,tool_ok,param_ok,both_ok,latency_ms,param_diff
29,86100300900001400000071235135aaa6cc23891,3,第1轮,有没有网球的视频,142,sports_vod_search,"{""query"": {""field"": ""sport_name"", ""value"": ""网球""}}",sports_vod_search,"{""query"": {""field"": ""sport_name"", ""value"": ""网球""}}",Y,Y,Y,1091.4,
29,86100300900001400000071235135aaa6cc23891,3,第2轮,大满贯的,143,sports_vod_search,"{""query"": {""and"": [{""field"": ""sport_name"", ""value"": ""网球""}, {""field"": ""sport_game"", ""value"": ""大满贯""}]}}",sports_vod_search,"{""query"": {""field"": ""sport_name"", ""value"": ""网球""}}",Y,Y,Y,1221.4,
29,86100300900001400000071235135aaa6cc23891,3,第3轮,看决赛轮,144,sports_match_search,"{""query"": {""and"": [{""field"": ""sport_name"", ""value"": ""网球""}, {""field"": ""sport_game"", ""value"": ""大满贯""}, {""field"": ""sport_competition_phase"", ""value"": ""决赛""}]}}",sports_match_search,"{""query"": {""and"": [{""field"": ""sport_name"", ""value"": ""网球""}, {""field"": ""sport_competition_phase"", ""value"": ""决赛""}]}}",Y,N,N,809.4,"query: gold={""and"": [{""field"": ""sport_competition_phase"", ""value"": ""决赛""}, {""field"": ""sport_game"", ""value"": ""大满贯""}, {""field"": ""sport_name"", ""value"": ""网球""}]} pred={""and"": [{""field"": ""sport_competition_phase"", ""value"": ""决赛""}, {""field"": ""sport_name"", ""value"": ""网球""}]}"
29,86100300900001400000071235135aaa6cc23891,3,第4轮,昨晚打的,145,sports_match_search,"{""query"": {""and"": [{""field"": ""sport_name"", ""value"": ""网球""}, {""field"": ""sport_game"", ""value"": ""大满贯""}, {""field"": ""sport_competition_phase"", ""value"": ""决赛""}, {""field"": ""sport_time"", ""value"": ""20260830""}]}}",sports_match_search,"{""query"": {""field"": ""sport_name"", ""value"": ""网球""}}",Y,Y,Y,717.9,
29,86100300900001400000071235135aaa6cc23891,3,第5轮,郑钦文那场,146,sports_match_search,"{""query"": {""and"": [{""field"": ""sport_name"", ""value"": ""网球""}, {""field"": ""sport_game"", ""value"": ""大满贯""}, {""field"": ""sport_competition_phase"", ""value"": ""决赛""}, {""field"": ""sport_time"", ""value"": ""20260830""}, {""field"": ""sport_star"", ""value"": ""郑钦文""}]}}",sports_match_search,"{""query"": {""field"": ""sport_name"", ""value"": ""网球""}}",Y,Y,Y,745.4,
28,86100300900001400000071259e19706d51d39f6,2,第1轮,推荐点篮球比赛视频,137,sports_vod_search,"{""query"": {""field"": ""sport_name"", ""value"": ""篮球""}}",sports_vod_search,"{""query"": {""field"": ""sport_name"", ""value"": ""篮球""}}",Y,Y,Y,1273.6,
28,86100300900001400000071259e19706d51d39f6,2,第2轮,CBA的,138,sports_vod_search,"{""query"": {""and"": [{""field"": ""sport_name"", ""value"": ""篮球""}, {""field"": ""sport_game"", ""value"": ""CBA""}]}}",sports_match_search,"{""query"": {""and"": [{""field"": ""sport_game"", ""value"": ""CBA""}, {""field"": ""sport_name"", ""value"": ""篮球""}]}}",N,Y,N,852.2,tool: gold=sports_vod_search pred=sports_match_search
28,86100300900001400000071259e19706d51d39f6,2,第3轮,季后赛阶段,139,sports_match_search,"{""query"": {""and"": [{""field"": ""sport_name"", ""value"": ""篮球""}, {""field"": ""sport_game"", ""value"": ""CBA""}, {""field"": ""sport_competition_phase"", ""value"": ""季后赛""}]}}",sports_match_search,"{""query"": {""and"": [{""field"": ""sport_game"", ""value"": ""CBA""}, {""field"": ""sport_name"", ""value"": ""篮球""}, {""field"": ""sport_competition_phase"", ""value"": ""季后赛""}]}}",Y,Y,Y,803.3,
28,86100300900001400000071259e19706d51d39f6,2,第4轮,在广州打的那场,140,sports_match_search,"{""query"": {""and"": [{""field"": ""sport_name"", ""value"": ""篮球""}, {""field"": ""sport_game"", ""value"": ""CBA""}, {""field"": ""sport_competition_phase"", ""value"": ""季后赛""}, {""field"": ""sport_team_home"", ""value"": ""广州""}]}}",sports_match_search,"{""query"": {""and"": [{""field"": ""sport_game"", ""value"": ""CBA""}, {""field"": ""sport_name"", ""value"": ""篮球""}, {""field"": ""sport_competition_phase"", ""value"": ""季后赛""}]}}",Y,N,N,803.7,"query: gold={""and"": [{""field"": ""sport_competition_phase"", ""value"": ""季后赛""}, {""field"": ""sport_game"", ""value"": ""CBA""}, {""field"": ""sport_name"", ""value"": ""篮球""}, {""field"": ""sport_team_home"", ""value"": ""广州""}]} pred={""and"": [{""field"": ""sport_competition_phase"", ""value"": ""季后赛""}, {""field"": ""sport_game"", ""value"": ""CBA""}, {""field"": ""sport_name"", ""value"": ""篮球""}]}"
28,86100300900001400000071259e19706d51d39f6,2,第5轮,新疆队的,141,sports_match_search,"{""query"": {""and"": [{""field"": ""sport_name"", ""value"": ""篮球""}, {""field"": ""sport_game"", ""value"": ""CBA""}, {""field"": ""sport_competition_phase"", ""value"": ""季后赛""}, {""field"": ""sport_team_home"", ""value"": ""广州""}, {""field"": ""sport_team_guest"", ""value"": ""新疆""}]}}",sports_match_search,"{""query"": {""and"": [{""field"": ""sport_game"", ""value"": ""CBA""}, {""field"": ""sport_name"", ""value"": ""篮球""}, {""field"": ""sport_competition_phase"", ""value"": ""季后赛""}]}}",Y,N,N,974.5,"query: gold={""and"": [{""field"": ""sport_competition_phase"", ""value"": ""季后赛""}, {""field"": ""sport_game"", ""value"": ""CBA""}, {""field"": ""sport_name"", ""value"": ""篮球""}, {""field"": ""sport_team_guest"", ""value"": ""新疆""}, {""field"": ""sport_team_home"", ""value"": ""广州""}]} pred={""and"": [{""field"": ""sport_competition_phase"", ""value"": ""季后赛""}, {""field"": ""sport_game"", ""value"": ""CBA""}, {""field"": ""sport_name"", ""value"": ""篮球""}]}"
27,861003009000014000000712670671cd97404156,1,第1轮,有啥足球比赛视频,132,sports_vod_search,"{""query"": {""field"": ""sport_name"", ""value"": ""足球""}}",sports_vod_search,"{""query"": {""field"": ""sport_name"", ""value"": ""足球""}}",Y,Y,Y,1154.6,
27,861003009000014000000712670671cd97404156,1,第2轮,英超的,133,sports_vod_search,"{""query"": {""and"": [{""field"": ""sport_name"", ""value"": ""足球""}, {""field"": ""sport_game"", ""value"": ""英超""}]}}",sports_vod_search,"{""query"": {""and"": [{""field"": ""sport_game"", ""value"": ""英超""}, {""field"": ""sport_name"", ""value"": ""足球""}]}}",Y,Y,Y,1199.7,
27,861003009000014000000712670671cd97404156,1,第3轮,半决赛那场,134,sports_match_search,"{""query"": {""and"": [{""field"": ""sport_name"", ""value"": ""足球""}, {""field"": ""sport_game"", ""value"": ""英超""}, {""field"": ""sport_competition_phase"", ""value"": ""半决赛""}]}}",sports_vod_search,"{""query"": {""and"": [{""field"": ""sport_game"", ""value"": ""英超""}, {""field"": ""sport_name"", ""value"": ""足球""}]}}",N,N,N,898.3,tool: gold=sports_match_search pred=sports_vod_search
27,861003009000014000000712670671cd97404156,1,第4轮,7月21日踢的,135,sports_match_search,"{""query"": {""and"": [{""field"": ""sport_name"", ""value"": ""足球""}, {""field"": ""sport_game"", ""value"": ""英超""}, {""field"": ""sport_competition_phase"", ""value"": ""半决赛""}, {""field"": ""sport_time"", ""value"": ""20260721""}]}}",sports_match_search,"{""query"": {""and"": [{""field"": ""sport_game"", ""value"": ""英超""}, {""field"": ""sport_name"", ""value"": ""足球""}, {""field"": ""sport_time"", ""value"": ""20260721""}]}}",Y,N,N,741.6,"query: gold={""and"": [{""field"": ""sport_competition_phase"", ""value"": ""半决赛""}, {""field"": ""sport_game"", ""value"": ""英超""}, {""field"": ""sport_name"", ""value"": ""足球""}, {""field"": ""sport_time"", ""value"": ""20260721""}]} pred={""and"": [{""field"": ""sport_game"", ""value"": ""英超""}, {""field"": ""sport_name"", ""value"": ""足球""}, {""field"": ""sport_time"", ""value"": ""20260721""}]}"
27,861003009000014000000712670671cd97404156,1,第5轮,谁赢了,136,fan_knowledge_agent,"{""query"": ""英超半决赛0721那场谁赢了""}",sports_match_search,"{""query"": {""and"": [{""field"": ""sport_game"", ""value"": ""英超""}, {""field"": ""sport_name"", ""value"": ""足球""}, {""field"": ""sport_time"", ""value"": ""20260721""}]}}",N,N,N,825.3,tool: gold=fan_knowledge_agent pred=sports_match_search
12,8610030090000140000007126b51d431df5d7f14,2,第1轮,有啥3岁小孩听的儿歌,57,educ_search,"{""query"": {""and"": [{""field"": ""children_second_genre"", ""value"": ""儿歌""}, {""field"": ""age_range"", ""from"": 3, ""to"": 3}]}, ""retext"": ""推荐适合3岁孩子的儿歌""}",educ_search,"{""query"": {""and"": [{""field"": ""children_second_genre"", ""value"": ""儿歌""}, {""field"": ""children_third_genre"", ""value"": ""儿歌""}, {""field"": ""age_range"", ""from"": 3, ""to"": 3}]}, ""retext"": ""有啥3岁小孩听的儿歌""}",Y,N,N,738.8,"query: gold={""and"": [{""field"": ""age_range"", ""from"": 3, ""to"": 3}, {""field"": ""children_second_genre"", ""value"": ""儿歌""}]} pred={""and"": [{""field"": ""age_range"", ""from"": 3, ""to"": 3}, {""field"": ""children_second_genre"", ""value"": ""儿歌""}, {""field"": ""children_third_genre"", ""value"": ""儿歌""}]}; retext: gold=""推荐适合3岁孩子的儿歌"" pred=""有啥3岁小孩听的儿歌"""
12,8610030090000140000007126b51d431df5d7f14,2,第2轮,能跟唱的,58,educ_search,"{""query"": {""and"": [{""field"": ""children_second_genre"", ""value"": ""儿歌""}, {""field"": ""age_range"", ""from"": 3, ""to"": 3}]}, ""retext"": ""推荐适合3岁孩子跟唱的儿歌""}",educ_search,"{""query"": {""and"": [{""field"": ""children_second_genre"", ""value"": ""儿歌""}, {""field"": ""children_third_genre"", ""value"": ""儿歌""}]}, ""retext"": ""能跟唱的儿歌""}",Y,N,N,603.7,"query: gold={""and"": [{""field"": ""age_range"", ""from"": 3, ""to"": 3}, {""field"": ""children_second_genre"", ""value"": ""儿歌""}]} pred={""and"": [{""field"": ""children_second_genre"", ""value"": ""儿歌""}, {""field"": ""children_third_genre"", ""value"": ""儿歌""}]}; retext: gold=""推荐适合3岁孩子跟唱的儿歌"" pred=""能跟唱的儿歌"""
12,8610030090000140000007126b51d431df5d7f14,2,第3轮,中文的那版,59,educ_search,"{""query"": {""and"": [{""field"": ""children_second_genre"", ""value"": ""儿歌""}, {""field"": ""age_range"", ""from"": 3, ""to"": 3}, {""field"": ""language"", ""value"": ""中文版""}]}, ""retext"": ""推荐适合3岁孩子跟唱的中文版儿歌""}",educ_search,"{""query"": {""and"": [{""field"": ""language"", ""value"": ""中文""}, {""field"": ""children_second_genre"", ""value"": ""儿歌""}, {""field"": ""children_third_genre"", ""value"": ""儿歌""}]}, ""retext"": ""能跟唱的中文儿歌""}",Y,N,N,932.3,"query: gold={""and"": [{""field"": ""age_range"", ""from"": 3, ""to"": 3}, {""field"": ""children_second_genre"", ""value"": ""儿歌""}, {""field"": ""language"", ""value"": ""中文版""}]} pred={""and"": [{""field"": ""children_second_genre"", ""value"": ""儿歌""}, {""field"": ""children_third_genre"", ""value"": ""儿歌""}, {""field"": ""language"", ""value"": ""中文""}]}; retext: gold=""推荐适合3岁孩子跟唱的中文版儿歌"" pred=""能跟唱的中文儿歌"""
12,8610030090000140000007126b51d431df5d7f14,2,第4轮,适合5到6岁的,60,educ_search,"{""query"": {""and"": [{""field"": ""children_second_genre"", ""value"": ""儿歌""}, {""field"": ""age_range"", ""from"": 5, ""to"": 6}, {""field"": ""language"", ""value"": ""中文""}]}, ""retext"": ""推荐适合5到6岁孩子跟唱的中文版儿歌""}",educ_search,"{""query"": {""and"": [{""field"": ""children_second_genre"", ""value"": ""儿歌""}, {""field"": ""children_third_genre"", ""value"": ""儿歌""}, {""field"": ""age_range"", ""from"": 5, ""to"": 6}]}, ""retext"": ""适合5到6岁的儿歌""}",Y,N,N,785.1,"query: gold={""and"": [{""field"": ""age_range"", ""from"": 5, ""to"": 6}, {""field"": ""children_second_genre"", ""value"": ""儿歌""}, {""field"": ""language"", ""value"": ""中文""}]} pred={""and"": [{""field"": ""age_range"", ""from"": 5, ""to"": 6}, {""field"": ""children_second_genre"", ""value"": ""儿歌""}, {""field"": ""children_third_genre"", ""value"": ""儿歌""}]}; retext: gold=""推荐适合5到6岁孩子跟唱的中文版儿歌"" pred=""适合5到6岁的儿歌"""
12,8610030090000140000007126b51d431df5d7f14,2,第5轮,去年的,61,educ_search_all,"{""query"": {""and"": [{""field"": ""children_second_genre"", ""value"": ""儿歌""}, {""field"": ""age_range"", ""from"": 5, ""to"": 6}, {""field"": ""language"", ""value"": ""中文""}, {""field"": ""release_time"", ""from"": ""20250101"", ""to"": ""20251231""}]}, ""retext"": ""推荐2025年的、适合5到6岁孩子跟唱的中文版儿歌""}",educ_search,"{""query"": {""and"": [{""field"": ""children_second_genre"", ""value"": ""儿歌""}, {""field"": ""children_third_genre"", ""value"": ""儿歌""}, {""field"": ""age_range"", ""from"": 5, ""to"": 6}]}, ""retext"": ""去年的适合5到6岁的儿歌""}",N,N,N,882.0,tool: gold=educ_search_all pred=educ_search
30,861003009000014000000712624b60c58c9d8bfb,4,第1轮,世界杯的比赛,147,sports_match_search,"{""query"": {""field"": ""sport_game"", ""value"": ""世界杯""}}",sports_match_search,"{""query"": {""field"": ""sport_game"", ""value"": ""世界杯""}}",Y,Y,Y,1086.3,
30,861003009000014000000712624b60c58c9d8bfb,4,第2轮,在哪里举办的,148,fan_knowledge_agent,"{""query"": ""世界杯在哪里举办的""}",fan_knowledge_agent,"{""messages"": [{""content"": ""世界杯在哪里举办的"", ""role"": ""user""}], ""need_media"": false, ""riskRespStrategy"": ""all_replace"", ""sceneType"": ""sport_qa""}",Y,Y,Y,3965.5,
30,861003009000014000000712624b60c58c9d8bfb,4,第3轮,最后谁夺冠了,149,fan_knowledge_agent,"{""query"": ""世界杯最后谁夺冠了""}",sports_match_forecast,"{""query"": {""field"": ""sport_game"", ""value"": ""世界杯""}}",N,N,N,719.5,tool: gold=fan_knowledge_agent pred=sports_match_forecast
30,861003009000014000000712624b60c58c9d8bfb,4,第4轮,金球奖得主是谁,150,fan_knowledge_agent,"{""query"": ""世界杯金球奖得主是谁""}",sports_match_search,"{""query"": {""field"": ""sport_game"", ""value"": ""世界杯""}}",N,N,N,2157.2,tool: gold=fan_knowledge_agent pred=sports_match_search
30,861003009000014000000712624b60c58c9d8bfb,4,第5轮,哪天进行的决赛,151,fan_knowledge_agent,"{""query"": ""世界杯哪天进行的决赛""}",sports_match_search,"{""query"": {""and"": [{""field"": ""sport_game"", ""value"": ""世界杯""}, {""field"": ""sport_competition_phase"", ""value"": ""决赛""}]}}",N,N,N,1926.6,tool: gold=fan_knowledge_agent pred=sports_match_search
13,8610030090000140000007123fdba35f04dc8c46,3,第1轮,推荐点恐龙科普动画,62,educ_search,"{""query"": {""and"": [{""field"": ""children_third_genre"", ""value"": ""恐龙""}, {""field"": ""children_second_genre"", ""value"": ""科普""}, {""field"": ""content_type"", ""value"": ""动画""}]}, ""retext"": ""推荐恐龙科普动画""}",educ_search,"{""query"": {""and"": [{""field"": ""content_type"", ""value"": ""动画""}, {""field"": ""children_second_genre"", ""value"": ""科普""}, {""field"": ""children_third_genre"", ""value"": ""恐龙""}]}, ""retext"": ""推荐点恐龙科普动画""}",Y,Y,Y,1238.4,
13,8610030090000140000007123fdba35f04dc8c46,3,第2轮,适合8岁男孩的,63,educ_search,"{""query"": {""and"": [{""field"": ""children_third_genre"", ""value"": ""恐龙""}, {""field"": ""children_second_genre"", ""value"": ""科普""}, {""field"": ""gender"", ""value"": ""男""}, {""field"": ""age_range"", ""from"": 8, ""to"": 8}, {""field"": ""content_type"", ""value"": ""动画""}]}, ""retext"": ""推荐适合8岁男孩的恐龙科普动画""}",educ_search,"{""query"": {""and"": [{""field"": ""content_type"", ""value"": ""动画""}, {""field"": ""gender"", ""value"": ""男""}, {""field"": ""children_second_genre"", ""value"": ""科普""}, {""field"": ""children_third_genre"", ""value"": ""恐龙""}, {""field"": ""age_range"", ""from"": 8, ""to"": 8}]}, ""retext"": ""推荐适合8岁男孩的恐龙科普动画""}",Y,Y,Y,1383.9,
13,8610030090000140000007123fdba35f04dc8c46,3,第3轮,有国产的吗,64,educ_search_all,"{""query"": {""and"": [{""field"": ""children_third_genre"", ""value"": ""恐龙""}, {""field"": ""children_second_genre"", ""value"": ""科普""}, {""field"": ""country"", ""value"": ""中国""}, {""field"": ""gender"", ""value"": ""男""}, {""field"": ""age_range"", ""from"": 8, ""to"": 8}, {""field"": ""content_type"", ""value"": ""动画""}]}, ""retext"": ""推荐适合8岁男孩的国产恐龙科普动画""}",educ_search_all,"{""query"": {""and"": [{""field"": ""content_type"", ""value"": ""动画""}, {""field"": ""country"", ""value"": ""中国""}, {""field"": ""gender"", ""value"": ""男""}, {""field"": ""children_second_genre"", ""value"": ""科普""}, {""field"": ""children_third_genre"", ""value"": ""恐龙""}, {""field"": ""age_range"", ""from"": 8, ""to"": 8}]}, ""retext"": ""推荐适合8岁男孩的国产恐龙科普动画""}",Y,Y,Y,1300.3,
13,8610030090000140000007123fdba35f04dc8c46,3,第4轮,一季以上的,65,educ_fuzzy_search,"{""query"": ""一季以上、适合8岁男孩的国产恐龙科普动画""}",educ_search_all,"{""query"": {""and"": [{""field"": ""content_type"", ""value"": ""动画""}, {""field"": ""country"", ""value"": ""中国""}, {""field"": ""gender"", ""value"": ""男""}, {""field"": ""children_second_genre"", ""value"": ""科普""}, {""field"": ""children_third_genre"", ""value"": ""恐龙""}, {""field"": ""age_range"", ""from"": 8, ""to"": 8}]}, ""retext"": ""推荐适合8岁男孩的国产恐龙科普动画且季数大于等于2""}",N,Y,N,1101.2,tool: gold=educ_fuzzy_search pred=educ_search_all
13,8610030090000140000007123fdba35f04dc8c46,3,第5轮,换一个其他类型的,66,educ_fuzzy_search,"{""query"": ""换一个其他类型、适合8岁男孩的国产科普动画""}",execute,,N,Y,N,383.5,tool: gold=educ_fuzzy_search pred=execute
11,8610030090000140000007124fc82b26aecb47d2,1,第1轮,有适合小孩学英语的动画吗,52,educ_search,"{""query"": {""and"": [{""field"": ""children_second_genre"", ""value"": ""英语""}, {""field"": ""content_type"", ""value"": ""动画""}]}, ""retext"": ""搜索适合孩子学英语的动画""}",educ_search,"{""query"": {""and"": [{""field"": ""content_type"", ""value"": ""动画""}, {""field"": ""language"", ""value"": ""英语""}]}, ""retext"": ""有适合小孩学英语的动画吗""}",Y,N,N,1442.7,"query: gold={""and"": [{""field"": ""children_second_genre"", ""value"": ""英语""}, {""field"": ""content_type"", ""value"": ""动画""}]} pred={""and"": [{""field"": ""content_type"", ""value"": ""动画""}, {""field"": ""language"", ""value"": ""英语""}]}; retext: gold=""搜索适合孩子学英语的动画"" pred=""有适合小孩学英语的动画吗"""
11,8610030090000140000007124fc82b26aecb47d2,1,第2轮,学龄前的,53,educ_search,"{""query"": {""and"": [{""field"": ""children_second_genre"", ""value"": ""英语""}, {""field"": ""content_type"", ""value"": ""动画""}]}, ""retext"": ""搜索适合学龄前孩子学英语的动画""}",educ_search,"{""query"": {""and"": [{""field"": ""content_type"", ""value"": ""动画""}, {""field"": ""language"", ""value"": ""英语""}]}, ""retext"": ""有适合学龄前儿童学英语的动画吗""}",Y,N,N,1474.0,"query: gold={""and"": [{""field"": ""children_second_genre"", ""value"": ""英语""}, {""field"": ""content_type"", ""value"": ""动画""}]} pred={""and"": [{""field"": ""content_type"", ""value"": ""动画""}, {""field"": ""language"", ""value"": ""英语""}]}; retext: gold=""搜索适合学龄前孩子学英语的动画"" pred=""有适合学龄前儿童学英语的动画吗"""
11,8610030090000140000007124fc82b26aecb47d2,1,第3轮,中文的,54,educ_search,"{""query"": {""and"": [{""field"": ""children_third_genre"", ""value"": ""英语启蒙""}, {""field"": ""language"", ""value"": ""中文""}, {""field"": ""content_type"", ""value"": ""动画""}]}, ""retext"": ""搜索中文版学龄前英语启蒙动画""}",educ_search,"{""query"": {""and"": [{""field"": ""content_type"", ""value"": ""动画""}, {""field"": ""language"", ""value"": ""英语""}]}, ""retext"": ""有适合学龄前儿童学英语的中文动画吗""}",Y,N,N,1523.9,"query: gold={""and"": [{""field"": ""children_third_genre"", ""value"": ""英语启蒙""}, {""field"": ""content_type"", ""value"": ""动画""}, {""field"": ""language"", ""value"": ""中文""}]} pred={""and"": [{""field"": ""content_type"", ""value"": ""动画""}, {""field"": ""language"", ""value"": ""英语""}]}; retext: gold=""搜索中文版学龄前英语启蒙动画"" pred=""有适合学龄前儿童学英语的中文动画吗"""
11,8610030090000140000007124fc82b26aecb47d2,1,第4轮,免费的,55,educ_search,"{""query"": {""and"": [{""field"": ""children_third_genre"", ""value"": ""英语启蒙""}, {""field"": ""language"", ""value"": ""中文""}, {""field"": ""content_type"", ""value"": ""动画""}, {""field"": ""is_fee"", ""value"": 0}]}, ""retext"": ""搜索免费中文版学龄前英语启蒙动画""}",educ_search,"{""query"": {""and"": [{""field"": ""content_type"", ""value"": ""动画""}, {""field"": ""language"", ""value"": ""英语""}]}, ""retext"": ""有适合学龄前儿童学英语的中文动画吗""}",Y,N,N,1290.8,"query: gold={""and"": [{""field"": ""children_third_genre"", ""value"": ""英语启蒙""}, {""field"": ""content_type"", ""value"": ""动画""}, {""field"": ""is_fee"", ""value"": 0}, {""field"": ""language"", ""value"": ""中文""}]} pred={""and"": [{""field"": ""content_type"", ""value"": ""动画""}, {""field"": ""language"", ""value"": ""英语""}]}; retext: gold=""搜索免费中文版学龄前英语启蒙动画"" pred=""有适合学龄前儿童学英语的中文动画吗"""
11,8610030090000140000007124fc82b26aecb47d2,1,第5轮,可以跟读的,56,educ_fuzzy_search,"{""query"": ""可跟读的免费中文版学龄前英语启蒙动画""}",educ_search,"{""query"": {""and"": [{""field"": ""content_type"", ""value"": ""动画""}, {""field"": ""language"", ""value"": ""英语""}]}, ""retext"": ""有适合学龄前儿童学英语的中文动画吗""}",N,Y,N,1466.6,tool: gold=educ_fuzzy_search pred=educ_search
14,8610030090000140000007128527a891e2241369,4,第1轮,我想看双语绘本,67,educ_search,"{""query"": ""搜索双语绘本""}",educ_search,"{""query"": {""field"": ""children_second_genre"", ""value"": ""绘本""}, ""retext"": ""我想看双语绘本""}",Y,N,N,1013.6,"query: gold=""搜索双语绘本"" pred={""field"": ""children_second_genre"", ""value"": ""绘本""}; retext: gold= pred=""我想看双语绘本"""
14,8610030090000140000007128527a891e2241369,4,第2轮,适合睡前听的,68,educ_search,"{""query"": ""搜索适合睡前听的双语绘本""}",educ_search,"{""query"": {""field"": ""children_second_genre"", ""value"": ""绘本""}, ""retext"": ""我想看适合睡前听的绘本""}",Y,N,N,1253.5,"query: gold=""搜索适合睡前听的双语绘本"" pred={""field"": ""children_second_genre"", ""value"": ""绘本""}; retext: gold= pred=""我想看适合睡前听的绘本"""
14,8610030090000140000007128527a891e2241369,4,第3轮,有声朗读的,69,educ_search,"{""query"": ""搜索适合睡前听、有声朗读的双语绘本""}",educ_search,"{""query"": {""field"": ""children_second_genre"", ""value"": ""绘本""}, ""retext"": ""我想看适合睡前听的有声朗读绘本""}",Y,N,N,1313.6,"query: gold=""搜索适合睡前听、有声朗读的双语绘本"" pred={""field"": ""children_second_genre"", ""value"": ""绘本""}; retext: gold= pred=""我想看适合睡前听的有声朗读绘本"""
14,8610030090000140000007128527a891e2241369,4,第4轮,女声配音的,70,educ_search,"{""query"": ""搜索适合睡前听、女声有声朗读的双语绘本""}",educ_search,"{""query"": {""field"": ""children_second_genre"", ""value"": ""绘本""}, ""retext"": ""我想看女声配音的适合睡前听的有声朗读绘本""}",Y,N,N,1593.4,"query: gold=""搜索适合睡前听、女声有声朗读的双语绘本"" pred={""field"": ""children_second_genre"", ""value"": ""绘本""}; retext: gold= pred=""我想看女声配音的适合睡前听的有声朗读绘本"""
14,8610030090000140000007128527a891e2241369,4,第5轮,换个故事吧,71,,,educ_search,"{""query"": {""field"": ""children_second_genre"", ""value"": ""绘本""}, ""retext"": ""我想看女声配音的适合睡前听的有声朗读绘本""}",N,Y,N,1574.2,tool: gold= pred=educ_search
1,8610030090000140000007126b86b273ff34fce1,1,第1轮,最近有啥好看的电影,2,vod_search,"{""action"": ""search"", ""query"": {""field"": ""category"", ""value"": ""电影""}, ""retext"": ""最近有啥好看的电影"", ""sort"": {""new"": {""order"": ""desc""}}}",vod_search,"{""action"": ""search"", ""query"": {""field"": ""category"", ""value"": ""电影""}, ""retext"": ""最近有啥好看的电影"", ""sort"": {""hot"": {""order"": ""desc""}, ""new"": {""order"": ""desc""}}}",Y,Y,Y,1347.8,
1,8610030090000140000007126b86b273ff34fce1,1,第2轮,想看悬疑的,3,vod_search,"{""action"": ""search"", ""query"": {""and"": [{""field"": ""category"", ""value"": ""电影""}, {""field"": ""tag"", ""value"": ""悬疑""}]}, ""retext"": ""搜索好看的悬疑电影""}",vod_search,"{""action"": ""search"", ""query"": {""field"": ""tag"", ""value"": ""悬疑""}, ""retext"": ""想看悬疑电影""}",Y,Y,Y,1863.3,
1,8610030090000140000007126b86b273ff34fce1,1,第3轮,国内的有没有,4,vod_search_all,"{""action"": ""search"", ""query"": {""and"": [{""field"": ""category"", ""value"": ""电影""}, {""field"": ""tag"", ""value"": ""悬疑""}, {""field"": ""area"", ""value"": ""国内""}]}, ""retext"": ""搜索国内好看的悬疑电影""}",vod_search,"{""action"": ""search"", ""query"": {""and"": [{""field"": ""category"", ""value"": ""电影""}, {""field"": ""tag"", ""value"": ""悬疑""}, {""field"": ""target"", ""value"": ""国内""}]}, ""retext"": ""想看国内的悬疑电影""}",N,N,N,1673.3,tool: gold=vod_search_all pred=vod_search
1,8610030090000140000007126b86b273ff34fce1,1,第4轮,评分高一点,5,vod_search_all,"{""action"": ""search"", ""query"": {""and"": [{""field"": ""category"", ""value"": ""电影""}, {""field"": ""tag"", ""value"": ""悬疑""}, {""field"": ""area"", ""value"": ""国内""}]}, ""retext"": ""搜索国内评分高的悬疑电影"", ""sort"": {""rate"": {""order"": ""desc""}}}",vod_search,"{""action"": ""search"", ""query"": {""and"": [{""field"": ""category"", ""value"": ""电影""}, {""field"": ""tag"", ""value"": ""悬疑""}]}, ""retext"": ""想看评分高的国内悬疑电影"", ""sort"": {""rate"": {""order"": ""desc""}}}",N,N,N,1561.1,tool: gold=vod_search_all pred=vod_search
1,8610030090000140000007126b86b273ff34fce1,1,第5轮,日语的,6,vod_search_all,"{""action"": ""search"", ""query"": {""and"": [{""field"": ""category"", ""value"": ""电影""}, {""field"": ""tag"", ""value"": ""悬疑""}, {""field"": ""area"", ""value"": ""国内""}, {""field"": ""language"", ""value"": ""日语""}]}, ""retext"": ""搜索国内评分高的日语悬疑电影"", ""sort"": {""rate"": {""order"": ""desc""}}}",vod_search_all,"{""action"": ""search"", ""query"": {""and"": [{""field"": ""language"", ""value"": ""日语""}, {""field"": ""category"", ""value"": ""电影""}, {""field"": ""tag"", ""value"": ""悬疑""}]}, ""retext"": ""想看评分高的国内悬疑电影日语的"", ""sort"": {""rate"": {""order"": ""desc""}}}",Y,N,N,923.6,"query: gold={""and"": [{""field"": ""area"", ""value"": ""国内""}, {""field"": ""category"", ""value"": ""电影""}, {""field"": ""language"", ""value"": ""日语""}, {""field"": ""tag"", ""value"": ""悬疑""}]} pred={""and"": [{""field"": ""category"", ""value"": ""电影""}, {""field"": ""language"", ""value"": ""日语""}, {""field"": ""tag"", ""value"": ""悬疑""}]}; retext: gold=""搜索国内评分高的日语悬疑电影"" pred=""想看评分高的国内悬疑电影日语的"""
5,861003009000014000000712ef2d127de37b942b,5,第1轮,有啥好看的韩剧,22,vod_search_all,"{""action"": ""search"", ""query"": {""and"": [{""field"": ""category"", ""value"": ""电视剧""}, {""field"": ""area"", ""value"": ""韩国""}]}, ""retext"": ""推荐好看的韩剧"", ""sort"": {""rate"": {""order"": ""desc""}}}",vod_search_all,"{""action"": ""search"", ""query"": {""and"": [{""field"": ""area"", ""value"": ""韩国""}, {""field"": ""category"", ""value"": ""电视剧""}]}, ""retext"": ""有啥好看的韩剧"", ""sort"": {""hot"": {""order"": ""desc""}}}",Y,Y,Y,676.7,
5,861003009000014000000712ef2d127de37b942b,5,第2轮,已经完结的,23,vod_search_all,"{""action"": ""search"", ""query"": {""and"": [{""field"": ""category"", ""value"": ""电视剧""}, {""field"": ""area"", ""value"": ""韩国""}, {""field"": ""is_over"", ""value"": 1}]}, ""retext"": ""搜索已完结韩剧""}",vod_search_all,"{""action"": ""search"", ""query"": {""and"": [{""field"": ""area"", ""value"": ""韩国""}, {""field"": ""category"", ""value"": ""电视剧""}, {""field"": ""is_over"", ""value"": 1}]}, ""retext"": ""已经完结的韩剧""}",Y,Y,Y,906.3,
5,861003009000014000000712ef2d127de37b942b,5,第3轮,口碑特别好的,24,vod_search_all,"{""action"": ""search"", ""query"": {""and"": [{""field"": ""category"", ""value"": ""电视剧""}, {""field"": ""area"", ""value"": ""韩国""}, {""field"": ""is_over"", ""value"": 1}]}, ""retext"": ""搜索已完结且口碑好的韩剧"", ""sort"": {""rate"": {""order"": ""desc""}}}",vod_search_all,"{""action"": ""search"", ""query"": {""and"": [{""field"": ""area"", ""value"": ""韩国""}, {""field"": ""category"", ""value"": ""电视剧""}]}, ""retext"": ""口碑特别好的韩剧""}",Y,N,N,974.6,"query: gold={""and"": [{""field"": ""area"", ""value"": ""韩国""}, {""field"": ""category"", ""value"": ""电视剧""}, {""field"": ""is_over"", ""value"": 1}]} pred={""and"": [{""field"": ""area"", ""value"": ""韩国""}, {""field"": ""category"", ""value"": ""电视剧""}]}; retext: gold=""搜索已完结且口碑好的韩剧"" pred=""口碑特别好的韩剧""; sort: gold={""rate"": {""order"": ""desc""}} pred="
5,861003009000014000000712ef2d127de37b942b,5,第4轮,男主帅气点的,25,vod_fuzzy_search,"{""query"": ""已完结口碑好且男主帅气的韩剧""}",vod_search_all,"{""action"": ""search"", ""query"": {""and"": [{""field"": ""area"", ""value"": ""韩国""}, {""field"": ""category"", ""value"": ""电视剧""}]}, ""retext"": ""男主帅气点的韩剧""}",N,Y,N,849.0,tool: gold=vod_fuzzy_search pred=vod_search_all
5,861003009000014000000712ef2d127de37b942b,5,第5轮,免费能看的,26,vod_fuzzy_search,"{""query"": ""可免费观看已完结口碑好且男主帅气的韩剧""}",execute,,N,Y,N,330.4,tool: gold=vod_fuzzy_search pred=execute
6,861003009000014000000712e7f6c011776e8db7,6,第1轮,想看美食纪录片,27,vod_search,"{""action"": ""search"", ""query"": {""and"": [{""field"": ""category"", ""value"": ""纪录片""}, {""field"": ""tag"", ""value"": ""美食""}]}, ""retext"": ""搜索美食纪录片""}",vod_search_all,"{""action"": ""search"", ""query"": {""field"": ""tag"", ""value"": ""美食纪录片""}, ""retext"": ""想看美食纪录片""}",N,Y,N,1102.3,tool: gold=vod_search pred=vod_search_all
6,861003009000014000000712e7f6c011776e8db7,6,第2轮,国产的,28,vod_search_all,"{""action"": ""search"", ""query"": {""and"": [{""field"": ""category"", ""value"": ""纪录片""}, {""field"": ""tag"", ""value"": ""美食""}, {""field"": ""area"", ""value"": ""中国""}]}, ""retext"": ""搜索国产美食纪录片""}",vod_search_all,"{""action"": ""search"", ""query"": {""and"": [{""field"": ""area"", ""value"": ""国产""}, {""field"": ""category"", ""value"": ""纪录片""}, {""field"": ""tag"", ""value"": ""美食""}]}, ""retext"": ""想看国产美食纪录片""}",Y,N,N,703.3,"query: gold={""and"": [{""field"": ""area"", ""value"": ""中国""}, {""field"": ""category"", ""value"": ""纪录片""}, {""field"": ""tag"", ""value"": ""美食""}]} pred={""and"": [{""field"": ""area"", ""value"": ""国产""}, {""field"": ""category"", ""value"": ""纪录片""}, {""field"": ""tag"", ""value"": ""美食""}]}; retext: gold=""搜索国产美食纪录片"" pred=""想看国产美食纪录片"""
6,861003009000014000000712e7f6c011776e8db7,6,第3轮,最近更新的,29,vod_search_all,"{""action"": ""search"", ""query"": {""and"": [{""field"": ""category"", ""value"": ""纪录片""}, {""field"": ""tag"", ""value"": ""美食""}, {""field"": ""area"", ""value"": ""中国""}]}, ""retext"": ""搜索最近更新的国产美食纪录片"", ""sort"": {""new"": {""order"": ""desc""}}}",vod_search_all,"{""action"": ""search"", ""query"": {""and"": [{""field"": ""area"", ""value"": ""国产""}, {""field"": ""category"", ""value"": ""纪录片""}, {""field"": ""tag"", ""value"": ""美食""}]}, ""retext"": ""想看最近更新的国产美食纪录片"", ""sort"": {""new"": {""order"": ""desc""}}}",Y,N,N,780.1,"query: gold={""and"": [{""field"": ""area"", ""value"": ""中国""}, {""field"": ""category"", ""value"": ""纪录片""}, {""field"": ""tag"", ""value"": ""美食""}]} pred={""and"": [{""field"": ""area"", ""value"": ""国产""}, {""field"": ""category"", ""value"": ""纪录片""}, {""field"": ""tag"", ""value"": ""美食""}]}; retext: gold=""搜索最近更新的国产美食纪录片"" pred=""想看最近更新的国产美食纪录片"""
6,861003009000014000000712e7f6c011776e8db7,6,第4轮,评分9分以上的,30,vod_search_all,"{""action"": ""search"", ""query"": {""and"": [{""field"": ""category"", ""value"": ""纪录片""}, {""field"": ""tag"", ""value"": ""美食""}, {""field"": ""area"", ""value"": ""中国""}, {""field"": ""rate"", ""from"": 9, ""to"": 10}]}, ""retext"": ""搜索评分9分以上、最近更新的国产美食纪录片"", ""sort"": {""new"": {""order"": ""desc""}}}",vod_search_all,"{""action"": ""search"", ""query"": {""and"": [{""field"": ""area"", ""value"": ""国产""}, {""field"": ""category"", ""value"": ""纪录片""}, {""field"": ""tag"", ""value"": ""美食""}, {""field"": ""rate"", ""from"": 9.0, ""to"": 10.0}]}, ""retext"": ""想看评分9分以上的最近更新的国产美食纪录片"", ""sort"": {""new"": {""order"": ""desc""}}}",Y,N,N,1118.6,"query: gold={""and"": [{""field"": ""area"", ""value"": ""中国""}, {""field"": ""category"", ""value"": ""纪录片""}, {""field"": ""rate"", ""from"": 9, ""to"": 10}, {""field"": ""tag"", ""value"": ""美食""}]} pred={""and"": [{""field"": ""area"", ""value"": ""国产""}, {""field"": ""category"", ""value"": ""纪录片""}, {""field"": ""rate"", ""from"": 9.0, ""to"": 10.0}, {""field"": ""tag"", ""value"": ""美食""}]}; retext: gold=""搜索评分9分以上、最近更新的国产美食纪录片"" pred=""想看评分9分以上的最近更新的国产美食纪录片"""
6,861003009000014000000712e7f6c011776e8db7,6,第5轮,在上海拍的,31,vod_fuzzy_search,"{""query"": ""在上海拍摄评分9分以上且最近更新的国产美食纪录片""}",vod_search_all,"{""action"": ""search"", ""query"": {""and"": [{""field"": ""area"", ""value"": ""国产""}, {""field"": ""category"", ""value"": ""纪录片""}, {""field"": ""tag"", ""value"": ""美食""}, {""field"": ""rate"", ""from"": 9.0, ""to"": 10.0}]}, ""retext"": ""想看评分9分以上的最近更新的在上海拍的国产美食纪录片"", ""sort"": {""new"": {""order"": ""desc""}}}",N,Y,N,563.1,tool: gold=vod_fuzzy_search pred=vod_search_all
3,8610030090000140000007124e07408562bedb8b,3,第1轮,想看点搞笑综艺,12,vod_search,"{""action"": ""search"", ""query"": {""and"": [{""field"": ""category"", ""value"": ""综艺""}, {""field"": ""tag"", ""value"": ""搞笑""}]}, ""retext"": ""搜索搞笑综艺""}",vod_search,"{""action"": ""search"", ""query"": {""field"": ""tag"", ""value"": ""搞笑综艺""}, ""retext"": ""想看点搞笑综艺""}",Y,Y,Y,1316.5,
3,8610030090000140000007124e07408562bedb8b,3,第2轮,周六播出的,13,vod_fuzzy_search,"{""query"": ""周六播出的搞笑综艺""}",vod_fuzzy_search,"{""query"": ""周六播出的搞笑综艺""}",Y,Y,Y,5555.4,
3,8610030090000140000007124e07408562bedb8b,3,第3轮,有明星嘉宾的,14,vod_fuzzy_search,"{""query"": ""周六播出且有明星嘉宾的搞笑综艺""}",vod_fuzzy_search,"{""query"": ""周六播出的有明星嘉宾的搞笑综艺""}",Y,Y,Y,4726.8,
3,8610030090000140000007124e07408562bedb8b,3,第4轮,新一季的,15,vod_fuzzy_search,"{""query"": ""周六播出有明星嘉宾的最新一季搞笑综艺""}",vod_search,"{""action"": ""search"", ""query"": {""and"": [{""field"": ""title"", ""value"": ""你好星期六""}, {""field"": ""release_time"", ""from"": ""20240101"", ""to"": ""20241231""}]}, ""retext"": ""你好，星期六2024""}",N,Y,N,1820.4,tool: gold=vod_fuzzy_search pred=vod_search
3,8610030090000140000007124e07408562bedb8b,3,第5轮,能免费看的,16,vod_fuzzy_search,"{""query"": ""可免费观看周六播出有明星嘉宾的最新一季搞笑综艺""}",vod_search,"{""action"": ""search"", ""query"": {""field"": ""is_fee"", ""value"": 0}, ""retext"": ""能免费看的你好，星期六2024""}",N,Y,N,1398.3,tool: gold=vod_fuzzy_search pred=vod_search
2,861003009000014000000712d4735e3a265e16ee,2,第1轮,有什么古装剧在播,7,vod_search,"{""action"": ""search"", ""query"": {""and"": [{""field"": ""category"", ""value"": ""电视剧""}, {""field"": ""tag"", ""value"": ""古装""}, {""field"": ""is_over"", ""value"": 0}]}, ""retext"": ""搜索正在播出的古装剧""}",vod_search,"{""action"": ""search"", ""query"": {""and"": [{""field"": ""category"", ""value"": ""电视剧""}, {""field"": ""tag"", ""value"": ""古装""}, {""field"": ""is_over"", ""value"": 0}]}, ""retext"": ""有什么古装剧在播""}",Y,Y,Y,2326.4,
2,861003009000014000000712d4735e3a265e16ee,2,第2轮,最近开播的那种,8,vod_search,"{""action"": ""search"", ""query"": {""and"": [{""field"": ""category"", ""value"": ""电视剧""}, {""field"": ""tag"", ""value"": ""古装""}]}, ""retext"": ""搜索最近开播的古装剧"", ""sort"": {""new"": {""order"": ""desc""}}}",vod_search,"{""action"": ""search"", ""query"": {""and"": [{""field"": ""category"", ""value"": ""电视剧""}, {""field"": ""tag"", ""value"": ""古装""}]}, ""retext"": ""有什么古装剧最近开播"", ""sort"": {""new"": {""order"": ""desc""}}}",Y,Y,Y,1266.6,
2,861003009000014000000712d4735e3a265e16ee,2,第3轮,女主演技好点的,9,vod_fuzzy_search,"{""query"": ""最近开播、女主演技好的古装剧""}",vod_search,"{""action"": ""search"", ""query"": {""and"": [{""field"": ""actor"", ""value"": ""什么古装剧最近开播女""}, {""field"": ""category"", ""value"": ""电视剧""}, {""field"": ""tag"", ""value"": ""古装""}]}, ""retext"": ""有什么古装剧最近开播女主演技好点的"", ""sort"": {""new"": {""order"": ""desc""}}}",N,Y,N,2015.9,tool: gold=vod_fuzzy_search pred=vod_search
2,861003009000014000000712d4735e3a265e16ee,2,第4轮,集数别太长的,10,vod_fuzzy_search,"{""query"": ""最近开播、女主演技好且集数较短的古装剧""}",vod_fuzzy_search,"{""query"": ""有什么古装剧最近开播女主演技好点集数别太长的""}",Y,Y,Y,5547.9,
2,861003009000014000000712d4735e3a265e16ee,2,第5轮,有没有免费的,11,vod_fuzzy_search,"{""query"": ""免费、集数较短、女主演技好的最近开播古装剧""}",vod_fuzzy_search,"{""query"": ""有什么古装剧最近开播女主演技好点集数别太长的免费的""}",Y,Y,Y,5749.3,
9,86100300900001400000071219581e27de7ced00,9,第1轮,想看宫崎骏的动画,42,vod_search_all,"{""action"": ""search"", ""query"": {""and"": [{""field"": ""tag"", ""value"": ""动画""}, {""or"": [{""field"": ""writer"", ""value"": ""宫崎骏""}, {""field"": ""director"", ""value"": ""宫崎骏""}]}]}, ""retext"": ""想看宫崎骏的动画""}",vod_search,"{""action"": ""search"", ""query"": {""and"": [{""field"": ""director"", ""value"": ""宫崎骏""}, {""field"": ""tag"", ""value"": ""动画""}]}, ""retext"": ""想看宫崎骏的动画""}",N,N,N,1839.3,tool: gold=vod_search_all pred=vod_search
9,86100300900001400000071219581e27de7ced00,9,第2轮,日本的那版,43,vod_search_all,"{""action"": ""search"", ""query"": {""and"": [{""field"": ""area"", ""value"": ""日本""}, {""field"": ""tag"", ""value"": ""动画""}, {""or"": [{""field"": ""writer"", ""value"": ""宫崎骏""}, {""field"": ""director"", ""value"": ""宫崎骏""}]}]}, ""retext"": ""搜索日本的宫崎骏动画""}",vod_search_all,"{""action"": ""search"", ""query"": {""and"": [{""field"": ""area"", ""value"": ""日本""}, {""field"": ""category"", ""value"": ""动漫""}]}, ""retext"": ""想看日本版的宫崎骏动画""}",Y,N,N,948.8,"query: gold={""and"": [{""field"": ""area"", ""value"": ""日本""}, {""field"": ""tag"", ""value"": ""动画""}, {""or"": [{""field"": ""director"", ""value"": ""宫崎骏""}, {""field"": ""writer"", ""value"": ""宫崎骏""}]}]} pred={""and"": [{""field"": ""area"", ""value"": ""日本""}, {""field"": ""category"", ""value"": ""动漫""}]}; retext: gold=""搜索日本的宫崎骏动画"" pred=""想看日本版的宫崎骏动画"""
9,86100300900001400000071219581e27de7ced00,9,第3轮,治愈系的,44,vod_fuzzy_search,"{""query"": ""搜索日本治愈系的宫崎骏动画""}",vod_search,"{""action"": ""search"", ""query"": {""and"": [{""field"": ""director"", ""value"": ""宫崎骏""}, {""field"": ""category"", ""value"": ""动画""}, {""field"": ""tag"", ""value"": ""治愈系""}]}, ""retext"": ""想看治愈系的宫崎骏动画""}",N,Y,N,1414.7,tool: gold=vod_fuzzy_search pred=vod_search
9,86100300900001400000071219581e27de7ced00,9,第4轮,有国语版吗,45,vod_fuzzy_search,"{""query"": ""搜索有国语版的日本治愈系宫崎骏动画""}",educ_search,"{""query"": {""and"": [{""field"": ""content_type"", ""value"": ""动画""}, {""field"": ""language"", ""value"": ""国语版""}]}, ""retext"": ""想看治愈系的宫崎骏动画的国语版""}",N,Y,N,1441.2,tool: gold=vod_fuzzy_search pred=educ_search
9,86100300900001400000071219581e27de7ced00,9,第5轮,高清画质的,46,vod_fuzzy_search,"{""query"": ""搜索高清国语版日本治愈系宫崎骏动画""}",educ_search,"{""query"": {""and"": [{""field"": ""content_type"", ""value"": ""动画""}, {""field"": ""language"", ""value"": ""国语版""}]}, ""retext"": ""想看治愈系的宫崎骏动画的国语版高清画质""}",N,Y,N,1107.4,tool: gold=vod_fuzzy_search pred=educ_search
7,8610030090000140000007127902699be42c8a8e,7,第1轮,有啥好看的科幻片,32,vod_search,"{""action"": ""search"", ""query"": {""and"": [{""field"": ""category"", ""value"": ""电影""}, {""field"": ""tag"", ""value"": ""科幻""}]}, ""retext"": ""推荐科幻电影""}",vod_search,"{""action"": ""search"", ""query"": {""and"": [{""field"": ""category"", ""value"": ""电影""}, {""field"": ""tag"", ""value"": ""科幻""}]}, ""retext"": ""有啥好看的科幻片"", ""sort"": {""hot"": {""order"": ""desc""}}}",Y,Y,Y,1828.4,
7,8610030090000140000007127902699be42c8a8e,7,第2轮,国外的,33,vod_search_all,"{""action"": ""search"", ""query"": {""and"": [{""field"": ""category"", ""value"": ""电影""}, {""field"": ""tag"", ""value"": ""科幻""}, {""field"": ""area"", ""value"": ""国外""}]}, ""retext"": ""推荐国外科幻电影""}",vod_search,"{""action"": ""search"", ""query"": {""and"": [{""field"": ""category"", ""value"": ""电影""}, {""field"": ""tag"", ""value"": ""科幻""}]}, ""retext"": ""有啥好看的国外科幻片"", ""sort"": {""hot"": {""order"": ""desc""}}}",N,N,N,1476.2,tool: gold=vod_search_all pred=vod_search
7,8610030090000140000007127902699be42c8a8e,7,第3轮,近三年的,34,vod_search_all,"{""action"": ""search"", ""query"": {""and"": [{""field"": ""category"", ""value"": ""电影""}, {""field"": ""tag"", ""value"": ""科幻""}, {""field"": ""area"", ""value"": ""国外""}, {""field"": ""release_time"", ""from"": ""20230831"", ""to"": ""20260831""}]}, ""retext"": ""推荐近三年的国外科幻电影""}",vod_search,"{""action"": ""search"", ""query"": {""and"": [{""field"": ""category"", ""value"": ""电影""}, {""field"": ""tag"", ""value"": ""科幻""}]}, ""retext"": ""有啥好看的国外科幻片"", ""sort"": {""hot"": {""order"": ""desc""}}}",N,N,N,1182.8,tool: gold=vod_search_all pred=vod_search
7,8610030090000140000007127902699be42c8a8e,7,第4轮,视觉震撼的,35,vod_fuzzy_search,"{""query"": ""近三年国外且视觉震撼的科幻电影""}",vod_fuzzy_search,"{""query"": ""视觉震撼的""}",Y,Y,Y,4372.1,
7,8610030090000140000007127902699be42c8a8e,7,第5轮,适合带娃看的,36,vod_fuzzy_search,"{""query"": ""近三年国外视觉震撼且适合带孩子观看的科幻电影""}",educ_fuzzy_search,"{""query"": ""适合带娃看的""}",N,Y,N,746.5,tool: gold=vod_fuzzy_search pred=educ_fuzzy_search
19,8610030090000140000007129400f1b21cb527d7,1,第1轮,有三年级的数学课吗,92,edu_search,"{""query"": {""and"": [{""field"": ""grade"", ""value"": ""三年级""}, {""field"": ""first_subject"", ""value"": ""数学""}, {""field"": ""k12_category"", ""operator"": ""or"", ""values"": [""同步课"", ""同步拓展课""]}]}}",edu_search,"{""query"": {""and"": [{""field"": ""grade"", ""value"": ""三年级""}, {""field"": ""first_subject"", ""value"": ""数学""}, {""field"": ""k12_category"", ""operator"": ""or"", ""values"": [""同步课"", ""同步拓展课""]}]}}",Y,Y,Y,860.2,
19,8610030090000140000007129400f1b21cb527d7,1,第2轮,北师大版的,93,edu_search,"{""query"": {""and"": [{""field"": ""grade"", ""value"": ""三年级""}, {""field"": ""first_subject"", ""value"": ""数学""}, {""field"": ""material_version"", ""value"": ""北师大版""}, {""field"": ""k12_category"", ""operator"": ""or"", ""values"": [""同步课"", ""同步拓展课""]}]}}",edu_search,"{""query"": {""and"": [{""field"": ""grade"", ""value"": ""三年级""}, {""field"": ""material_version"", ""value"": ""北师大版""}, {""field"": ""first_subject"", ""value"": ""数学""}, {""field"": ""k12_category"", ""operator"": ""or"", ""values"": [""同步课"", ""同步拓展课""]}]}}",Y,Y,Y,1103.0,
19,8610030090000140000007129400f1b21cb527d7,1,第3轮,免费的,94,edu_search,"{""query"": {""and"": [{""field"": ""grade"", ""value"": ""三年级""}, {""field"": ""first_subject"", ""value"": ""数学""}, {""field"": ""material_version"", ""value"": ""北师大版""}, {""field"": ""is_fee"", ""value"": 0}, {""field"": ""k12_category"", ""operator"": ""or"", ""values"": [""同步课"", ""同步拓展课""]}]}}",edu_search,"{""query"": {""and"": [{""field"": ""grade"", ""value"": ""三年级""}, {""field"": ""material_version"", ""value"": ""北师大版""}, {""field"": ""is_fee"", ""value"": 0}, {""field"": ""first_subject"", ""value"": ""数学""}, {""field"": ""k12_category"", ""operator"": ""or"", ""values"": [""同步课"", ""同步拓展课""]}]}}",Y,Y,Y,398.0,
19,8610030090000140000007129400f1b21cb527d7,1,第4轮,初中二年级的,95,edu_search,"{""query"": {""and"": [{""field"": ""grade"", ""value"": ""八年级""}, {""field"": ""first_subject"", ""value"": ""数学""}, {""field"": ""material_version"", ""value"": ""北师大版""}, {""field"": ""is_fee"", ""value"": 0}, {""field"": ""k12_category"", ""operator"": ""or"", ""values"": [""同步课"", ""同步拓展课""]}]}}",edu_search,"{""query"": {""and"": [{""field"": ""grade"", ""value"": ""八年级""}, {""field"": ""k12_category"", ""operator"": ""or"", ""values"": [""同步课"", ""同步拓展课""]}]}}",Y,N,N,861.1,"query: gold={""and"": [{""field"": ""first_subject"", ""value"": ""数学""}, {""field"": ""grade"", ""value"": ""八年级""}, {""field"": ""is_fee"", ""value"": 0}, {""field"": ""k12_category"", ""operator"": ""or"", ""values"": [""同步拓展课"", ""同步课""]}, {""field"": ""material_version"", ""value"": ""北师大版""}]} pred={""and"": [{""field"": ""grade"", ""value"": ""八年级""}, {""field"": ""k12_category"", ""operator"": ""or"", ""values"": [""同步拓展课"", ""同步课""]}]}"
19,8610030090000140000007129400f1b21cb527d7,1,第5轮,有老师讲解的,96,edu_fuzzy_search,"{""query"": ""有老师讲解的""}",edu_search,"{""query"": {""and"": [{""field"": ""grade"", ""value"": ""三年级""}, {""field"": ""material_version"", ""value"": ""北师大版""}, {""field"": ""first_subject"", ""value"": ""数学""}, {""field"": ""k12_category"", ""operator"": ""or"", ""values"": [""同步课"", ""同步拓展课""]}]}}",N,Y,N,849.8,tool: gold=edu_fuzzy_search pred=edu_search
4,8610030090000140000007124b227777d4dd1fc6,4,第1轮,推荐几部动作片,17,vod_search,"{""action"": ""search"", ""query"": {""and"": [{""field"": ""category"", ""value"": ""电影""}, {""field"": ""tag"", ""value"": ""动作""}]}, ""retext"": ""推荐动作电影""}",vod_fuzzy_search,"{""query"": ""推荐几部动作片""}",N,N,N,5717.2,tool: gold=vod_search pred=vod_fuzzy_search
4,8610030090000140000007124b227777d4dd1fc6,4,第2轮,好莱坞的,18,vod_search_all,"{""action"": ""search"", ""query"": {""and"": [{""field"": ""category"", ""value"": ""电影""}, {""field"": ""tag"", ""value"": ""动作""}, {""field"": ""company"", ""value"": ""好莱坞""}]}, ""retext"": ""推荐好莱坞动作电影""}",vod_search_all,"{""action"": ""search"", ""query"": {""and"": [{""field"": ""category"", ""value"": ""电影""}, {""field"": ""tag"", ""value"": ""动作""}, {""field"": ""company"", ""value"": ""好莱坞""}]}, ""retext"": ""推荐几部好莱坞的动作片""}",Y,Y,Y,1198.3,
4,8610030090000140000007124b227777d4dd1fc6,4,第3轮,去年上映的,19,vod_search_all,"{""action"": ""search"", ""query"": {""and"": [{""field"": ""category"", ""value"": ""电影""}, {""field"": ""tag"", ""value"": ""动作""}, {""field"": ""company"", ""value"": ""好莱坞""}, {""field"": ""release_time"", ""from"": ""20250101"", ""to"": ""20251231""}]}, ""retext"": ""搜索2025年上映的好莱坞动作电影""}",fan_knowledge_agent,"{""messages"": [{""content"": ""去年上映的好莱坞动作片"", ""role"": ""user""}], ""need_media"": false, ""riskRespStrategy"": ""all_replace"", ""sceneType"": ""knowledge_qa""}",N,Y,N,3741.5,tool: gold=vod_search_all pred=fan_knowledge_agent
4,8610030090000140000007124b227777d4dd1fc6,4,第4轮,票房高的,20,fan_knowledge_agent,"{""query"": ""2025年上映且票房高的好莱坞动作电影""}",fan_knowledge_agent,"{""messages"": [{""content"": ""搜索去年上映的好莱坞动作片"", ""role"": ""user""}], ""need_media"": false, ""riskRespStrategy"": ""all_replace"", ""sceneType"": ""knowledge_qa""}",Y,Y,Y,8202.3,
4,8610030090000140000007124b227777d4dd1fc6,4,第5轮,有普通话配音,21,fan_knowledge_agent,"{""query"": ""有普通话配音、2025年上映且票房高的好莱坞动作电影""}",fan_knowledge_agent,"{""messages"": [{""content"": ""搜索去年上映的好莱坞动作片"", ""role"": ""user""}], ""need_media"": false, ""riskRespStrategy"": ""all_replace"", ""sceneType"": ""knowledge_qa""}",Y,Y,Y,5389.4,
20,861003009000014000000712f5ca38f748a1d6ea,2,第1轮,想学英语口语,97,edu_fuzzy_search,"{""query"": ""想学英语口语""}",edu_search,"{""query"": {""and"": [{""field"": ""first_subject"", ""value"": ""英语""}, {""field"": ""k12_category"", ""operator"": ""or"", ""values"": [""同步课"", ""同步拓展课""]}]}}",N,Y,N,726.5,tool: gold=edu_fuzzy_search pred=edu_search
20,861003009000014000000712f5ca38f748a1d6ea,2,第2轮,外教教的,98,edu_fuzzy_search,"{""query"": ""外教教的""}",edu_search,"{""query"": {""and"": [{""field"": ""first_subject"", ""value"": ""英语""}, {""field"": ""k12_category"", ""operator"": ""or"", ""values"": [""同步课"", ""同步拓展课""]}]}}",N,Y,N,956.5,tool: gold=edu_fuzzy_search pred=edu_search
20,861003009000014000000712f5ca38f748a1d6ea,2,第3轮,一对一的,99,edu_fuzzy_search,"{""query"": ""一对一的""}",edu_fuzzy_search,"{""query"": ""想学一对一外教教的英语口语""}",Y,Y,Y,452.8,
20,861003009000014000000712f5ca38f748a1d6ea,2,第4轮,价格实惠点,100,edu_fuzzy_search,"{""query"": ""价格实惠点""}",edu_fuzzy_search,"{""query"": ""想学价格实惠的一对一外教教的英语口语""}",Y,Y,Y,712.0,
20,861003009000014000000712f5ca38f748a1d6ea,2,第5轮,不收费的,101,edu_search,"{""query"": {""and"": [{""field"": ""is_fee"", ""value"": 0}, {""field"": ""k12_category"", ""operator"": ""or"", ""values"": [""同步课"", ""同步拓展课""]}]}}",edu_fuzzy_search,"{""query"": ""想学价格实惠的一对一外教教的英语口语""}",N,N,N,596.1,tool: gold=edu_search pred=edu_fuzzy_search
21,8610030090000140000007126f4b6612125fb3a0,3,第1轮,有少儿编程课吗,102,edu_fuzzy_search,"{""query"": ""有少儿编程课吗""}",edu_fuzzy_search,"{""query"": ""有少儿编程课吗""}",Y,Y,Y,408.6,
21,8610030090000140000007126f4b6612125fb3a0,3,第2轮,Python入门的,103,edu_fuzzy_search,"{""query"": ""Python入门的""}",edu_fuzzy_search,"{""query"": ""少儿编程课Python入门""}",Y,Y,Y,354.9,
21,8610030090000140000007126f4b6612125fb3a0,3,第3轮,零基础能学,104,edu_fuzzy_search,"{""query"": ""零基础能学""}",edu_fuzzy_search,"{""query"": ""零基础能学少儿编程课Python入门""}",Y,Y,Y,567.6,
21,8610030090000140000007126f4b6612125fb3a0,3,第4轮,带实战项目,105,edu_fuzzy_search,"{""query"": ""带实战项目""}",edu_fuzzy_search,"{""query"": ""零基础能学少儿编程课Python入门带实战项目""}",Y,Y,Y,795.1,
21,8610030090000140000007126f4b6612125fb3a0,3,第5轮,有试听课的,106,edu_fuzzy_search,"{""query"": ""有试听课的""}",edu_fuzzy_search,"{""query"": ""零基础能学少儿编程课Python入门带实战项目有试听课的""}",Y,Y,Y,670.0,
10,8610030090000140000007124a44dc15364204a8,10,第1轮,有啥二战题材电影,47,vod_search,"{""action"": ""search"", ""query"": {""and"": [{""field"": ""category"", ""value"": ""电影""}, {""field"": ""tag"", ""value"": ""二战""}]}, ""retext"": ""搜索二战题材电影""}",vod_search,"{""action"": ""search"", ""query"": {""and"": [{""field"": ""category"", ""value"": ""电影""}, {""field"": ""tag"", ""value"": ""二战""}]}, ""retext"": ""有啥二战题材电影""}",Y,Y,Y,2062.0,
10,8610030090000140000007124a44dc15364204a8,10,第2轮,美国的,48,vod_search_all,"{""action"": ""search"", ""query"": {""and"": [{""field"": ""category"", ""value"": ""电影""}, {""field"": ""tag"", ""value"": ""二战""}, {""field"": ""area"", ""value"": ""美国""}]}, ""retext"": ""搜索美国二战题材电影""}",vod_search_all,"{""action"": ""search"", ""query"": {""and"": [{""field"": ""area"", ""value"": ""美国""}, {""field"": ""category"", ""value"": ""电影""}]}, ""retext"": ""有啥美国二战题材电影""}",Y,N,N,1322.9,"query: gold={""and"": [{""field"": ""area"", ""value"": ""美国""}, {""field"": ""category"", ""value"": ""电影""}, {""field"": ""tag"", ""value"": ""二战""}]} pred={""and"": [{""field"": ""area"", ""value"": ""美国""}, {""field"": ""category"", ""value"": ""电影""}]}; retext: gold=""搜索美国二战题材电影"" pred=""有啥美国二战题材电影"""
10,8610030090000140000007124a44dc15364204a8,10,第3轮,经典老片,49,vod_fuzzy_search,"{""query"": ""搜索美国经典二战电影""}",vod_search,"{""action"": ""search"", ""query"": {""field"": ""tag"", ""value"": ""经典老片""}, ""retext"": ""经典老片""}",N,Y,N,1192.5,tool: gold=vod_fuzzy_search pred=vod_search
10,8610030090000140000007124a44dc15364204a8,10,第4轮,有中文字幕,50,vod_fuzzy_search,"{""query"": ""有中文字幕的美国经典二战老电影""}",vod_fuzzy_search,"{""query"": ""有啥美国二战题材电影经典老片中文字幕""}",Y,Y,Y,4984.7,
10,8610030090000140000007124a44dc15364204a8,10,第5轮,黑白的那种也行,51,vod_fuzzy_search,"{""query"": ""有中文字幕的美国经典二战老电影黑白片也可以""}",vod_fuzzy_search,"{""query"": ""有啥美国二战题材电影经典老片中文字幕黑白的那种也行""}",Y,Y,Y,3787.9,
8,8610030090000140000007122c624232cdd22177,8,第1轮,推荐国产恐怖片,37,vod_search_all,"{""action"": ""search"", ""query"": {""and"": [{""field"": ""category"", ""value"": ""电影""}, {""field"": ""tag"", ""value"": ""恐怖""}, {""field"": ""area"", ""value"": ""中国""}]}, ""retext"": ""推荐国产恐怖电影""}",vod_search_all,"{""action"": ""search"", ""query"": {""and"": [{""field"": ""area"", ""value"": ""国产""}, {""field"": ""category"", ""value"": ""电影""}, {""field"": ""tag"", ""value"": ""恐怖""}]}, ""retext"": ""推荐国产恐怖片""}",Y,N,N,760.3,"query: gold={""and"": [{""field"": ""area"", ""value"": ""中国""}, {""field"": ""category"", ""value"": ""电影""}, {""field"": ""tag"", ""value"": ""恐怖""}]} pred={""and"": [{""field"": ""area"", ""value"": ""国产""}, {""field"": ""category"", ""value"": ""电影""}, {""field"": ""tag"", ""value"": ""恐怖""}]}; retext: gold=""推荐国产恐怖电影"" pred=""推荐国产恐怖片"""
8,8610030090000140000007122c624232cdd22177,8,第2轮,今年上映的,38,vod_search_all,"{""action"": ""search"", ""query"": {""and"": [{""field"": ""category"", ""value"": ""电影""}, {""field"": ""tag"", ""value"": ""恐怖""}, {""field"": ""area"", ""value"": ""中国""}, {""field"": ""release_time"", ""from"": ""20260101"", ""to"": ""20261231""}]}, ""retext"": ""搜索2026年上映的国产恐怖电影""}",fan_knowledge_agent,"{""messages"": [{""content"": ""今年上映的国产恐怖片"", ""role"": ""user""}], ""need_media"": false, ""riskRespStrategy"": ""all_replace"", ""sceneType"": ""knowledge_qa""}",N,Y,N,3465.1,tool: gold=vod_search_all pred=fan_knowledge_agent
8,8610030090000140000007122c624232cdd22177,8,第3轮,不太吓人的,39,vod_fuzzy_search,"{""query"": ""2026年上映不太吓人的国产恐怖电影""}",fan_knowledge_agent,"{""messages"": [{""content"": ""今年上映的不太吓人的国产恐怖片"", ""role"": ""user""}], ""need_media"": false, ""riskRespStrategy"": ""all_replace"", ""sceneType"": ""knowledge_qa""}",N,Y,N,4207.2,tool: gold=vod_fuzzy_search pred=fan_knowledge_agent
8,8610030090000140000007122c624232cdd22177,8,第4轮,剧情好点的,40,vod_fuzzy_search,"{""query"": ""2026年上映不太吓人且剧情好的国产恐怖电影""}",fan_knowledge_agent,"{""messages"": [{""content"": ""搜索今年上映的国产恐怖片"", ""role"": ""user""}], ""need_media"": false, ""riskRespStrategy"": ""all_replace"", ""sceneType"": ""knowledge_qa""}",N,Y,N,5975.1,tool: gold=vod_fuzzy_search pred=fan_knowledge_agent
8,8610030090000140000007122c624232cdd22177,8,第5轮,时长一个半小时,41,vod_fuzzy_search,"{""query"": ""时长约90分钟2026年上映不太吓人且剧情好的国产恐怖电影""}",fan_knowledge_agent,"{""messages"": [{""content"": ""搜索今年上映的国产恐怖片"", ""role"": ""user""}], ""need_media"": false, ""riskRespStrategy"": ""all_replace"", ""sceneType"": ""knowledge_qa""}",N,Y,N,6689.9,tool: gold=vod_fuzzy_search pred=fan_knowledge_agent
22,861003009000014000000712785f3ec7eb32f30b,4,第1轮,小学必背古诗有哪些,107,edu_search,"{""query"": ""小学必背古诗有哪些""}",edu_search,"{""query"": {""and"": [{""field"": ""figures"", ""value"": ""小学""}, {""field"": ""k12_category"", ""operator"": ""or"", ""values"": [""同步课"", ""同步拓展课""]}]}}",Y,N,N,749.5,"query: gold=""小学必背古诗有哪些"" pred={""and"": [{""field"": ""figures"", ""value"": ""小学""}, {""field"": ""k12_category"", ""operator"": ""or"", ""values"": [""同步拓展课"", ""同步课""]}]}"
22,861003009000014000000712785f3ec7eb32f30b,4,第2轮,带讲解的,108,edu_search,"{""query"": ""带讲解的""}",edu_search,"{""query"": {""and"": [{""field"": ""figures"", ""value"": ""小学""}, {""field"": ""k12_category"", ""operator"": ""or"", ""values"": [""同步课"", ""同步拓展课""]}]}}",Y,N,N,732.0,"query: gold=""带讲解的"" pred={""and"": [{""field"": ""figures"", ""value"": ""小学""}, {""field"": ""k12_category"", ""operator"": ""or"", ""values"": [""同步拓展课"", ""同步课""]}]}"
22,861003009000014000000712785f3ec7eb32f30b,4,第3轮,动画形式的,109,edu_fuzzy_search,"{""query"": ""动画形式的""}",educ_search,"{""query"": {""and"": [{""field"": ""content_type"", ""value"": ""动画""}, {""field"": ""children_third_genre"", ""value"": ""古诗""}]}, ""retext"": ""带讲解的小学必背古诗动画形式的""}",N,Y,N,1218.4,tool: gold=edu_fuzzy_search pred=educ_search
22,861003009000014000000712785f3ec7eb32f30b,4,第4轮,有朗读示范,110,edu_search,"{""query"": ""有朗读示范""}",educ_search,"{""query"": {""and"": [{""field"": ""content_type"", ""value"": ""动画""}, {""field"": ""children_third_genre"", ""value"": ""古诗""}]}, ""retext"": ""带讲解的小学必背古诗动画形式的有朗读示范""}",N,N,N,1151.2,tool: gold=edu_search pred=educ_search
22,861003009000014000000712785f3ec7eb32f30b,4,第5轮,按年级分类,111,edu_search,"{""query"": ""按年级分类""}",educ_search,"{""query"": {""and"": [{""field"": ""content_type"", ""value"": ""动画""}, {""field"": ""children_third_genre"", ""value"": ""古诗""}]}, ""retext"": ""带讲解的小学必背古诗动画形式的有朗读示范按年级分类""}",N,N,N,1654.9,tool: gold=edu_search pred=educ_search
16,861003009000014000000712b17ef6d19c7a5b1e,2,第1轮,把音量调大点,77,numeric_adjust,"{""device"": """", ""location"": """", ""object"": ""音量"", ""operation"": ""提高"", ""value"": """"}",numeric_adjust,"{""device"": """", ""location"": """", ""object"": ""音量"", ""operation"": ""提高"", ""value"": """"}",Y,Y,Y,401.7,
16,861003009000014000000712b17ef6d19c7a5b1e,2,第2轮,再大一点,78,numeric_adjust,"{""device"": """", ""location"": """", ""object"": ""音量"", ""operation"": ""提高"", ""value"": """"}",numeric_adjust,"{""device"": """", ""location"": """", ""object"": ""音量"", ""operation"": ""提高"", ""value"": """"}",Y,Y,Y,570.9,
16,861003009000014000000712b17ef6d19c7a5b1e,2,第3轮,调到30吧,79,numeric_adjust,"{""device"": """", ""location"": """", ""object"": ""音量"", ""operation"": ""设置"", ""value"": ""30""}",numeric_adjust,"{""device"": """", ""location"": """", ""object"": ""音量"", ""operation"": ""设置"", ""value"": ""30""}",Y,Y,Y,616.0,
16,861003009000014000000712b17ef6d19c7a5b1e,2,第4轮,再调大点,80,numeric_adjust,"{""device"": """", ""location"": """", ""object"": ""音量"", ""operation"": ""提高"", ""value"": """"}",numeric_adjust,"{""device"": """", ""location"": """", ""object"": ""音量"", ""operation"": ""提高"", ""value"": """"}",Y,Y,Y,621.4,
16,861003009000014000000712b17ef6d19c7a5b1e,2,第5轮,调小点吧,81,numeric_adjust,"{""device"": """", ""location"": """", ""object"": ""音量"", ""operation"": ""降低"", ""value"": """"}",numeric_adjust,"{""device"": """", ""location"": """", ""object"": ""音量"", ""operation"": ""降低"", ""value"": """"}",Y,Y,Y,646.2,
17,8610030090000140000007124523540f1504cd17,3,第1轮,色度太低了,82,numeric_adjust,"{""device"": """", ""location"": """", ""object"": ""色度"", ""operation"": ""提高"", ""value"": """"}",numeric_adjust,"{""device"": """", ""location"": """", ""object"": ""色度"", ""operation"": ""降低"", ""value"": """"}",Y,N,N,433.9,"operation: gold=""提高"" pred=""降低"""
17,8610030090000140000007124523540f1504cd17,3,第2轮,太高点,83,numeric_adjust,"{""device"": """", ""location"": """", ""object"": ""色度"", ""operation"": ""提高"", ""value"": """"}",numeric_adjust,"{""device"": """", ""location"": """", ""object"": ""色度"", ""operation"": ""提高"", ""value"": ""10""}",Y,Y,Y,651.3,
17,8610030090000140000007124523540f1504cd17,3,第3轮,调一下对比度,84,numeric_adjust,"{""device"": """", ""location"": """", ""object"": ""对比度"", ""operation"": ""设置"", ""value"": """"}",numeric_adjust,"{""device"": """", ""location"": """", ""object"": ""对比度"", ""operation"": ""设置"", ""value"": """"}",Y,Y,Y,620.8,
17,8610030090000140000007124523540f1504cd17,3,第4轮,调高点,85,numeric_adjust,"{""device"": """", ""location"": """", ""object"": ""对比度"", ""operation"": ""提高"", ""value"": """"}",numeric_adjust,"{""device"": """", ""location"": """", ""object"": ""对比度"", ""operation"": ""提高"", ""value"": ""默认""}",Y,Y,Y,628.2,
17,8610030090000140000007124523540f1504cd17,3,第5轮,改成调亮度,86,numeric_adjust,"{""device"": """", ""location"": """", ""object"": ""亮度"", ""operation"": ""设置"", ""value"": """"}",numeric_adjust,"{""device"": """", ""location"": """", ""object"": ""亮度"", ""operation"": ""提高"", ""value"": """"}",Y,N,N,563.5,"operation: gold=""设置"" pred=""提高"""
18,8610030090000140000007124ec9599fc203d176,4,第1轮,电视画面调亮点,87,numeric_adjust,"{""device"": """", ""location"": """", ""object"": ""亮度"", ""operation"": ""提高"", ""value"": """"}",numeric_adjust,"{""device"": """", ""location"": """", ""object"": ""亮度"", ""operation"": ""提高"", ""value"": """"}",Y,Y,Y,350.5,
18,8610030090000140000007124ec9599fc203d176,4,第2轮,调暗点,88,numeric_adjust,"{""device"": """", ""location"": """", ""object"": ""亮度"", ""operation"": ""降低"", ""value"": """"}",numeric_adjust,"{""device"": """", ""location"": """", ""object"": ""亮度"", ""operation"": ""降低"", ""value"": """"}",Y,Y,Y,592.8,
18,8610030090000140000007124ec9599fc203d176,4,第3轮,太暗了,89,numeric_adjust,"{""device"": """", ""location"": """", ""object"": ""亮度"", ""operation"": ""提高"", ""value"": """"}",numeric_adjust,"{""device"": """", ""location"": """", ""object"": ""亮度"", ""operation"": ""提高"", ""value"": """"}",Y,Y,Y,599.1,
18,8610030090000140000007124ec9599fc203d176,4,第4轮,再调亮点,90,numeric_adjust,"{""device"": """", ""location"": """", ""object"": ""亮度"", ""operation"": ""提高"", ""value"": """"}",numeric_adjust,"{""device"": """", ""location"": """", ""object"": ""亮度"", ""operation"": ""提高"", ""value"": """"}",Y,Y,Y,633.2,
18,8610030090000140000007124ec9599fc203d176,4,第5轮,调到最大,91,numeric_adjust,"{""device"": """", ""location"": """", ""object"": ""亮度"", ""operation"": ""设置"", ""value"": ""最大""}",numeric_adjust,"{""device"": """", ""location"": """", ""object"": ""亮度"", ""operation"": ""设置"", ""value"": ""100%""}",Y,N,N,594.2,"value: gold=""最大"" pred=""100%"""
15,861003009000014000000712e629fa6598d73276,1,第1轮,设置定时关机,72,timer_control,"{""date_time"": ""定时"", ""device"": """", ""location"": """", ""object"": ""关机"", ""operation"": ""打开"", ""value"": """"}",timer_control,"{""date_time"": ""定时"", ""device"": """", ""location"": """", ""object"": ""关机"", ""operation"": ""打开""}",Y,Y,Y,333.1,
15,861003009000014000000712e629fa6598d73276,1,第2轮,两个小时后,73,timer_control,"{""date_time"": ""2小时"", ""device"": """", ""location"": """", ""object"": ""关机"", ""operation"": ""打开"", ""value"": """"}",timer_control,"{""date_time"": ""定时"", ""device"": """", ""location"": """", ""object"": ""关机"", ""operation"": ""打开""}",Y,N,N,4207.4,"date_time: gold=""2小时"" pred=""定时"""
15,861003009000014000000712e629fa6598d73276,1,第3轮,改成3个小时,74,timer_control,"{""date_time"": ""3小时"", ""device"": """", ""location"": """", ""object"": ""关机"", ""operation"": ""打开"", ""value"": """"}",timer_control,"{""date_time"": ""定时"", ""device"": """", ""location"": """", ""object"": ""关机"", ""operation"": ""打开""}",Y,N,N,3832.7,"date_time: gold=""3小时"" pred=""定时"""
15,861003009000014000000712e629fa6598d73276,1,第4轮,取消,75,timer_control,"{""device"": """", ""location"": """", ""object"": ""关机"", ""operation"": ""关闭"", ""value"": """"}",execute,,N,Y,N,368.8,tool: gold=timer_control pred=execute
15,861003009000014000000712e629fa6598d73276,1,第5轮,设成10点,76,timer_control,"{""date_time"": ""10:00"", ""device"": """", ""location"": """", ""object"": ""关机"", ""operation"": ""打开"", ""value"": """"}",timer_control,"{""date_time"": ""定时"", ""device"": """", ""location"": """", ""object"": ""关机"", ""operation"": ""打开""}",Y,N,N,526.7,"date_time: gold=""10:00"" pred=""定时"""
24,861003009000014000000712c2356069e9d1e79c,2,第1轮,放点周杰伦的歌,117,music_song_search,"{""retext"": ""播放周杰伦的歌"", ""singer"": [""周杰伦""]}",music_song_search,"{""retext"": ""放点周杰伦的歌"", ""singer"": [""周杰伦""]}",Y,Y,Y,491.8,
24,861003009000014000000712c2356069e9d1e79c,2,第2轮,最有名的那首,118,music_song_search,"{""retext"": ""播放周杰伦最有名的歌"", ""singer"": [""周杰伦""], ""tag"": [""经典""]}",music_song_search,"{""retext"": ""周杰伦最有名的歌"", ""singer"": [""周杰伦""]}",Y,Y,Y,623.1,
24,861003009000014000000712c2356069e9d1e79c,2,第3轮,2026年的,119,music_song_search,"{""retext"": ""播放周杰伦2026年最有名的歌"", ""singer"": [""周杰伦""], ""tag"": [""2026年"", ""经典""]}",music_song_search,"{""retext"": ""周杰伦2026年的歌"", ""singer"": [""周杰伦""]}",Y,Y,Y,694.6,
24,861003009000014000000712c2356069e9d1e79c,2,第4轮,歌名是英文的那个,120,music_song_search,"{""retext"": ""播放周杰伦2026年最有名且歌名为英文的歌"", ""singer"": [""周杰伦""], ""tag"": [""2026年"", ""经典"", ""英文歌名""]}",music_song_search,"{""retext"": ""周杰伦的英文名歌曲"", ""singer"": [""周杰伦""]}",Y,Y,Y,605.4,
24,861003009000014000000712c2356069e9d1e79c,2,第5轮,换成张靓颖的吧,121,music_song_search,"{""retext"": ""播放张靓颖2026年歌名为英文的知名歌曲"", ""singer"": [""张靓颖""], ""tag"": [""2026年"", ""经典"", ""英文歌名""]}",music_song_search,"{""retext"": ""放点张靓颖的歌""}",Y,Y,Y,719.8,
23,861003009000014000000712535fa30d7e25dd8a,1,第1轮,推荐几首流行歌,112,music_song_search,"{""retext"": ""推荐流行歌曲"", ""tag"": [""流行""]}",music_song_search,"{""retext"": ""推荐几首流行歌"", ""tag"": [""流行""]}",Y,Y,Y,479.4,
23,861003009000014000000712535fa30d7e25dd8a,1,第2轮,华语的,113,music_song_search,"{""retext"": ""推荐华语流行歌曲"", ""tag"": [""华语"", ""流行""]}",music_song_search,"{""retext"": ""推荐几首华语流行歌"", ""tag"": [""流行"", ""华语""]}",Y,Y,Y,891.3,
23,861003009000014000000712535fa30d7e25dd8a,1,第3轮,男歌手唱的,114,music_song_search,"{""gender"": [""男""], ""retext"": ""推荐华语男歌手的流行歌曲"", ""tag"": [""华语"", ""流行""]}",music_song_search,"{""retext"": ""推荐几首男歌手唱的华语流行歌"", ""tag"": [""流行"", ""华语""]}",Y,Y,Y,744.0,
23,861003009000014000000712535fa30d7e25dd8a,1,第4轮,最新的,115,music_song_search,"{""gender"": [""男""], ""retext"": ""推荐最新的华语男歌手流行歌曲"", ""tag"": [""华语"", ""流行"", ""最新""]}",music_song_search,"{""retext"": ""推荐几首男歌手唱的华语流行歌中最新的"", ""tag"": [""流行"", ""华语""]}",Y,N,N,807.9,"gender: gold=[""男""] pred=; retext: gold=""推荐最新的华语男歌手流行歌曲"" pred=""推荐几首男歌手唱的华语流行歌中最新的""; tag: gold=[""华语"", ""最新"", ""流行""] pred=[""华语"", ""流行""]"
23,861003009000014000000712535fa30d7e25dd8a,1,第5轮,免费能听的,116,music_song_search,"{""gender"": [""男""], ""retext"": ""推荐免费收听的最新华语男歌手流行歌曲"", ""tag"": [""华语"", ""流行"", ""最新""], ""version"": [""免费版""]}",music_song_search,"{""retext"": ""推荐几首男歌手唱的华语流行歌中最新的免费能听的"", ""tag"": [""流行"", ""华语""], ""version"": [""免费版""]}",Y,N,N,1009.1,"gender: gold=[""男""] pred=; retext: gold=""推荐免费收听的最新华语男歌手流行歌曲"" pred=""推荐几首男歌手唱的华语流行歌中最新的免费能听的""; tag: gold=[""华语"", ""最新"", ""流行""] pred=[""华语"", ""流行""]"
25,861003009000014000000712b7a56873cd771f2c,3,第1轮,想听点摇滚乐,122,music_song_search,"{""retext"": ""推荐摇滚乐"", ""tag"": [""摇滚""]}",music_song_search,"{""retext"": ""想听点摇滚乐"", ""tag"": [""摇滚""]}",Y,Y,Y,542.7,
25,861003009000014000000712b7a56873cd771f2c,3,第2轮,国外乐队的,123,music_song_search,"{""retext"": ""推荐国外乐队的摇滚乐"", ""tag"": [""摇滚"", ""国外乐队""]}",music_song_search,"{""retext"": ""想听国外乐队的摇滚乐"", ""tag"": [""摇滚""]}",Y,N,N,748.7,"retext: gold=""推荐国外乐队的摇滚乐"" pred=""想听国外乐队的摇滚乐""; tag: gold=[""国外乐队"", ""摇滚""] pred=[""摇滚""]"
25,861003009000014000000712b7a56873cd771f2c,3,第3轮,演唱会现场版,124,music_song_search,"{""retext"": ""推荐国外乐队的演唱会现场版摇滚乐"", ""tag"": [""摇滚"", ""国外乐队"", ""演唱会""], ""version"": [""live版""]}",music_song_search,"{""retext"": ""想听国外乐队的摇滚乐演唱会现场版"", ""tag"": [""演唱会"", ""摇滚""]}",Y,N,N,740.4,"retext: gold=""推荐国外乐队的演唱会现场版摇滚乐"" pred=""想听国外乐队的摇滚乐演唱会现场版""; tag: gold=[""国外乐队"", ""摇滚"", ""演唱会""] pred=[""摇滚"", ""演唱会""]; version: gold=[""live版""] pred="
25,861003009000014000000712b7a56873cd771f2c,3,第4轮,高音质的,125,music_song_search,"{""retext"": ""推荐高音质的国外乐队演唱会现场版摇滚乐"", ""tag"": [""摇滚"", ""国外乐队"", ""演唱会"", ""高音质""], ""version"": [""live版""]}",music_song_search,"{""retext"": ""想听国外乐队的摇滚乐演唱会现场版高音质的"", ""tag"": [""演唱会"", ""摇滚""]}",Y,N,N,827.1,"retext: gold=""推荐高音质的国外乐队演唱会现场版摇滚乐"" pred=""想听国外乐队的摇滚乐演唱会现场版高音质的""; tag: gold=[""国外乐队"", ""摇滚"", ""演唱会"", ""高音质""] pred=[""摇滚"", ""演唱会""]; version: gold=[""live版""] pred="
25,861003009000014000000712b7a56873cd771f2c,3,第5轮,清唱版,126,music_song_search,"{""retext"": ""推荐高音质的国外乐队演唱会现场版摇滚乐"", ""tag"": [""摇滚"", ""国外乐队"", ""演唱会"", ""高音质"", ""清唱""], ""version"": [""live版""]}",music_song_search,"{""retext"": ""想听国外乐队的摇滚乐演唱会现场版高音质的清唱版"", ""tag"": [""演唱会"", ""摇滚""]}",Y,N,N,778.7,"retext: gold=""推荐高音质的国外乐队演唱会现场版摇滚乐"" pred=""想听国外乐队的摇滚乐演唱会现场版高音质的清唱版""; tag: gold=[""国外乐队"", ""摇滚"", ""清唱"", ""演唱会"", ""高音质""] pred=[""摇滚"", ""演唱会""]; version: gold=[""live版""] pred="
26,8610030090000140000007125f9c4ab08cac7457,4,第1轮,有简单的英文儿歌吗,127,music_song_search,"{""retext"": ""推荐简单的英文儿歌"", ""tag"": [""英文"", ""儿歌"", ""简单""]}",educ_search,"{""query"": {""and"": [{""field"": ""language"", ""value"": ""英文""}, {""field"": ""children_second_genre"", ""value"": ""儿歌""}, {""field"": ""children_third_genre"", ""value"": ""儿歌""}]}, ""retext"": ""有简单的英文儿歌吗""}",N,Y,N,715.4,tool: gold=music_song_search pred=educ_search
26,8610030090000140000007125f9c4ab08cac7457,4,第2轮,适合零基础的,128,music_song_search,"{""retext"": ""推荐适合零基础的简单英文儿歌"", ""tag"": [""英文"", ""儿歌"", ""简单"", ""零基础""]}",educ_search,"{""query"": {""and"": [{""field"": ""language"", ""value"": ""英文""}, {""field"": ""children_second_genre"", ""value"": ""儿歌""}, {""field"": ""children_third_genre"", ""value"": ""儿歌""}]}, ""retext"": ""有简单的英文儿歌吗""}",N,Y,N,839.5,tool: gold=music_song_search pred=educ_search
26,8610030090000140000007125f9c4ab08cac7457,4,第3轮,律动感强的,129,music_song_search,"{""retext"": ""推荐适合零基础、律动感强的简单英文儿歌"", ""tag"": [""英文"", ""儿歌"", ""简单"", ""零基础"", ""律动感强""]}",music_song_search,"{""retext"": ""律动感强的""}",Y,Y,Y,592.2,
26,8610030090000140000007125f9c4ab08cac7457,4,第4轮,歌词简单的,130,music_song_search,"{""retext"": ""推荐适合零基础、律动感强且歌词简单的英文儿歌"", ""tag"": [""英文"", ""儿歌"", ""零基础"", ""律动感强"", ""歌词简单""]}",educ_search,"{""query"": {""and"": [{""field"": ""language"", ""value"": ""英文""}, {""field"": ""children_second_genre"", ""value"": ""儿歌""}, {""field"": ""children_third_genre"", ""value"": ""儿歌""}]}, ""retext"": ""歌词简单的英文儿歌""}",N,Y,N,642.2,tool: gold=music_song_search pred=educ_search
26,8610030090000140000007125f9c4ab08cac7457,4,第5轮,带中文翻译,131,music_song_search,"{""retext"": ""推荐带中文翻译、适合零基础、律动感强且歌词简单的英文儿歌"", ""tag"": [""英文"", ""儿歌"", ""零基础"", ""律动感强"", ""歌词简单"", ""中文翻译""]}",educ_search,"{""query"": {""and"": [{""field"": ""language"", ""value"": ""英文""}, {""field"": ""children_second_genre"", ""value"": ""儿歌""}, {""field"": ""children_third_genre"", ""value"": ""儿歌""}]}, ""retext"": ""歌词简单的英文儿歌带中文翻译""}",N,Y,N,821.9,tool: gold=music_song_search pred=educ_search
