row,source,query,gold_dev_tool,gold_content_tool,dev_ok,content_ok,both_ok,n_steps,pred_steps
[row=7] 6,音乐+设备,打开多声道音响，同时小聚小聚，请播放王菲免费专辑,audio_control,['music_song_search'],TRUE,TRUE,TRUE,2,"audio_control:{""operation"": ""打开"", ""object"": ""多声道音响"", ""value"": """", ""device"": """", ""location"": """"} | music_song_search:{""retext"": ""小聚小聚，请播放王菲免费专辑"", ""singer"": [""王菲""], ""version"": [""免费版""]}"
[row=11] 10,体育+设备,静音开关，顺便快船队和爵士队的球赛预测下谁能赢啊,numeric_adjust,['sports_match_forecast'],TRUE,TRUE,TRUE,2,"numeric_adjust:{""operation"": ""打开"", ""object"": ""静音"", ""value"": """", ""device"": """", ""location"": """"} | sports_match_forecast:{""query"": {""and"": [{""field"": ""sport_team"", ""value"": ""快船队""}, {""field"": ""sport_team"", ""value"": ""爵士队""}]}}"
[row=9] 8,音乐+设备,沂蒙山小调，然后声音太平面,solve_picture_sound_problem_control,['music_song_search'],TRUE,TRUE,TRUE,2,"solve_picture_sound_problem_control:{""intent"": ""lack_stereo_surround""} | music_song_search:{""retext"": ""沂蒙山小调"", ""song"": [""沂蒙山小调""]}"
[row=4] 3,体育+设备,有没有意甲的比赛安排表，再色度查询,numeric_adjust,['sports_match_search'],TRUE,TRUE,TRUE,2,"numeric_adjust:{""operation"": ""查询"", ""object"": ""色度"", ""value"": """", ""device"": """", ""location"": """"} | sports_match_search:{""query"": {""field"": ""sport_game"", ""value"": ""意甲""}}"
[row=12] 11,教育+设备,3年级上册数学免费，同时120小时后关机,timer_control,['edu_search'],TRUE,TRUE,TRUE,2,"timer_control:{""operation"": ""打开"", ""object"": ""关机"", ""date_time"": ""120小时"", ""device"": """", ""location"": """"} | edu_search:{""query"": {""and"": [{""field"": ""grade"", ""value"": ""三年级""}, {""field"": ""semester"", ""value"": ""上半学期""}, {""field"": ""is_fee"", ""value"": 0}, {""field"": ""first_subject"", ""value"": ""数学""}, {""field"": ""k12_category"", ""values"": [""同步课"", ""同步拓展课""], ""operator"": ""or""}]}}"
[row=3] 2,体育+设备,俄罗斯队，顺便声音调节模式,mode_control,['sports_team_search'],TRUE,TRUE,TRUE,2,"mode_control:{""operation"": ""设置"", ""object"": ""声音模式"", ""value"": """", ""device"": """", ""location"": """"} | sports_team_search:{""sport_team"": ""俄罗斯队""}"
[row=14] 13,体育+设备,女子摔跤比赛，再打开自动对焦,display_control,['sports_match_search'],TRUE,TRUE,TRUE,2,"display_control:{""operation"": ""打开"", ""object"": ""自动对焦"", ""value"": """", ""device"": """", ""location"": """"} | sports_match_search:{""query"": {""field"": ""sport_name"", ""value"": ""女子摔跤""}}"
[row=15] 14,少儿+设备,“我是乐迪！每时每刻，准时送达！”的动画片是哪个，顺便打开像素控光,display_control,['educ_fuzzy_search'],TRUE,TRUE,TRUE,2,"display_control:{""operation"": ""打开"", ""object"": ""像素控光"", ""value"": """", ""device"": """", ""location"": """"} | educ_fuzzy_search:{""query"": ""“我是乐迪！每时每刻，准时送达！”的动画片是哪个""}"
[row=17] 16,音乐+设备,清晰度调到50，再我要听进击的巨人的片头曲,numeric_adjust,['music_song_search'],TRUE,TRUE,TRUE,2,"numeric_adjust:{""operation"": ""设置"", ""object"": ""清晰度"", ""value"": ""50"", ""device"": """", ""location"": """"} | music_song_search:{""retext"": ""我要听进击的巨人的片头曲"", ""ip"": [""进击的巨人""]}"
[row=16] 15,音乐+设备,播放歌曲来不来都等你陈瑞演唱，再对比度设置,numeric_adjust,['music_song_search'],TRUE,TRUE,TRUE,2,"numeric_adjust:{""operation"": ""设置"", ""object"": ""对比度"", ""value"": """", ""device"": """", ""location"": """"} | music_song_search:{""retext"": ""播放歌曲来不来都等你陈瑞演唱"", ""singer"": [""陈瑞""], ""song"": [""来不来都等你""]}"
[row=6] 5,有声+设备,放一个世界名人英文演讲有声版，然后启动图像设置,display_control,['audio_search'],TRUE,TRUE,TRUE,2,"display_control:{""operation"": ""打开"", ""object"": ""图像设置"", ""value"": """", ""device"": """", ""location"": """"} | audio_search:{""action"": ""play"", ""query"": ""放一个世界名人英文演讲有声版""}"
[row=10] 9,有声+设备,打开全景声音量控制，然后请听一下剑道第一仙有声书,audio_control,['audio_search'],TRUE,TRUE,TRUE,2,"audio_control:{""operation"": ""打开"", ""object"": ""全景声音量控制"", ""value"": """", ""device"": """", ""location"": """"} | audio_search:{""action"": ""play"", ""query"": ""请听一下剑道第一仙有声书""}"
[row=5] 4,有声+设备,图像模式调整，找经典文学名著改编的有声书,mode_control,['audio_search'],TRUE,TRUE,TRUE,2,"mode_control:{""operation"": ""设置"", ""object"": ""图像模式"", ""value"": """", ""device"": """", ""location"": """"} | audio_search:{""action"": ""search"", ""query"": ""找经典文学名著改编的有声书""}"
[row=18] 17,音乐+设备,停止，同时播放我是歌手歌曲,playback_control,['music_song_search'],TRUE,TRUE,TRUE,2,"playback_control:{""operation"": ""停止"", ""object"": ""播放控制"", ""value"": """", ""device"": """", ""location"": """"} | music_song_search:{""retext"": ""播放我是歌手歌曲"", ""ip"": [""我是歌手""]}"
[row=21] 20,音乐+设备,打开AI环境音画，同时00后DJ版音乐,display_control,['music_song_search'],TRUE,TRUE,TRUE,2,"display_control:{""operation"": ""打开"", ""object"": ""ai环境音画"", ""value"": """", ""device"": """", ""location"": """"} | music_song_search:{""retext"": ""00后DJ版音乐"", ""version"": [""dj版""], ""tag"": [""00后""]}"
[row=8] 7,教育+设备,八年级的物理，然后切换到鲜艳模式,mode_control,['edu_search'],TRUE,TRUE,TRUE,2,"mode_control:{""operation"": ""设置"", ""object"": """", ""value"": ""鲜艳模式"", ""device"": """", ""location"": """"} | edu_search:{""query"": {""and"": [{""field"": ""grade"", ""value"": ""八年级""}, {""field"": ""first_subject"", ""value"": ""物理""}, {""field"": ""k12_category"", ""values"": [""同步课"", ""同步拓展课""], ""operator"": ""or""}]}}"
[row=20] 19,有声+设备,请听一下国学启蒙有声版，再屏幕不够干净帮我修改一下,solve_picture_sound_problem_control,['audio_search'],TRUE,TRUE,TRUE,2,"solve_picture_sound_problem_control:{""intent"": ""image_noise_obvious""} | audio_search:{""action"": ""play"", ""query"": ""请听一下国学启蒙有声版""}"
[row=22] 21,教育+设备,清晰度调到30，然后7年级上册2024年人教版历史书,numeric_adjust,['edu_search'],TRUE,TRUE,TRUE,2,"numeric_adjust:{""operation"": ""设置"", ""object"": ""清晰度"", ""value"": ""30"", ""device"": """", ""location"": """"} | edu_search:{""query"": {""and"": [{""field"": ""grade"", ""value"": ""七年级""}, {""field"": ""semester"", ""value"": ""上半学期""}, {""field"": ""material_version"", ""value"": ""人教版""}, {""field"": ""first_subject"", ""value"": ""历史""}, {""field"": ""k12_category"", ""values"": [""同步课"", ""同步拓展课""], ""operator"": ""or""}]}}"
[row=24] 23,教育+设备,播放1年级上册，设置图像模式为鲜艳模式,mode_control,['edu_search'],TRUE,TRUE,TRUE,2,"mode_control:{""operation"": ""设置"", ""object"": ""图像模式"", ""value"": ""鲜艳模式"", ""device"": """", ""location"": """"} | edu_search:{""query"": {""and"": [{""field"": ""grade"", ""value"": ""一年级""}, {""field"": ""semester"", ""value"": ""上半学期""}, {""field"": ""k12_category"", ""values"": [""同步课"", ""同步拓展课""], ""operator"": ""or""}]}}"
[row=27] 26,音乐+设备,我想听几首张信哲唱的经典歌曲，再色彩饱和度调高,numeric_adjust,['music_song_search'],TRUE,TRUE,TRUE,2,"numeric_adjust:{""operation"": ""提高"", ""object"": ""色度"", ""value"": """", ""device"": """", ""location"": """"} | music_song_search:{""retext"": ""我想听几首张信哲唱的经典歌曲"", ""singer"": [""张信哲""], ""tag"": [""经典""]}"
[row=31] 30,少儿+设备,顺序播放，播放免费动画片消防车,playback_control,['educ_search'],TRUE,TRUE,TRUE,2,"playback_control:{""operation"": ""顺序播放"", ""object"": ""播放列表"", ""value"": """", ""device"": """", ""location"": """"} | educ_search:{""retext"": ""播放免费动画片消防车"", ""query"": {""and"": [{""field"": ""title"", ""value"": ""消防车""}, {""field"": ""content_type"", ""value"": ""动画""}, {""field"": ""is_fee"", ""value"": 0}]}}"
[row=19] 18,少儿+设备,打开低蓝光护眼，同时免费少儿节目宝宝巴士,display_control,['educ_search'],TRUE,TRUE,TRUE,2,"display_control:{""operation"": ""打开"", ""object"": ""低蓝光护眼"", ""value"": """", ""device"": """", ""location"": """"} | educ_search:{""retext"": ""免费少儿节目宝宝巴士"", ""query"": {""and"": [{""field"": ""title"", ""value"": ""宝宝巴士""}, {""field"": ""is_fee"", ""value"": 0}]}}"
[row=32] 31,音乐+设备,放一首由小柯作曲的音乐，然后打开Hi无线杜比全景声,audio_control,['music_song_search'],TRUE,TRUE,TRUE,2,"audio_control:{""operation"": ""打开"", ""object"": ""hi无线杜比全景声"", ""value"": """", ""device"": """", ""location"": """"} | music_song_search:{""retext"": ""放一首由小柯作曲的音乐"", ""composer"": [""小柯""]}"
[row=23] 22,少儿+设备,10 到 12 岁儿童的经典卡通，然后调低音量,numeric_adjust,['educ_search'],TRUE,TRUE,TRUE,2,"numeric_adjust:{""operation"": ""降低"", ""object"": ""音量"", ""value"": """", ""device"": """", ""location"": """"} | educ_search:{""retext"": ""10 到 12 岁儿童的经典卡通"", ""query"": {""and"": [{""field"": ""content_type"", ""value"": ""卡通""}, {""field"": ""children_second_genre"", ""value"": ""经典""}, {""field"": ""age_range"", ""from"": 10, ""to"": 12}]}}"
[row=28] 27,有声+设备,前进10秒，再给我听 TED 演讲英文音频第五集,playback_control,['audio_search'],TRUE,TRUE,TRUE,2,"playback_control:{""operation"": ""快进"", ""object"": ""播放控制"", ""value"": ""10秒"", ""device"": """", ""location"": """"} | audio_search:{""action"": ""play"", ""query"": ""给我听 TED 演讲英文音频第五集""}"
[row=33] 32,少儿+设备,切换到音乐模式，然后我要看少儿免费的动画片大货车,mode_control,['educ_search'],TRUE,FALSE,FALSE,2,"mode_control:{""operation"": ""设置"", ""object"": ""声音模式"", ""value"": ""音乐模式"", ""device"": """", ""location"": """"} | educ_search:{""query"": {""and"": [{""field"": ""content_type"", ""value"": ""动画""}, {""field"": ""is_fee"", ""value"": ""0""}, {""field"": ""title"", ""value"": ""大货车""}]}, ""retext"": ""我要看少儿免费的动画片大货车""}"
[row=30] 29,教育+设备,唤醒电视，顺便放高一人民教育出版社物理,power_control,['edu_search'],TRUE,TRUE,TRUE,2,"power_control:{""operation"": ""打开"", ""object"": ""开机"", ""value"": """", ""device"": """", ""location"": """"} | edu_search:{""query"": {""and"": [{""field"": ""grade"", ""value"": ""高一""}, {""field"": ""material_version"", ""value"": ""人教版""}, {""field"": ""first_subject"", ""value"": ""物理""}, {""field"": ""k12_category"", ""values"": [""同步课"", ""同步拓展课""], ""operator"": ""or""}]}}"
[row=38] 37,音乐+设备,帮我放速度与激情的主题曲，打开动态晶晰提升,display_control,['music_song_search'],TRUE,TRUE,TRUE,2,"display_control:{""operation"": ""打开"", ""object"": ""动态晶晰提升"", ""value"": """", ""device"": """", ""location"": """"} | music_song_search:{""retext"": ""帮我放速度与激情的主题曲"", ""ip"": [""速度与激情""]}"
[row=35] 34,少儿+设备,亮度减50，再俄罗斯拍的动画,numeric_adjust,['educ_search_all'],TRUE,TRUE,TRUE,2,"numeric_adjust:{""operation"": ""降低"", ""object"": ""亮度"", ""value"": ""50"", ""device"": """", ""location"": """"} | educ_search_all:{""retext"": ""俄罗斯拍的动画"", ""query"": {""and"": [{""field"": ""content_type"", ""value"": ""动画""}, {""field"": ""country"", ""value"": ""俄罗斯""}]}}"
[row=34] 33,少儿+设备,清晰度设置为50%，请播放弹珠轨道,numeric_adjust,['educ_search'],TRUE,TRUE,TRUE,2,"numeric_adjust:{""operation"": ""设置"", ""object"": ""清晰度"", ""value"": ""50%"", ""device"": """", ""location"": """"} | educ_search:{""retext"": ""请播放弹珠轨道"", ""query"": {""field"": ""title"", ""value"": ""弹珠轨道""}}"
[row=37] 36,教育+设备,初一语文湘教版同步课，然后屏幕亮度调节,numeric_adjust,['edu_search'],TRUE,TRUE,TRUE,2,"numeric_adjust:{""operation"": ""设置"", ""object"": ""亮度"", ""value"": """", ""device"": """", ""location"": """"} | edu_search:{""query"": {""and"": [{""field"": ""grade"", ""value"": ""七年级""}, {""field"": ""material_version"", ""value"": ""湘教版""}, {""field"": ""first_subject"", ""value"": ""语文""}, {""field"": ""k12_category"", ""values"": [""同步课"", ""同步拓展课""], ""operator"": ""or""}]}}"
[row=36] 35,影视+设备,今年播出的内地美食相关的纪录片，声音模式调整,mode_control,['vod_search_all'],FALSE,TRUE,FALSE,2,"mode_control:{""operation"": ""设置"", ""object"": ""声音模式"", ""value"": """", ""device"": """", ""location"": """"} | vod_search_all:{""action"": ""search"", ""retext"": ""今年播出的内地美食相关的纪录片"", ""query"": {""and"": [{""field"": ""area"", ""value"": ""内地""}, {""field"": ""category"", ""value"": ""纪录片""}, {""field"": ""tag"", ""value"": ""美食""}, {""field"": ""release_time"", ""from"": ""20260101"", ""to"": ""20261231""}]}}"
[row=42] 41,教育+设备,二年级的语文，然后快进2分钟,playback_control,['edu_search'],TRUE,TRUE,TRUE,2,"playback_control:{""operation"": ""快进"", ""object"": ""播放控制"", ""value"": ""2分"", ""device"": """", ""location"": """"} | edu_search:{""query"": {""and"": [{""field"": ""figures"", ""value"": ""小学""}, {""field"": ""grade"", ""value"": ""二年级""}, {""field"": ""first_subject"", ""value"": ""语文""}, {""field"": ""k12_category"", ""values"": [""同步课"", ""同步拓展课""], ""operator"": ""or""}]}}"
[row=41] 40,音乐+设备,随机播放，换一个起风了,playback_control,['music_song_search'],TRUE,TRUE,TRUE,2,"playback_control:{""operation"": ""随机播放"", ""object"": ""播放列表"", ""value"": """", ""device"": """", ""location"": """"} | music_song_search:{""retext"": ""换一个起风了"", ""song"": [""起风了""]}"
[row=29] 28,影视+设备,画面颜色有点淡帮我调一下，顺便打开3d视频,solve_picture_sound_problem_control,['vod_search'],TRUE,TRUE,TRUE,2,"solve_picture_sound_problem_control:{""intent"": ""colors_washed_out""} | vod_search:{""action"": ""play"", ""retext"": ""打开3d视频"", ""query"": {""field"": ""definition"", ""value"": ""is_3d""}}"
[row=44] 43,有声+设备,打开火箭炮声学设计，再我收听的广播剧播放记录,audio_control,['audio_history'],TRUE,TRUE,TRUE,2,"audio_control:{""operation"": ""打开"", ""object"": ""火箭炮声学设计"", ""value"": """", ""device"": """", ""location"": """"} | audio_history:{""action"": ""search"", ""category"": ""广播剧""}"
[row=40] 39,体育+设备,亮度调到最低，再预约河床队队的足球比赛,numeric_adjust,['sports_match_reservation'],TRUE,TRUE,TRUE,2,"numeric_adjust:{""operation"": ""设置"", ""object"": ""亮度"", ""value"": ""0%"", ""device"": """", ""location"": """"} | sports_match_reservation:{""query"": {""and"": [{""field"": ""sport_name"", ""value"": ""足球""}, {""field"": ""sport_team"", ""value"": ""河床""}]}}"
[row=43] 42,少儿+设备,播放鬼灭之刃普通话版，打开运动图像补偿流畅设置,display_control,['educ_search'],TRUE,TRUE,TRUE,2,"display_control:{""operation"": ""打开"", ""object"": ""运动图像补偿流畅设置"", ""value"": """", ""device"": """", ""location"": """"} | educ_search:{""retext"": ""播放鬼灭之刃普通话版"", ""query"": {""and"": [{""field"": ""title"", ""value"": ""鬼灭之刃""}, {""field"": ""language"", ""value"": ""普通话""}]}}"
[row=48] 47,体育+设备,亚冠射手榜，再画面看起来有点偏蓝帮我调一下,solve_picture_sound_problem_control,['sports_rank_search'],TRUE,TRUE,TRUE,2,"solve_picture_sound_problem_control:{""intent"": ""cold_color_cast""} | sports_rank_search:{""sport_game"": ""亚冠"", ""sport_rank_type"": ""射手榜""}"
[row=49] 48,有声+设备,查看有声播放历史记录，显示亮度调到30,numeric_adjust,['audio_history'],TRUE,TRUE,TRUE,2,"numeric_adjust:{""operation"": ""设置"", ""object"": ""亮度"", ""value"": ""30"", ""device"": """", ""location"": """"} | audio_history:{""action"": ""search""}"
[row=50] 49,教育+设备,5年级英语书，再跳到01:30,playback_control,['edu_search'],TRUE,TRUE,TRUE,2,"playback_control:{""operation"": ""跳转"", ""object"": ""播放控制"", ""value"": ""1:30"", ""device"": """", ""location"": """"} | edu_search:{""query"": {""and"": [{""field"": ""grade"", ""value"": ""五年级""}, {""field"": ""first_subject"", ""value"": ""英语""}, {""field"": ""k12_category"", ""values"": [""同步课"", ""同步拓展课""], ""operator"": ""or""}]}}"
[row=47] 46,教育+设备,四年级上册和下册，同时打开影院音效演示,audio_control,['edu_search'],TRUE,TRUE,TRUE,2,"audio_control:{""operation"": ""打开"", ""object"": ""影院音效演示"", ""value"": """", ""device"": """", ""location"": """"} | edu_search:{""query"": {""and"": [{""field"": ""grade"", ""value"": ""四年级""}, {""field"": ""semester"", ""values"": [""上半学期"", ""下半学期""], ""operator"": ""or""}, {""field"": ""k12_category"", ""values"": [""同步课"", ""同步拓展课""], ""operator"": ""or""}]}}"
[row=46] 45,教育+设备,6年级上册英语人民教育出版社，顺便对比度减70,numeric_adjust,['edu_search'],TRUE,TRUE,TRUE,2,"numeric_adjust:{""operation"": ""降低"", ""object"": ""对比度"", ""value"": ""70"", ""device"": """", ""location"": """"} | edu_search:{""query"": {""and"": [{""field"": ""grade"", ""value"": ""六年级""}, {""field"": ""semester"", ""value"": ""上半学期""}, {""field"": ""material_version"", ""value"": ""人教版""}, {""field"": ""first_subject"", ""value"": ""英语""}, {""field"": ""k12_category"", ""values"": [""同步课"", ""同步拓展课""], ""operator"": ""or""}]}}"
[row=53] 52,少儿+设备,播放我是不白吃日常篇第8集，顺便运动画面有拖尾帮我调节一下,solve_picture_sound_problem_control,['educ_search'],TRUE,FALSE,FALSE,2,"solve_picture_sound_problem_control:{""intent"": ""motion_not_sharp""} | vod_search:{""action"": ""play"", ""retext"": ""播放我是不白吃日常篇第8集"", ""query"": {""field"": ""video_index"", ""value"": 8}}"
[row=51] 50,有声+设备,对比度减30，放榜单上评分超9分的现代小说,numeric_adjust,['audio_search'],TRUE,TRUE,TRUE,2,"numeric_adjust:{""operation"": ""降低"", ""object"": ""对比度"", ""value"": ""30"", ""device"": """", ""location"": """"} | audio_search:{""action"": ""play"", ""query"": ""放榜单上评分超9分的现代小说""}"
[row=55] 54,音乐+设备,欧若拉的音乐，启动按键音,audio_control,['music_song_search'],TRUE,TRUE,TRUE,2,"audio_control:{""operation"": ""打开"", ""object"": ""按键音"", ""value"": """", ""device"": """", ""location"": """"} | music_song_search:{""retext"": ""欧若拉的音乐"", ""song"": [""欧若拉""]}"
[row=45] 44,体育+设备,麻烦播放个足球亚巡赛的视频，然后30小时后关机,timer_control,['sports_vod_search'],TRUE,TRUE,TRUE,2,"timer_control:{""operation"": ""打开"", ""object"": ""关机"", ""date_time"": ""30小时"", ""device"": """", ""location"": """"} | sports_vod_search:{""query"": {""and"": [{""field"": ""sport_game"", ""value"": ""亚巡赛""}, {""field"": ""sport_name"", ""value"": ""足球""}]}}"
[row=57] 56,音乐+设备,来一首由黄伟文作词的粤语歌，然后1小时后关机,timer_control,['music_song_search'],TRUE,TRUE,TRUE,2,"timer_control:{""operation"": ""打开"", ""object"": ""关机"", ""date_time"": ""1小时"", ""device"": """", ""location"": """"} | music_song_search:{""retext"": ""来一首由黄伟文作词的粤语歌"", ""tag"": [""粤语""], ""lyricist"": [""黄伟文""]}"
[row=58] 57,少儿+设备,请播放电影波妞，直接跳到01:30,playback_control,['educ_search'],TRUE,TRUE,TRUE,2,"playback_control:{""operation"": ""跳转"", ""object"": ""播放控制"", ""value"": ""01:30"", ""device"": """", ""location"": """"} | educ_search:{""retext"": ""请播放电影波妞"", ""query"": {""and"": [{""or"": [{""field"": ""role"", ""value"": ""波妞""}, {""field"": ""title"", ""value"": ""波妞""}]}, {""field"": ""children_second_genre"", ""value"": ""电影""}]}}"
[row=54] 53,体育+设备,打开像素重塑，同时赛车比赛视频,display_control,['sports_vod_search'],TRUE,TRUE,TRUE,2,"display_control:{""operation"": ""打开"", ""object"": ""像素重塑"", ""value"": """", ""device"": """", ""location"": """"} | sports_vod_search:{""query"": {""field"": ""sport_name"", ""value"": ""赛车""}}"
[row=61] 60,音乐+设备,看苦乐村官片头曲，顺便45小时后关机,timer_control,['music_song_search'],TRUE,TRUE,TRUE,2,"timer_control:{""operation"": ""打开"", ""object"": ""关机"", ""date_time"": ""45小时"", ""device"": """", ""location"": """"} | music_song_search:{""retext"": ""看苦乐村官片头曲"", ""ip"": [""苦乐村官""]}"
[row=52] 51,少儿+设备,云视听小电视最火的动漫，声音模式选择,mode_control,['educ_search'],FALSE,TRUE,FALSE,2,"mode_control:{""operation"": ""设置"", ""object"": ""声音模式"", ""value"": """", ""device"": """", ""location"": """"} | educ_search:{""retext"": ""云视听小电视最火的动漫"", ""query"": {""field"": ""children_second_genre"", ""value"": ""动漫""}}"
[row=62] 61,音乐+设备,对比度减50，再唱周华健专辑,numeric_adjust,['music_song_search'],TRUE,TRUE,TRUE,2,"numeric_adjust:{""operation"": ""降低"", ""object"": ""对比度"", ""value"": ""50"", ""device"": """", ""location"": """"} | music_song_search:{""retext"": ""唱周华健专辑"", ""singer"": [""周华健""]}"
[row=63] 62,体育+设备,瑞士队，同时音量调到30,numeric_adjust,['sports_team_search'],TRUE,TRUE,TRUE,2,"numeric_adjust:{""operation"": ""设置"", ""object"": ""音量"", ""value"": ""30"", ""device"": """", ""location"": """"} | sports_team_search:{""sport_team"": ""瑞士队""}"
[row=64] 63,教育+设备,6年级的数学教育视频，再对比度调到30,numeric_adjust,['edu_search'],TRUE,TRUE,TRUE,2,"numeric_adjust:{""operation"": ""设置"", ""object"": ""对比度"", ""value"": ""30"", ""device"": """", ""location"": """"} | edu_search:{""query"": {""and"": [{""field"": ""grade"", ""value"": ""六年级""}, {""field"": ""first_subject"", ""value"": ""数学""}, {""field"": ""k12_category"", ""values"": [""同步课"", ""同步拓展课""], ""operator"": ""or""}]}}"
[row=2] 1,影视+设备,音频模式，然后跳转到黄彩玲突发急病，吐露真相的那段视频,mode_control,['vod_fuzzy_search'],TRUE,TRUE,TRUE,2,"mode_control:{""operation"": ""设置"", ""object"": ""声音模式"", ""value"": """", ""device"": """", ""location"": """"} | vod_fuzzy_search:{""query"": ""跳转到黄彩玲突发急病，吐露真相的那段视频""}"
[row=65] 64,有声+设备,找找马伯庸作品的有声版，然后打开专业游戏模式,display_control,['audio_search'],TRUE,TRUE,TRUE,2,"display_control:{""operation"": ""打开"", ""object"": ""专业游戏模式"", ""value"": """", ""device"": """", ""location"": """"} | audio_search:{""action"": ""search"", ""query"": ""找找马伯庸作品的有声版""}"
[row=67] 66,少儿+设备,快退30秒，同时免费的关于逆袭的动漫,playback_control,['educ_fuzzy_search'],TRUE,TRUE,TRUE,2,"playback_control:{""operation"": ""快退"", ""object"": ""播放控制"", ""value"": ""30秒"", ""device"": """", ""location"": """"} | educ_fuzzy_search:{""query"": ""免费的关于逆袭的动漫""}"
[row=69] 68,影视+设备,季冠霖配音的电视剧有哪些，然后打开170HZ疾速屏,display_control,['vod_search_all'],TRUE,TRUE,TRUE,2,"display_control:{""operation"": ""打开"", ""object"": ""170hz疾速屏"", ""value"": """", ""device"": """", ""location"": """"} | vod_search_all:{""action"": ""search"", ""retext"": ""季冠霖配音的电视剧有哪些"", ""query"": {""and"": [{""field"": ""category"", ""value"": ""电视剧""}, {""field"": ""dubbing"", ""value"": ""季冠霖""}]}}"
[row=13] 12,影视+设备,周星驰有哪些经典台词片段，然后音效模式,mode_control,['vod_fuzzy_search'],FALSE,TRUE,FALSE,2,"mode_control:{""operation"": ""设置"", ""object"": ""声音模式"", ""value"": """", ""device"": """", ""location"": """"} | vod_fuzzy_search:{""query"": ""周星驰有哪些经典台词片段""}"
[row=70] 69,体育+设备,法国对战阿根廷，30分钟后关机,timer_control,['sports_match_search'],TRUE,TRUE,TRUE,2,"timer_control:{""operation"": ""打开"", ""object"": ""关机"", ""date_time"": ""30分钟"", ""device"": """", ""location"": """"} | sports_match_search:{""query"": {""and"": [{""field"": ""sport_team"", ""value"": ""法国""}, {""field"": ""sport_team"", ""value"": ""阿根廷""}]}}"
[row=26] 25,影视+设备,亮度数值30，那部讲电竞选手退役后当教练的剧叫什么,numeric_adjust,['vod_fuzzy_search'],TRUE,TRUE,TRUE,2,"numeric_adjust:{""operation"": ""设置"", ""object"": ""亮度"", ""value"": ""30"", ""device"": """", ""location"": """"} | vod_fuzzy_search:{""query"": ""那部讲电竞选手退役后当教练的剧叫什么""}"
[row=72] 71,教育+设备,5年级下册英语人教部编版，顺便把音量调到30,numeric_adjust,['edu_search'],TRUE,FALSE,FALSE,2,"numeric_adjust:{""operation"": ""设置"", ""object"": ""音量"", ""value"": ""30"", ""device"": """", ""location"": """"} | edu_search:{""query"": {""and"": [{""field"": ""grade"", ""value"": ""五年级""}, {""field"": ""semester"", ""value"": ""下半学期""}, {""field"": ""first_subject"", ""value"": ""英语""}, {""field"": ""k12_category"", ""values"": [""同步课"", ""同步拓展课""], ""operator"": ""or""}]}}"
[row=71] 70,少儿+设备,我想看大卫不可以的故事，打开运动画面增强,display_control,['educ_search'],TRUE,TRUE,TRUE,2,"display_control:{""operation"": ""打开"", ""object"": ""运动画面增强"", ""value"": """", ""device"": """", ""location"": """"} | educ_search:{""retext"": ""我想看大卫不可以的故事"", ""query"": {""and"": [{""field"": ""title"", ""value"": ""大卫不可以""}, {""field"": ""children_second_genre"", ""value"": ""故事""}]}}"
[row=25] 24,影视+设备,打开全程HDR，同时《九品芝麻官》里，周星驰吞剑的戏,display_control,['vod_fuzzy_search'],TRUE,TRUE,TRUE,2,"display_control:{""operation"": ""打开"", ""object"": ""全程hdr"", ""value"": """", ""device"": """", ""location"": """"} | vod_fuzzy_search:{""query"": ""《九品芝麻官》里，周星驰吞剑的戏""}"
[row=76] 75,少儿+设备,找符合孩子爱好的少儿启蒙内容推荐给我，然后调低亮度,numeric_adjust,['educ_fuzzy_search'],TRUE,TRUE,TRUE,2,"numeric_adjust:{""operation"": ""降低"", ""object"": ""亮度"", ""value"": """", ""device"": """", ""location"": """"} | educ_fuzzy_search:{""query"": ""找符合孩子爱好的少儿启蒙内容推荐给我""}"
[row=74] 73,有声+设备,打开全场景麦克设置，再放点侦探推理类广播剧,audio_control,['audio_search'],TRUE,TRUE,TRUE,2,"audio_control:{""operation"": ""打开"", ""object"": ""全场景麦克设置"", ""value"": """", ""device"": """", ""location"": """"} | audio_search:{""action"": ""play"", ""query"": ""放点侦探推理类广播剧""}"
[row=78] 77,少儿+设备,显示模式，再想看来自未来的机器猫，用口袋里的神奇道具帮大雄解决麻烦的动画片,mode_control,['educ_fuzzy_search'],TRUE,TRUE,TRUE,2,"mode_control:{""operation"": ""设置"", ""object"": ""图像模式"", ""value"": """", ""device"": """", ""location"": """"} | educ_fuzzy_search:{""query"": ""想看来自未来的机器猫，用口袋里的神奇道具帮大雄解决麻烦的动画片""}"
[row=39] 38,影视+设备,播有此头不可低，此腰不能弯那个片段，顺便清晰度数值50,numeric_adjust,['vod_fuzzy_search'],TRUE,TRUE,TRUE,2,"numeric_adjust:{""operation"": ""设置"", ""object"": ""清晰度"", ""value"": ""50"", ""device"": """", ""location"": """"} | vod_fuzzy_search:{""query"": ""播有此头不可低，此腰不能弯那个片段""}"
[row=77] 76,体育+设备,勒沃库森队，同时静音,numeric_adjust,['sports_team_search'],TRUE,TRUE,TRUE,2,"numeric_adjust:{""operation"": ""打开"", ""object"": ""静音"", ""value"": """", ""device"": """", ""location"": """"} | sports_team_search:{""sport_team"": ""勒沃库森队""}"
[row=80] 79,有声+设备,搜索今年口碑最好的玄幻有声书，显示亮度调到50,numeric_adjust,['audio_search'],TRUE,TRUE,TRUE,2,"numeric_adjust:{""operation"": ""设置"", ""object"": ""亮度"", ""value"": ""50"", ""device"": """", ""location"": """"} | audio_search:{""action"": ""search"", ""query"": ""搜索今年口碑最好的玄幻有声书""}"
[row=79] 78,少儿+设备,低龄儿童看的动画，再进入静音,numeric_adjust,['educ_search'],TRUE,TRUE,TRUE,2,"numeric_adjust:{""operation"": ""打开"", ""object"": ""静音"", ""value"": """", ""device"": """", ""location"": """"} | educ_search:{""retext"": ""低龄儿童看的动画"", ""query"": {""field"": ""content_type"", ""value"": ""动画""}}"
[row=82] 81,体育+设备,音效调节模式，同时播放里昂主场对战布雷斯特足球比赛,mode_control,['sports_match_search'],TRUE,TRUE,TRUE,2,"mode_control:{""operation"": ""设置"", ""object"": ""音效模式"", ""value"": """", ""device"": """", ""location"": """"} | sports_match_search:{""query"": {""and"": [{""field"": ""sport_name"", ""value"": ""足球""}, {""field"": ""sport_team_home"", ""value"": ""里昂""}, {""field"": ""sport_team_guest"", ""value"": ""布雷斯特""}]}}"
[row=83] 82,体育+设备,预约河床队的球赛，然后跳到10:00,playback_control,['sports_match_reservation'],TRUE,TRUE,TRUE,2,"playback_control:{""operation"": ""跳转"", ""object"": ""播放控制"", ""value"": ""10:00"", ""device"": """", ""location"": """"} | sports_match_reservation:{""query"": {""field"": ""sport_team"", ""value"": ""河床""}}"
[row=81] 80,少儿+设备,少儿英语节目，顺便亮度数值70,numeric_adjust,['educ_search'],TRUE,TRUE,TRUE,2,"numeric_adjust:{""operation"": ""设置"", ""object"": ""亮度"", ""value"": ""70"", ""device"": """", ""location"": """"} | educ_search:{""retext"": ""少儿英语节目"", ""query"": {""field"": ""children_second_genre"", ""value"": ""英语""}}"
[row=56] 55,影视+设备,播放隐秘的角落里您看我还有机会吗?那段戏，顺便画质模式,mode_control,['vod_fuzzy_search'],TRUE,TRUE,TRUE,2,"mode_control:{""operation"": ""设置"", ""object"": ""图像模式"", ""value"": """", ""device"": """", ""location"": """"} | vod_fuzzy_search:{""query"": ""播放隐秘的角落里您看我还有机会吗?那段戏""}"
[row=59] 58,影视+设备,风浪越大，鱼越贵这句台词出自哪里，然后把电视打开,power_control,['vod_fuzzy_search'],TRUE,TRUE,TRUE,2,"power_control:{""operation"": ""打开"", ""object"": ""开机"", ""value"": """", ""device"": """", ""location"": """"} | vod_fuzzy_search:{""query"": ""风浪越大，鱼越贵这句台词出自哪里""}"
[row=84] 83,影视+设备,我要看海王第55分钟，然后启动氛围灯亮度,numeric_adjust,['vod_search'],TRUE,TRUE,TRUE,2,"numeric_adjust:{""operation"": ""打开"", ""object"": ""氛围灯亮度"", ""value"": """", ""device"": """", ""location"": """"} | vod_search:{""action"": ""play"", ""retext"": ""我要看海王第55分钟"", ""query"": {""and"": [{""field"": ""title"", ""value"": ""海王""}, {""field"": ""voiceStartPos"", ""value"": 3300}]}}"
[row=85] 84,影视+设备,搜索2021年播出的韩国校园青春剧，同时调到80格音量,numeric_adjust,['vod_search_all'],TRUE,TRUE,TRUE,2,"numeric_adjust:{""operation"": ""设置"", ""object"": ""音量"", ""value"": ""80"", ""device"": """", ""location"": """"} | vod_search_all:{""action"": ""search"", ""retext"": ""搜索2021年播出的韩国校园青春剧"", ""query"": {""and"": [{""field"": ""area"", ""value"": ""韩国""}, {""field"": ""category"", ""value"": ""电视剧""}, {""field"": ""tag"", ""values"": [""校园"", ""青春""], ""operator"": ""and""}, {""field"": ""release_time"", ""from"": ""20210101"", ""to"": ""20211231""}]}}"
[row=88] 87,影视+设备,快退功能，顺便搜索要怀疑我们怀疑的怀疑的台词片段,playback_control,['vod_fuzzy_search'],TRUE,TRUE,TRUE,2,"playback_control:{""operation"": ""快退"", ""object"": ""播放控制"", ""value"": """", ""device"": """", ""location"": """"} | vod_fuzzy_search:{""query"": ""搜索要怀疑我们怀疑的怀疑的台词片段""}"
[row=90] 89,音乐+设备,放哆啦A梦动画片的主题曲，顺便调高音量,numeric_adjust,['music_song_search'],TRUE,TRUE,TRUE,2,"numeric_adjust:{""operation"": ""提高"", ""object"": ""音量"", ""value"": """", ""device"": """", ""location"": """"} | music_song_search:{""retext"": ""放哆啦A梦动画片的主题曲"", ""ip"": [""哆啦a梦""]}"
[row=60] 59,影视+设备,设置音效模式为流行音效，同时帮我播放士兵突击里有意义就是好好活，好好活就是做有意义的事。那个片段,mode_control,['vod_fuzzy_search'],TRUE,TRUE,TRUE,2,"mode_control:{""operation"": ""设置"", ""object"": ""音效模式"", ""value"": ""流行音效"", ""device"": """", ""location"": """"} | vod_fuzzy_search:{""query"": ""帮我播放士兵突击里有意义就是好好活，好好活就是做有意义的事。那个片段""}"
[row=91] 90,音乐+设备,播放专辑一场游戏一场梦，顺便电视开机启动,power_control,['music_song_search'],TRUE,TRUE,TRUE,2,"power_control:{""operation"": ""打开"", ""object"": ""开机"", ""value"": """", ""device"": """", ""location"": """"} | music_song_search:{""retext"": ""播放专辑一场游戏一场梦"", ""album"": [""一场游戏一场梦""]}"
[row=93] 92,教育+设备,设置图像模式为标准模式，然后中七年级语文，要苏教版或北师大版，但不要免费的,mode_control,['edu_search'],TRUE,TRUE,TRUE,2,"mode_control:{""operation"": ""设置"", ""object"": ""图像模式"", ""value"": ""标准模式"", ""device"": """", ""location"": """"} | edu_search:{""query"": {""and"": [{""field"": ""grade"", ""value"": ""七年级""}, {""field"": ""material_version"", ""values"": [""北师大版"", ""苏教版""], ""operator"": ""or""}, {""field"": ""is_fee"", ""value"": 1}, {""field"": ""first_subject"", ""value"": ""语文""}, {""field"": ""k12_category"", ""values"": [""同步课"", ""同步拓展课""], ""operator"": ""or""}]}}"
[row=86] 85,音乐+设备,打开Mini全阵列动态背光，再我想看国庆节歌曲的MV,display_control,['music_song_mv_search'],TRUE,TRUE,TRUE,2,"display_control:{""operation"": ""打开"", ""object"": ""mini全阵列动态背光"", ""value"": """", ""device"": """", ""location"": """"} | music_song_mv_search:{""retext"": ""我想看国庆节歌曲的MV"", ""tag"": [""国庆节""]}"
[row=89] 88,有声+设备,延时关机30分钟，然后我想听小马宝莉广播剧,timer_control,['audio_search'],TRUE,TRUE,TRUE,2,"timer_control:{""operation"": ""打开"", ""object"": ""关机"", ""date_time"": ""30分钟"", ""device"": """", ""location"": """"} | audio_search:{""action"": ""play"", ""query"": ""我想听小马宝莉广播剧""}"
[row=87] 86,少儿+设备,我想看免费版的汪汪队第2集，顺便打开分区控光差异,display_control,['educ_search'],TRUE,TRUE,TRUE,2,"display_control:{""operation"": ""打开"", ""object"": ""分区控光差异"", ""value"": """", ""device"": """", ""location"": """"} | educ_search:{""retext"": ""我想看免费版的汪汪队第2集"", ""query"": {""and"": [{""field"": ""title"", ""value"": ""汪汪队""}, {""field"": ""is_fee"", ""value"": 0}]}}"
[row=92] 91,有声+设备,我要听金庸的小说，再色彩饱和度设置,numeric_adjust,['audio_search'],TRUE,TRUE,TRUE,2,"numeric_adjust:{""operation"": ""设置"", ""object"": ""色度"", ""value"": """", ""device"": """", ""location"": """"} | audio_search:{""action"": ""play"", ""query"": ""我要听金庸的小说""}"
[row=95] 94,体育+设备,预约世界杯决赛，亮度数值50,numeric_adjust,['sports_match_reservation'],TRUE,TRUE,TRUE,2,"numeric_adjust:{""operation"": ""设置"", ""object"": ""亮度"", ""value"": ""50"", ""device"": """", ""location"": """"} | sports_match_reservation:{""query"": {""field"": ""sport_game"", ""value"": ""世界杯""}}"
[row=94] 93,教育+设备,打开音乐氛围墙，再播放1年级的英语,audio_control,['edu_search'],TRUE,TRUE,TRUE,2,"audio_control:{""operation"": ""打开"", ""object"": ""音乐氛围墙"", ""value"": """", ""device"": """", ""location"": """"} | edu_search:{""query"": {""and"": [{""field"": ""grade"", ""value"": ""一年级""}, {""field"": ""first_subject"", ""value"": ""英语""}, {""field"": ""k12_category"", ""values"": [""同步课"", ""同步拓展课""], ""operator"": ""or""}]}}"
[row=96] 95,有声+设备,请你播放猎罪者悬疑音频，同时清晰度加50,numeric_adjust,['audio_search'],TRUE,TRUE,TRUE,2,"numeric_adjust:{""operation"": ""提高"", ""object"": ""清晰度"", ""value"": ""50"", ""device"": """", ""location"": """"} | audio_search:{""action"": ""play"", ""query"": ""请你播放猎罪者悬疑音频""}"
[row=66] 65,影视+设备,打开高动态范围，再阿里巴巴影业出品的爱国题材电影,display_control,['vod_fuzzy_search'],TRUE,TRUE,TRUE,2,"display_control:{""operation"": ""打开"", ""object"": ""高动态范围"", ""value"": """", ""device"": """", ""location"": """"} | vod_fuzzy_search:{""query"": ""阿里巴巴影业出品的爱国题材电影""}"
[row=102] 101,体育+设备,跳转到05:00，顺便给我预约周六nba常规赛太阳对战老鹰,playback_control,['sports_match_reservation'],TRUE,FALSE,FALSE,2,"playback_control:{""operation"": ""跳转"", ""object"": ""播放控制"", ""value"": ""5:00"", ""device"": """", ""location"": """"} | sports_match_reservation:{""query"": {""and"": [{""field"": ""sport_game"", ""value"": ""NBA""}, {""field"": ""sport_competition_phase"", ""value"": ""常规赛""}, {""field"": ""sport_team"", ""value"": ""太阳""}, {""field"": ""sport_team"", ""value"": ""老鹰""}, {""field"": ""sport_time"", ""value"": ""20260829""}]}}"
[row=99] 98,教育+设备,定时1小时关机，再初中三年级语文上册鄂教版课文朗读,timer_control,['edu_search'],TRUE,FALSE,FALSE,2,"timer_control:{""operation"": ""打开"", ""object"": ""关机"", ""date_time"": ""1小时"", ""device"": """", ""location"": """"} | audio_search:{""action"": ""search"", ""query"": ""初中三年级语文上册鄂教版课文朗读""}"
[row=100] 99,有声+设备,放一下儿童故事人气榜前五的内容，然后屏幕暗处什么都看不见帮我设置一下,solve_picture_sound_problem_control,['audio_search'],TRUE,TRUE,TRUE,2,"solve_picture_sound_problem_control:{""intent"": ""dark_areas_crushed""} | audio_search:{""action"": ""play"", ""query"": ""放一下儿童故事人气榜前五的内容""}"
[row=98] 97,少儿+设备,播放依娜和恰恰第二季，然后现在清晰度多少,numeric_adjust,['educ_search'],TRUE,TRUE,TRUE,2,"numeric_adjust:{""operation"": ""查询"", ""object"": ""清晰度"", ""value"": """", ""device"": """", ""location"": """"} | educ_search:{""retext"": ""播放依娜和恰恰第二季"", ""query"": {""and"": [{""field"": ""title"", ""value"": ""依娜和恰恰""}, {""field"": ""title"", ""value"": ""第二季""}]}}"
[row=101] 100,有声+设备,播放儿童国学启蒙故事，打开H3画质芯片,display_control,['audio_search'],TRUE,TRUE,TRUE,2,"display_control:{""operation"": ""打开"", ""object"": ""h3画质芯片"", ""value"": """", ""device"": """", ""location"": """"} | audio_search:{""action"": ""play"", ""query"": ""播放儿童国学启蒙故事""}"
[row=68] 67,影视+设备,唐山电影，顺便亮度加50,numeric_adjust,['vod_fuzzy_search'],TRUE,TRUE,TRUE,2,"numeric_adjust:{""operation"": ""提高"", ""object"": ""亮度"", ""value"": ""50"", ""device"": """", ""location"": """"} | vod_fuzzy_search:{""query"": ""唐山电影""}"
[row=105] 104,体育+设备,黄蜂队，再打开原画显示,display_control,['sports_team_search'],TRUE,TRUE,TRUE,2,"display_control:{""operation"": ""打开"", ""object"": ""原画显示"", ""value"": """", ""device"": """", ""location"": """"} | sports_team_search:{""sport_team"": ""夏洛特黄蜂队""}"
[row=104] 103,教育+设备,8年级上册生物，同时打开感知画质,display_control,['edu_search'],TRUE,TRUE,TRUE,2,"display_control:{""operation"": ""打开"", ""object"": ""感知画质"", ""value"": """", ""device"": """", ""location"": """"} | edu_search:{""query"": {""and"": [{""field"": ""grade"", ""value"": ""八年级""}, {""field"": ""semester"", ""value"": ""上半学期""}, {""field"": ""first_subject"", ""value"": ""生物""}, {""field"": ""k12_category"", ""values"": [""同步课"", ""同步拓展课""], ""operator"": ""or""}]}}"
[row=97] 96,影视+设备,播放吴石将军的电视剧，顺便色度调整,numeric_adjust,['vod_search'],TRUE,TRUE,TRUE,2,"numeric_adjust:{""operation"": ""设置"", ""object"": ""色度"", ""value"": """", ""device"": """", ""location"": """"} | vod_search:{""action"": ""play"", ""retext"": ""播放吴石将军的电视剧"", ""query"": {""and"": [{""field"": ""category"", ""value"": ""电视剧""}, {""field"": ""role"", ""value"": ""吴石将军""}]}}"
[row=109] 108,体育+设备,打开极致稳定峰值亮度，同时国际米兰队,display_control,['sports_team_search'],TRUE,TRUE,TRUE,2,"display_control:{""operation"": ""打开"", ""object"": ""极致稳定峰值亮度"", ""value"": """", ""device"": """", ""location"": """"} | sports_team_search:{""sport_team"": ""国际米兰队""}"
[row=106] 105,少儿+设备,打开帝瓦雷低音管理系统，然后4~5岁逻辑思维启蒙动画,audio_control,['educ_search'],TRUE,TRUE,TRUE,2,"audio_control:{""operation"": ""打开"", ""object"": ""帝瓦雷低音管理系统"", ""value"": """", ""device"": """", ""location"": """"} | educ_search:{""retext"": ""4~5岁逻辑思维启蒙动画"", ""query"": {""and"": [{""field"": ""title"", ""value"": ""逻辑思维启蒙""}, {""field"": ""content_type"", ""value"": ""动画""}, {""field"": ""age_range"", ""from"": 4, ""to"": 5}]}}"
[row=110] 109,有声+设备,小兵张嘎儿童版有声剧在哪？，调到50格音量,numeric_adjust,['audio_search'],TRUE,TRUE,TRUE,2,"numeric_adjust:{""operation"": ""设置"", ""object"": ""音量"", ""value"": ""50"", ""device"": """", ""location"": """"} | audio_search:{""action"": ""search"", ""query"": ""小兵张嘎儿童版有声剧在哪？""}"
[row=113] 112,少儿+设备,打开极致黑对比度，同时我今年4岁了，你猜我喜欢看什么,display_control,['educ_fuzzy_search'],TRUE,TRUE,TRUE,2,"display_control:{""operation"": ""打开"", ""object"": ""极致黑对比度"", ""value"": """", ""device"": """", ""location"": """"} | educ_fuzzy_search:{""query"": ""我今年4岁了，你猜我喜欢看什么""}"
[row=108] 107,少儿+设备,对比度调到50，然后搜索宝宝学习自我认知的少儿动画,numeric_adjust,['educ_search'],TRUE,TRUE,TRUE,2,"numeric_adjust:{""operation"": ""设置"", ""object"": ""对比度"", ""value"": ""50"", ""device"": """", ""location"": """"} | educ_search:{""retext"": ""搜索宝宝学习自我认知的少儿动画"", ""query"": {""field"": ""content_type"", ""value"": ""动画""}}"
[row=116] 115,音乐+设备,放松的歌曲，色度设置为70%,numeric_adjust,['music_song_search'],TRUE,TRUE,TRUE,2,"numeric_adjust:{""operation"": ""设置"", ""object"": ""色度"", ""value"": ""70%"", ""device"": """", ""location"": """"} | music_song_search:{""retext"": ""放松的歌曲"", ""tag"": [""轻松""]}"
[row=117] 116,音乐+设备,音效模式切换到舞曲音效，播放包含妈妈坐在门前，哼着花儿与少年的歌,mode_control,['music_song_search'],TRUE,TRUE,TRUE,2,"mode_control:{""operation"": ""设置"", ""object"": ""音效模式"", ""value"": ""舞曲音效"", ""device"": """", ""location"": """"} | music_song_search:{""retext"": ""播放包含妈妈坐在门前，哼着花儿与少年的歌"", ""lyrics"": [""妈妈坐在门前哼着花儿与少年""]}"
[row=119] 118,教育+设备,从01:30开始播放，再高2年级的数学教学教程免费,playback_control,['edu_search'],TRUE,TRUE,TRUE,2,"playback_control:{""operation"": ""跳转"", ""object"": ""播放控制"", ""value"": ""01:30"", ""device"": """", ""location"": """"} | edu_search:{""query"": {""and"": [{""field"": ""grade"", ""value"": ""高二""}, {""field"": ""is_fee"", ""value"": 0}, {""field"": ""first_subject"", ""value"": ""数学""}, {""field"": ""k12_category"", ""values"": [""同步课"", ""同步拓展课""], ""operator"": ""or""}]}}"
[row=112] 111,教育+设备,打开电视模式，顺便我想学高二化学,mode_control,['edu_search'],TRUE,TRUE,TRUE,2,"mode_control:{""operation"": ""打开"", ""object"": ""电视模式"", ""value"": """", ""device"": """", ""location"": """"} | edu_search:{""query"": {""and"": [{""field"": ""grade"", ""value"": ""高二""}, {""field"": ""first_subject"", ""value"": ""化学""}, {""field"": ""k12_category"", ""values"": [""同步课"", ""同步拓展课""], ""operator"": ""or""}]}}"
[row=111] 110,少儿+设备,请播放益智早教，色彩太艳了,numeric_adjust,['educ_search'],TRUE,TRUE,TRUE,2,"numeric_adjust:{""operation"": ""降低"", ""object"": ""色度"", ""value"": """", ""device"": """", ""location"": """"} | educ_search:{""retext"": ""请播放益智早教"", ""query"": {""and"": [{""field"": ""children_second_genre"", ""value"": ""早教""}, {""field"": ""children_third_genre"", ""value"": ""益智""}]}}"
[row=118] 117,有声+设备,恢复正常声音，顺便搜索历史人物传记音频,numeric_adjust,['audio_search'],TRUE,TRUE,TRUE,2,"numeric_adjust:{""operation"": ""关闭"", ""object"": ""静音"", ""value"": """", ""device"": """", ""location"": """"} | audio_search:{""action"": ""search"", ""query"": ""搜索历史人物传记音频""}"
[row=122] 121,影视+设备,快退5分钟，再老版上海滩,playback_control,['vod_search'],TRUE,TRUE,TRUE,2,"playback_control:{""operation"": ""快退"", ""object"": ""播放控制"", ""value"": ""5分钟"", ""device"": """", ""location"": """"} | vod_search:{""action"": ""search"", ""retext"": ""老版上海滩"", ""query"": {""field"": ""title"", ""value"": ""上海滩""}}"
[row=73] 72,影视+设备,播放王牌对王牌第八季最新一期的第三十分钟，再打开场景细节增强,display_control,['vod_fuzzy_search'],TRUE,TRUE,TRUE,2,"display_control:{""operation"": ""打开"", ""object"": ""场景细节增强"", ""value"": """", ""device"": """", ""location"": """"} | vod_fuzzy_search:{""query"": ""播放王牌对王牌第八季最新一期的第三十分钟""}"
[row=120] 119,有声+设备,放米小圈上学记音频第89集，然后清晰度调到最高,numeric_adjust,['audio_search'],TRUE,TRUE,TRUE,2,"numeric_adjust:{""operation"": ""设置"", ""object"": ""清晰度"", ""value"": ""100%"", ""device"": """", ""location"": """"} | audio_search:{""action"": ""play"", ""query"": ""放米小圈上学记音频第89集""}"
[row=121] 120,教育+设备,打开DTS_Virtual_X音效，五年级的语文课本上册,audio_control,['edu_search'],TRUE,TRUE,TRUE,2,"audio_control:{""operation"": ""打开"", ""object"": ""dts_virtual_x音效"", ""value"": """", ""device"": """", ""location"": """"} | edu_search:{""query"": {""and"": [{""field"": ""grade"", ""value"": ""五年级""}, {""field"": ""semester"", ""value"": ""上半学期""}, {""field"": ""first_subject"", ""value"": ""语文""}, {""field"": ""k12_category"", ""values"": [""同步课"", ""同步拓展课""], ""operator"": ""or""}]}}"
[row=123] 122,教育+设备,7年级的书本下册，同时打开手动对焦,display_control,['edu_search'],TRUE,TRUE,TRUE,2,"display_control:{""operation"": ""打开"", ""object"": ""手动对焦"", ""value"": """", ""device"": """", ""location"": """"} | edu_search:{""query"": {""and"": [{""field"": ""grade"", ""value"": ""七年级""}, {""field"": ""semester"", ""value"": ""下半学期""}, {""field"": ""k12_category"", ""values"": [""同步课"", ""同步拓展课""], ""operator"": ""or""}]}}"
[row=124] 123,体育+设备,延时关机1小时，顺便cba常规赛,timer_control,['sports_match_search'],TRUE,TRUE,TRUE,2,"timer_control:{""operation"": ""打开"", ""object"": ""关机"", ""date_time"": ""1小时"", ""device"": """", ""location"": """"} | sports_match_search:{""query"": {""and"": [{""field"": ""sport_game"", ""value"": ""cba""}, {""field"": ""sport_competition_phase"", ""value"": ""常规赛""}]}}"
[row=125] 124,体育+设备,声音模式切换到标准模式，同时播放西甲联赛,mode_control,['sports_match_search'],TRUE,TRUE,TRUE,2,"mode_control:{""operation"": ""设置"", ""object"": ""声音模式"", ""value"": ""标准模式"", ""device"": """", ""location"": """"} | sports_match_search:{""query"": {""field"": ""sport_game"", ""value"": ""西甲""}}"
[row=127] 126,音乐+设备,开心的歌，播放,playback_control,['music_song_search'],TRUE,TRUE,TRUE,2,"playback_control:{""operation"": ""播放"", ""object"": ""播放控制"", ""value"": """", ""device"": """", ""location"": """"} | music_song_search:{""retext"": ""开心的歌"", ""tag"": [""开心""]}"
[row=131] 130,少儿+设备,前进60秒，再动画片播放美人鱼,playback_control,['educ_search'],TRUE,TRUE,TRUE,2,"playback_control:{""operation"": ""快进"", ""object"": ""播放控制"", ""value"": ""60秒"", ""device"": """", ""location"": """"} | educ_search:{""retext"": ""动画片播放美人鱼"", ""query"": {""and"": [{""field"": ""title"", ""value"": ""美人鱼""}, {""field"": ""content_type"", ""value"": ""动画""}]}}"
[row=126] 125,体育+设备,麻烦搜索击剑回播，同时屏幕暗场太黑了帮我设置一下,solve_picture_sound_problem_control,['sports_match_search'],TRUE,TRUE,TRUE,2,"solve_picture_sound_problem_control:{""intent"": ""dark_areas_crushed""} | sports_match_search:{""query"": {""and"": [{""field"": ""sport_name"", ""value"": ""击剑""}, {""field"": ""live_state"", ""values"": [""3"", ""4""]}]}}"
[row=132] 131,音乐+设备,清晰度调到70，兰亭序麒麟歌曲,numeric_adjust,['music_song_search'],TRUE,TRUE,TRUE,2,"numeric_adjust:{""operation"": ""设置"", ""object"": ""清晰度"", ""value"": ""70"", ""device"": """", ""location"": """"} | music_song_search:{""retext"": ""兰亭序麒麟歌曲"", ""song"": [""兰亭序麒麟""]}"
[row=75] 74,影视+设备,一群蓝色的人骑着大鸟的电影是什么，然后声音模式设置为音乐模式,mode_control,['vod_fuzzy_search'],TRUE,TRUE,TRUE,2,"mode_control:{""operation"": ""设置"", ""object"": ""声音模式"", ""value"": ""音乐模式"", ""device"": """", ""location"": """"} | vod_fuzzy_search:{""query"": ""一群蓝色的人骑着大鸟的电影是什么""}"
[row=129] 128,音乐+设备,播放泰坦尼克号的歌曲视频，顺便屏幕调亮些,numeric_adjust,['music_song_mv_search'],TRUE,TRUE,TRUE,2,"numeric_adjust:{""operation"": ""提高"", ""object"": ""亮度"", ""value"": """", ""device"": """", ""location"": """"} | music_song_mv_search:{""retext"": ""播放泰坦尼克号的歌曲视频"", ""ip"": [""泰坦尼克号""]}"
[row=135] 134,有声+设备,打开waves超重低音，再放第三集的米吴科学大探险有声版,audio_control,['audio_search'],TRUE,TRUE,TRUE,2,"audio_control:{""operation"": ""打开"", ""object"": ""waves超重低音"", ""value"": """", ""device"": """", ""location"": """"} | audio_search:{""action"": ""play"", ""query"": ""放第三集的米吴科学大探险有声版""}"
[row=130] 129,少儿+设备,播放免费的安娜小公主，同时亮度调到最高,numeric_adjust,['educ_search'],TRUE,TRUE,TRUE,2,"numeric_adjust:{""operation"": ""设置"", ""object"": ""亮度"", ""value"": ""100%"", ""device"": """", ""location"": """"} | educ_search:{""retext"": ""播放免费的安娜小公主"", ""query"": {""and"": [{""or"": [{""field"": ""role"", ""value"": ""安娜""}, {""field"": ""title"", ""value"": ""安娜""}, {""field"": ""title"", ""value"": ""小公主""}]}, {""field"": ""is_fee"", ""value"": 0}]}}"
[row=128] 127,少儿+设备,播放小恐龙巴布，顺便打开自动梯形校正,display_control,['educ_search'],TRUE,TRUE,TRUE,2,"display_control:{""operation"": ""打开"", ""object"": ""自动梯形校正"", ""value"": """", ""device"": """", ""location"": """"} | educ_search:{""retext"": ""播放小恐龙巴布"", ""query"": {""field"": ""title"", ""value"": ""小恐龙巴布""}}"
[row=134] 133,体育+设备,启动护眼模式，再网球的视频,mode_control,['sports_vod_search'],TRUE,TRUE,TRUE,2,"mode_control:{""operation"": ""打开"", ""object"": ""护眼模式"", ""value"": """", ""device"": """", ""location"": """"} | sports_vod_search:{""query"": {""field"": ""sport_name"", ""value"": ""网球""}}"
[row=133] 132,少儿+设备,海信小聚播放动画片，顺便静音设置,numeric_adjust,['educ_search'],TRUE,TRUE,TRUE,2,"numeric_adjust:{""operation"": ""打开"", ""object"": ""静音"", ""value"": """", ""device"": """", ""location"": """"} | educ_search:{""retext"": ""海信小聚播放动画片"", ""query"": {""field"": ""content_type"", ""value"": ""动画""}}"
[row=139] 138,音乐+设备,图像模式切换到鲜艳模式，同时林夕作词陈辉阳作曲王菲演唱的歌曲,mode_control,['music_song_search'],TRUE,TRUE,TRUE,2,"mode_control:{""operation"": ""设置"", ""object"": ""图像模式"", ""value"": ""鲜艳模式"", ""device"": """", ""location"": """"} | music_song_search:{""retext"": ""林夕作词陈辉阳作曲王菲演唱的歌曲"", ""singer"": [""王菲""], ""lyricist"": [""林夕""], ""composer"": [""陈辉阳""]}"
[row=136] 135,有声+设备,色度加50，顺便跳到赘婿小说的第200章,numeric_adjust,['audio_search'],TRUE,TRUE,TRUE,2,"numeric_adjust:{""operation"": ""提高"", ""object"": ""色度"", ""value"": ""50"", ""device"": """", ""location"": """"} | audio_search:{""action"": ""play"", ""query"": ""跳到赘婿小说的第200章""}"
[row=137] 136,影视+设备,推荐跟冰雪奇缘相近的影片，同时音效模式管理,mode_control,['vod_relate_search'],TRUE,TRUE,TRUE,2,"mode_control:{""operation"": ""打开"", ""object"": ""音效模式"", ""value"": """", ""device"": """", ""location"": """"} | vod_relate_search:{""query"": {""and"": [{""field"": ""title"", ""value"": ""冰雪奇缘""}, {""field"": ""category"", ""value"": ""电影""}]}}"
[row=138] 137,教育+设备,三年级上册数学人教版教案，再声音大小调节,numeric_adjust,['edu_search'],TRUE,TRUE,TRUE,2,"numeric_adjust:{""operation"": ""设置"", ""object"": ""音量"", ""value"": """", ""device"": """", ""location"": """"} | edu_search:{""query"": {""and"": [{""field"": ""grade"", ""value"": ""三年级""}, {""field"": ""semester"", ""value"": ""上半学期""}, {""field"": ""material_version"", ""value"": ""人教版""}, {""field"": ""first_subject"", ""value"": ""数学""}, {""field"": ""k12_category"", ""values"": [""同步课"", ""同步拓展课""], ""operator"": ""or""}]}}"
[row=143] 142,有声+设备,快进1分钟，然后请让我听天道方程式音频,playback_control,['audio_search'],TRUE,TRUE,TRUE,2,"playback_control:{""operation"": ""快进"", ""object"": ""播放控制"", ""value"": ""1分钟"", ""device"": """", ""location"": """"} | audio_search:{""action"": ""play"", ""query"": ""请让我听天道方程式音频""}"
[row=145] 144,音乐+设备,有没有环保公益主题的音乐，然后清晰度设置为30%,numeric_adjust,['music_song_search'],TRUE,TRUE,TRUE,2,"numeric_adjust:{""operation"": ""设置"", ""object"": ""清晰度"", ""value"": ""30%"", ""device"": """", ""location"": """"} | music_song_search:{""retext"": ""有没有环保公益主题的音乐"", ""tag"": [""环保公益""]}"
[row=144] 143,影视+设备,打开梯形校正校准，顺便类似《赘婿》的剧,display_control,['vod_relate_search'],TRUE,TRUE,TRUE,2,"display_control:{""operation"": ""打开"", ""object"": ""梯形校正校准"", ""value"": """", ""device"": """", ""location"": """"} | vod_relate_search:{""query"": {""and"": [{""field"": ""title"", ""value"": ""赘婿""}, {""field"": ""category"", ""value"": ""电视剧""}]}}"
[row=147] 146,音乐+设备,取消静音，播放喊麦歌曲,numeric_adjust,['music_song_search'],TRUE,TRUE,TRUE,2,"numeric_adjust:{""operation"": ""关闭"", ""object"": ""静音"", ""value"": """", ""device"": """", ""location"": """"} | music_song_search:{""retext"": ""播放喊麦歌曲"", ""tag"": [""喊麦""]}"
[row=140] 139,少儿+设备,进入声音主题定制，再科普类动画片儿,audio_control,['educ_search'],TRUE,TRUE,TRUE,2,"audio_control:{""operation"": ""打开"", ""object"": ""声音主题定制"", ""value"": """", ""device"": """", ""location"": """"} | educ_search:{""retext"": ""科普类动画片儿"", ""query"": {""and"": [{""field"": ""content_type"", ""value"": ""动画""}, {""field"": ""children_second_genre"", ""value"": ""科普""}]}}"
[row=141] 140,少儿+设备,播放普通话的芭比，再打开物理超广视角,display_control,['educ_search'],TRUE,TRUE,TRUE,2,"display_control:{""operation"": ""打开"", ""object"": ""物理超广视角"", ""value"": """", ""device"": """", ""location"": """"} | educ_search:{""retext"": ""播放普通话的芭比"", ""query"": {""and"": [{""field"": ""title"", ""value"": ""芭比""}, {""field"": ""language"", ""value"": ""普通话""}]}}"
[row=149] 148,体育+设备,视频快进，再播放丁俊晖台球比赛,playback_control,['sports_match_search'],TRUE,TRUE,TRUE,2,"playback_control:{""operation"": ""快进"", ""object"": ""播放控制"", ""value"": """", ""device"": """", ""location"": """"} | sports_match_search:{""query"": {""and"": [{""field"": ""sport_name"", ""value"": ""台球""}, {""field"": ""sport_star"", ""value"": ""丁俊晖""}]}}"
[row=146] 145,体育+设备,画面模糊了，再我想看cba,numeric_adjust,['sports_match_search'],TRUE,TRUE,TRUE,2,"numeric_adjust:{""operation"": ""提高"", ""object"": ""清晰度"", ""value"": """", ""device"": """", ""location"": """"} | sports_match_search:{""query"": {""field"": ""sport_game"", ""value"": ""CBA""}}"
[row=142] 141,少儿+设备,播放丑小鸭，启动防射眼,display_control,['educ_search'],TRUE,TRUE,TRUE,2,"display_control:{""operation"": ""打开"", ""object"": ""防射眼"", ""value"": """", ""device"": """", ""location"": """"} | educ_search:{""retext"": ""播放丑小鸭"", ""query"": {""field"": ""title"", ""value"": ""丑小鸭""}}"
[row=148] 147,音乐+设备,林若宁填词的歌曲，同时启动运动补偿,display_control,['music_song_search'],TRUE,TRUE,TRUE,2,"display_control:{""operation"": ""打开"", ""object"": ""运动补偿"", ""value"": """", ""device"": """", ""location"": """"} | music_song_search:{""retext"": ""林若宁填词的歌曲"", ""lyricist"": [""林若宁""]}"
[row=150] 149,有声+设备,播放连续广播剧，然后打开Imax_Enhanced,display_control,['audio_search'],FALSE,TRUE,FALSE,2,"display_control:{""operation"": ""打开"", ""object"": ""imaxenhanced"", ""value"": """", ""device"": """", ""location"": """"} | audio_search:{""action"": ""play"", ""query"": ""播放连续广播剧""}"
[row=151] 150,有声+设备,打开数字艺术，然后我想听鬼吹灯第二部第5集,display_control,['audio_search'],TRUE,TRUE,TRUE,2,"display_control:{""operation"": ""打开"", ""object"": ""数字艺术"", ""value"": """", ""device"": """", ""location"": """"} | audio_search:{""action"": ""play"", ""query"": ""我想听鬼吹灯第二部第5集""}"
[row=153] 152,有声+设备,我要听斗罗大陆第100回，再快进到10:00位置,playback_control,['audio_search'],TRUE,TRUE,TRUE,2,"playback_control:{""operation"": ""快进到"", ""object"": ""播放控制"", ""value"": ""10:00"", ""device"": """", ""location"": """"} | audio_search:{""action"": ""play"", ""query"": ""我要听斗罗大陆第100回""}"
[row=155] 154,教育+设备,适合高中二年级的政治课内容，同时打开重启,power_control,['edu_search'],TRUE,TRUE,TRUE,2,"power_control:{""operation"": ""打开"", ""object"": ""重启"", ""value"": """", ""device"": """", ""location"": """"} | edu_search:{""query"": {""and"": [{""field"": ""grade"", ""value"": ""高二""}, {""field"": ""first_subject"", ""value"": ""政治""}, {""field"": ""k12_category"", ""values"": [""同步课"", ""同步拓展课""], ""operator"": ""or""}]}}"
[row=154] 153,影视+设备,打开护眼模式，同时根据我的兴趣推荐几部剧,mode_control,['vod_personalized_search'],TRUE,TRUE,TRUE,2,"mode_control:{""operation"": ""打开"", ""object"": ""护眼模式"", ""value"": """", ""device"": """", ""location"": """"} | vod_personalized_search:{""category"": ""电视剧""}"
[row=159] 158,少儿+设备,图像配置，然后“我是佩奇，这是我的弟弟乔治” 来自哪部动画,mode_control,['educ_fuzzy_search'],TRUE,TRUE,TRUE,2,"mode_control:{""operation"": ""设置"", ""object"": ""图像模式"", ""value"": """", ""device"": """", ""location"": """"} | educ_fuzzy_search:{""query"": ""“我是佩奇，这是我的弟弟乔治” 来自哪部动画""}"
[row=157] 156,体育+设备,晚上10点关机，然后太阳队,timer_control,['sports_team_search'],TRUE,TRUE,TRUE,2,"timer_control:{""operation"": ""打开"", ""object"": ""关机"", ""date_time"": ""22:00"", ""device"": """", ""location"": """"} | sports_team_search:{""sport_team"": ""菲尼克斯太阳队""}"
[row=160] 159,音乐+设备,开机，免费粤语音乐,power_control,['music_song_search'],TRUE,TRUE,TRUE,2,"power_control:{""operation"": ""打开"", ""object"": ""开机"", ""value"": """", ""device"": """", ""location"": """"} | music_song_search:{""retext"": ""免费粤语音乐"", ""version"": [""免费版""], ""tag"": [""粤语""]}"
[row=158] 157,体育+设备,中超射手排行榜，然后音效模式设置为蓝调音效,mode_control,['sports_rank_search'],TRUE,TRUE,TRUE,2,"mode_control:{""operation"": ""设置"", ""object"": ""音效模式"", ""value"": ""蓝调音效"", ""device"": """", ""location"": """"} | sports_rank_search:{""sport_game"": ""中超"", ""sport_rank_type"": ""射手榜""}"
[row=156] 155,教育+设备,清晰度数值70，同时4年级的数学和语文,numeric_adjust,['edu_search'],TRUE,TRUE,TRUE,2,"numeric_adjust:{""operation"": ""设置"", ""object"": ""清晰度"", ""value"": ""70"", ""device"": """", ""location"": """"} | edu_search:{""query"": {""and"": [{""field"": ""grade"", ""value"": ""四年级""}, {""field"": ""first_subject"", ""values"": [""语文"", ""数学""], ""operator"": ""or""}, {""field"": ""k12_category"", ""values"": [""同步课"", ""同步拓展课""], ""operator"": ""or""}]}}"
[row=165] 164,音乐+设备,打开MiniLed，顺便播放熊大熊二的歌,display_control,['music_song_search'],TRUE,TRUE,TRUE,2,"display_control:{""operation"": ""打开"", ""object"": ""miniled"", ""value"": """", ""device"": """", ""location"": """"} | music_song_search:{""retext"": ""播放熊大熊二的歌"", ""ip"": [""熊出没""]}"
[row=161] 160,体育+设备,关于皇马的球赛视频，顺便对比度调整,numeric_adjust,['sports_vod_search'],TRUE,TRUE,TRUE,2,"numeric_adjust:{""operation"": ""设置"", ""object"": ""对比度"", ""value"": """", ""device"": """", ""location"": """"} | sports_vod_search:{""query"": {""field"": ""sport_team"", ""value"": ""皇马""}}"
[row=163] 162,有声+设备,快退到10:00位置，我想听近现代历史题材的广播剧,playback_control,['audio_search'],TRUE,TRUE,TRUE,2,"playback_control:{""operation"": ""快退到"", ""object"": ""播放控制"", ""value"": ""10:00"", ""device"": """", ""location"": """"} | audio_search:{""action"": ""play"", ""query"": ""我想听近现代历史题材的广播剧""}"
[row=164] 163,有声+设备,三字经听第1集，同时声音静音,numeric_adjust,['audio_search'],TRUE,TRUE,TRUE,2,"numeric_adjust:{""operation"": ""打开"", ""object"": ""静音"", ""value"": """", ""device"": """", ""location"": """"} | audio_search:{""action"": ""play"", ""query"": ""三字经听第1集""}"
[row=168] 167,体育+设备,打开超清在线解析，顺便罗马主场对斯图加特的球赛,display_control,['sports_match_search'],TRUE,TRUE,TRUE,2,"display_control:{""operation"": ""打开"", ""object"": ""超清在线解析"", ""value"": """", ""device"": """", ""location"": """"} | sports_match_search:{""query"": {""and"": [{""field"": ""sport_team_home"", ""value"": ""罗马""}, {""field"": ""sport_team_guest"", ""value"": ""斯图加特""}]}}"
[row=166] 165,体育+设备,wcba，顺便音量数值调到50,numeric_adjust,['sports_match_search'],TRUE,TRUE,TRUE,2,"numeric_adjust:{""operation"": ""设置"", ""object"": ""音量"", ""value"": ""50"", ""device"": """", ""location"": """"} | sports_match_search:{""query"": {""field"": ""sport_game"", ""value"": ""wcba""}}"
[row=103] 102,影视+设备,樊长玉揭露李丞相阴谋复仇片段，打开环境光感智能,display_control,['vod_fuzzy_search'],TRUE,TRUE,TRUE,2,"display_control:{""operation"": ""打开"", ""object"": ""环境光感智能"", ""value"": """", ""device"": """", ""location"": """"} | vod_fuzzy_search:{""query"": ""樊长玉揭露李丞相阴谋复仇片段""}"
[row=171] 170,教育+设备,免费的初二地理课，顺便进入几何校正,display_control,['edu_search'],TRUE,TRUE,TRUE,2,"display_control:{""operation"": ""打开"", ""object"": ""几何校正"", ""value"": """", ""device"": """", ""location"": """"} | edu_search:{""query"": {""and"": [{""field"": ""grade"", ""value"": ""八年级""}, {""field"": ""is_fee"", ""value"": 0}, {""field"": ""first_subject"", ""value"": ""地理""}, {""field"": ""k12_category"", ""values"": [""同步课"", ""同步拓展课""], ""operator"": ""or""}]}}"
[row=173] 172,音乐+设备,声音效果模式，再听一个爵士风格的歌,mode_control,['music_song_search'],TRUE,TRUE,TRUE,2,"mode_control:{""operation"": ""设置"", ""object"": ""声音模式"", ""value"": """", ""device"": """", ""location"": """"} | music_song_search:{""retext"": ""听一个爵士风格的歌"", ""tag"": [""爵士""]}"
[row=167] 166,教育+设备,1年级课堂语文课1年级上册，顺便运动不流畅帮我调节一下,display_control,['edu_search'],TRUE,TRUE,TRUE,2,"display_control:{""operation"": ""打开"", ""object"": ""运动补偿"", ""value"": """", ""device"": """", ""location"": """"} | edu_search:{""query"": {""and"": [{""field"": ""grade"", ""value"": ""一年级""}, {""field"": ""semester"", ""value"": ""上半学期""}, {""field"": ""first_subject"", ""value"": ""语文""}, {""field"": ""k12_category"", ""values"": [""同步课"", ""同步拓展课""], ""operator"": ""or""}]}}"
[row=169] 168,体育+设备,冰球的视频，再设置音效模式为蓝调音效,mode_control,['sports_vod_search'],TRUE,TRUE,TRUE,2,"mode_control:{""operation"": ""设置"", ""object"": ""音效模式"", ""value"": ""蓝调音效"", ""device"": """", ""location"": """"} | sports_vod_search:{""query"": {""field"": ""sport_name"", ""value"": ""冰球""}}"
[row=172] 171,影视+设备,改编自莫言小说的电影，再开智能画质,mode_control,['vod_search_all'],TRUE,TRUE,TRUE,2,"mode_control:{""operation"": ""设置"", ""object"": """", ""value"": ""ai画质"", ""device"": """", ""location"": """"} | vod_search_all:{""action"": ""search"", ""retext"": ""改编自莫言小说的电影"", ""query"": {""and"": [{""field"": ""category"", ""value"": ""电影""}, {""field"": ""writer"", ""value"": ""莫言""}, {""field"": ""creation_source"", ""value"": ""小说改编""}]}}"
[row=170] 169,有声+设备,打开白平衡增益设置，同时有没有郑渊洁的童话有声书？,display_control,['audio_search'],TRUE,TRUE,TRUE,2,"display_control:{""operation"": ""打开"", ""object"": ""白平衡增益设置"", ""value"": """", ""device"": """", ""location"": """"} | audio_search:{""action"": ""search"", ""query"": ""有没有郑渊洁的童话有声书？""}"
[row=174] 173,少儿+设备,打开原音复刻引擎，同时类似小猪佩奇的动画片,audio_control,['educ_relate_recommend'],TRUE,TRUE,TRUE,2,"audio_control:{""operation"": ""打开"", ""object"": ""原音复刻引擎"", ""value"": """", ""device"": """", ""location"": """"} | educ_relate_recommend:{""query"": {""and"": [{""field"": ""title"", ""value"": ""小猪佩奇""}, {""field"": ""content_type"", ""value"": ""动画""}]}}"
[row=177] 176,教育+设备,8年级免费的数学题，同时清晰度设置为70%,numeric_adjust,['edu_search'],TRUE,TRUE,TRUE,2,"numeric_adjust:{""operation"": ""设置"", ""object"": ""清晰度"", ""value"": ""70%"", ""device"": """", ""location"": """"} | edu_search:{""query"": {""and"": [{""field"": ""grade"", ""value"": ""八年级""}, {""field"": ""is_fee"", ""value"": 0}, {""field"": ""first_subject"", ""value"": ""数学""}, {""field"": ""k12_category"", ""values"": [""同步课"", ""同步拓展课""], ""operator"": ""or""}]}}"
[row=107] 106,影视+设备,进入切换声音，然后适合全家人一起看的电视剧,audio_control,['vod_fuzzy_search'],TRUE,TRUE,TRUE,2,"audio_control:{""operation"": ""打开"", ""object"": ""切换声音"", ""value"": """", ""device"": """", ""location"": """"} | vod_fuzzy_search:{""query"": ""适合全家人一起看的电视剧""}"
[row=178] 177,体育+设备,预约泰勒弗里茨2月1日的下场球赛，顺便对比度设置为70%,numeric_adjust,['sports_match_reservation'],TRUE,TRUE,TRUE,2,"numeric_adjust:{""operation"": ""设置"", ""object"": ""对比度"", ""value"": ""70%"", ""device"": """", ""location"": """"} | sports_match_reservation:{""query"": {""and"": [{""field"": ""sport_star"", ""value"": ""泰勒·弗里茨""}, {""field"": ""sport_time"", ""value"": ""20260201""}]}}"
[row=179] 178,音乐+设备,进入中置声场，再推荐几首元旦节适合听的歌,audio_control,['music_song_search'],TRUE,TRUE,TRUE,2,"audio_control:{""operation"": ""打开"", ""object"": ""中置声场"", ""value"": """", ""device"": """", ""location"": """"} | music_song_search:{""retext"": ""推荐几首元旦节适合听的歌"", ""tag"": [""元旦""]}"
[row=181] 180,音乐+设备,视频快退，再换个一路向北,playback_control,['music_song_search'],TRUE,TRUE,TRUE,2,"playback_control:{""operation"": ""快退"", ""object"": ""播放控制"", ""value"": """", ""device"": """", ""location"": """"} | music_song_search:{""retext"": ""换个一路向北"", ""song"": [""一路向北""]}"
[row=114] 113,影视+设备,找满江红里这计划赌的不是局，是人的片段，同时音量太大了，调小点,numeric_adjust,['vod_fuzzy_search'],TRUE,TRUE,TRUE,2,"numeric_adjust:{""operation"": ""降低"", ""object"": ""音量"", ""value"": """", ""device"": """", ""location"": """"} | vod_fuzzy_search:{""query"": ""找满江红里这计划赌的不是局，是人的片段""}"
[row=115] 114,有声+设备,听斗破苍穹最新更新的那一集，顺便打开AI原生肤色Pro,display_control,['audio_search'],TRUE,FALSE,FALSE,2,"display_control:{""operation"": ""打开"", ""object"": ""ai原生肤色pro"", ""value"": """", ""device"": """", ""location"": """"} | vod_fuzzy_search:{""query"": ""听斗破苍穹最新更新的那一集""}"
[row=176] 175,教育+设备,音量减80，同时二年级上册数学青岛版,numeric_adjust,['edu_search'],TRUE,TRUE,TRUE,2,"numeric_adjust:{""operation"": ""降低"", ""object"": ""音量"", ""value"": ""80"", ""device"": """", ""location"": """"} | edu_search:{""query"": {""and"": [{""field"": ""grade"", ""value"": ""二年级""}, {""field"": ""semester"", ""value"": ""上半学期""}, {""field"": ""material_version"", ""value"": ""青岛版""}, {""field"": ""first_subject"", ""value"": ""数学""}, {""field"": ""k12_category"", ""values"": [""同步课"", ""同步拓展课""], ""operator"": ""or""}]}}"
[row=182] 181,有声+设备,播放生活小窍门音频，再打开多层次细节增强演示,display_control,['audio_search'],TRUE,TRUE,TRUE,2,"display_control:{""operation"": ""打开"", ""object"": ""多层次细节增强演示"", ""value"": """", ""device"": """", ""location"": """"} | audio_search:{""action"": ""play"", ""query"": ""播放生活小窍门音频""}"
[row=184] 183,少儿+设备,我想看免费的有天才威的熊出没，打开全时图像优化,display_control,['educ_search'],TRUE,TRUE,TRUE,2,"display_control:{""operation"": ""打开"", ""object"": ""全时图像优化"", ""value"": """", ""device"": """", ""location"": """"} | educ_search:{""retext"": ""我想看免费的有天才威的熊出没"", ""query"": {""and"": [{""or"": [{""field"": ""role"", ""value"": ""天才威""}, {""field"": ""title"", ""value"": ""天才威""}, {""field"": ""title"", ""value"": ""熊出没""}]}, {""field"": ""is_fee"", ""value"": 0}]}}"
[row=175] 174,体育+设备,观看澳网的视频，然后亮度设置,numeric_adjust,['sports_vod_search'],TRUE,TRUE,TRUE,2,"numeric_adjust:{""operation"": ""设置"", ""object"": ""亮度"", ""value"": """", ""device"": """", ""location"": """"} | sports_vod_search:{""query"": {""field"": ""sport_game"", ""value"": ""澳网""}}"
[row=183] 182,教育+设备,2024人教版七年级上册政治，顺便取消定时关机,timer_control,['edu_search'],TRUE,TRUE,TRUE,2,"timer_control:{""operation"": ""关闭"", ""object"": ""关机"", ""value"": """", ""device"": """", ""location"": """"} | edu_search:{""query"": {""and"": [{""field"": ""grade"", ""value"": ""七年级""}, {""field"": ""semester"", ""value"": ""上半学期""}, {""field"": ""material_version"", ""value"": ""人教版""}, {""field"": ""first_subject"", ""value"": ""政治""}, {""field"": ""k12_category"", ""values"": [""同步课"", ""同步拓展课""], ""operator"": ""or""}]}}"
[row=188] 187,影视+设备,暂停播放，顺便看一下周迅电影哭戏名场面合集,playback_control,['vod_fuzzy_search'],TRUE,TRUE,TRUE,2,"playback_control:{""operation"": ""停止"", ""object"": ""播放控制"", ""value"": """", ""device"": """", ""location"": """"} | vod_fuzzy_search:{""query"": ""看一下周迅电影哭戏名场面合集""}"
[row=185] 184,教育+设备,1年级语文上人教版，顺便对话声音小,solve_picture_sound_problem_control,['edu_search'],TRUE,TRUE,TRUE,2,"solve_picture_sound_problem_control:{""intent"": ""voice_not_clear""} | edu_search:{""query"": {""and"": [{""field"": ""grade"", ""value"": ""一年级""}, {""field"": ""semester"", ""value"": ""上半学期""}, {""field"": ""material_version"", ""value"": ""人教版""}, {""field"": ""first_subject"", ""value"": ""语文""}, {""field"": ""k12_category"", ""values"": [""同步课"", ""同步拓展课""], ""operator"": ""or""}]}}"
[row=193] 192,影视+设备,我要看免费的打仗的电视剧，顺便跳到结尾,playback_control,['vod_search'],TRUE,TRUE,TRUE,2,"playback_control:{""operation"": ""跳转"", ""object"": ""播放控制"", ""value"": """", ""device"": """", ""location"": """"} | vod_search:{""action"": ""search"", ""retext"": ""我要看免费的打仗的电视剧"", ""query"": {""and"": [{""field"": ""category"", ""value"": ""电视剧""}, {""field"": ""tag"", ""value"": ""战争""}, {""field"": ""is_fee"", ""value"": 0}]}}"
[row=192] 191,教育+设备,1年级的人教版，画面颜色太红了帮我调整一下,solve_picture_sound_problem_control,['edu_search'],TRUE,TRUE,TRUE,2,"solve_picture_sound_problem_control:{""intent"": ""red_color_cast""} | edu_search:{""query"": {""and"": [{""field"": ""grade"", ""value"": ""一年级""}, {""field"": ""material_version"", ""value"": ""人教版""}, {""field"": ""k12_category"", ""values"": [""同步课"", ""同步拓展课""], ""operator"": ""or""}]}}"
[row=191] 190,教育+设备,初二下册所有的课文，打开屏幕校正,display_control,['edu_search'],TRUE,TRUE,TRUE,2,"display_control:{""operation"": ""打开"", ""object"": ""屏幕校正"", ""value"": """", ""device"": """", ""location"": """"} | edu_search:{""query"": {""and"": [{""field"": ""grade"", ""value"": ""八年级""}, {""field"": ""semester"", ""value"": ""下半学期""}, {""field"": ""k12_category"", ""values"": [""同步课"", ""同步拓展课""], ""operator"": ""or""}]}}"
[row=194] 193,有声+设备,父与子让我听听，顺便切换到体育模式,mode_control,['audio_search'],TRUE,TRUE,TRUE,2,"mode_control:{""operation"": ""设置"", ""object"": """", ""value"": ""体育模式"", ""device"": """", ""location"": """"} | audio_search:{""action"": ""play"", ""query"": ""父与子让我听听""}"
[row=196] 195,有声+设备,打开运动补偿，收听大奉打更人第400集,display_control,['audio_search'],TRUE,TRUE,TRUE,2,"display_control:{""operation"": ""打开"", ""object"": ""运动补偿"", ""value"": """", ""device"": """", ""location"": """"} | audio_search:{""action"": ""play"", ""query"": ""收听大奉打更人第400集""}"
[row=195] 194,少儿+设备,23年以后的动画片，同时打开疾速控光,display_control,['educ_search_all'],TRUE,FALSE,FALSE,2,"display_control:{""operation"": ""打开"", ""object"": ""疾速控光"", ""value"": """", ""device"": """", ""location"": """"} | educ_search_all:{""retext"": ""23年以后的动画片"", ""query"": {""and"": [{""field"": ""content_type"", ""value"": ""动画""}, {""field"": ""release_time"", ""from"": ""20230101"", ""to"": ""20260824""}]}}"
[row=199] 198,体育+设备,天津津门虎队，顺便设置声音模式为标准模式,mode_control,['sports_team_search'],TRUE,TRUE,TRUE,2,"mode_control:{""operation"": ""设置"", ""object"": ""声音模式"", ""value"": ""标准模式"", ""device"": """", ""location"": """"} | sports_team_search:{""sport_team"": ""天津津门虎""}"
[row=197] 196,教育+设备,高三的物理，打开鲜艳模式模式,mode_control,['edu_search'],TRUE,TRUE,TRUE,2,"mode_control:{""operation"": ""设置"", ""object"": """", ""value"": ""鲜艳模式"", ""device"": """", ""location"": """"} | edu_search:{""query"": {""and"": [{""field"": ""grade"", ""value"": ""高三""}, {""field"": ""first_subject"", ""value"": ""物理""}, {""field"": ""k12_category"", ""values"": [""同步课"", ""同步拓展课""], ""operator"": ""or""}]}}"
[row=200] 199,体育+设备,英超后面的比赛，同时进入麦克音量,numeric_adjust,['sports_match_search'],TRUE,TRUE,TRUE,2,"numeric_adjust:{""operation"": ""打开"", ""object"": ""麦克音量"", ""value"": """", ""device"": """", ""location"": """"} | sports_match_search:{""query"": {""and"": [{""field"": ""sport_game"", ""value"": ""英超""}, {""field"": ""live_state"", ""value"": ""1""}]}}"
[row=201] 200,教育+设备,三年级数学，同时说话声音不清楚,solve_picture_sound_problem_control,['edu_search'],TRUE,TRUE,TRUE,2,"solve_picture_sound_problem_control:{""intent"": ""voice_not_clear""} | edu_search:{""query"": {""and"": [{""field"": ""grade"", ""value"": ""三年级""}, {""field"": ""first_subject"", ""value"": ""数学""}, {""field"": ""k12_category"", ""values"": [""同步课"", ""同步拓展课""], ""operator"": ""or""}]}}"
[row=152] 151,影视+设备,色彩鲜艳一点，再适合跨年的看的喜剧片单,numeric_adjust,['vod_fuzzy_search'],TRUE,TRUE,TRUE,2,"numeric_adjust:{""operation"": ""提高"", ""object"": ""色度"", ""value"": """", ""device"": """", ""location"": """"} | vod_fuzzy_search:{""query"": ""适合跨年的看的喜剧片单""}"
[row=162] 161,影视+设备,30分钟后自动关机，顺便人生除死无大事，这句台词是哪部剧的？,timer_control,['vod_fuzzy_search'],TRUE,TRUE,TRUE,2,"timer_control:{""operation"": ""打开"", ""object"": ""关机"", ""date_time"": ""30分钟"", ""device"": """", ""location"": """"} | vod_fuzzy_search:{""query"": ""人生除死无大事，这句台词是哪部剧的？""}"
[row=180] 179,有声+设备,放娱乐热点，再开启电视机,power_control,['audio_search'],TRUE,FALSE,FALSE,2,"power_control:{""operation"": ""打开"", ""object"": ""开机"", ""value"": """", ""device"": """", ""location"": """"} | vod_fuzzy_search:{""query"": ""放娱乐热点""}"
[row=189] 188,影视+设备,请帮我播一下天亮前的夜，最难熬那个片段呗，同时打开量子点真实色彩还原,display_control,['vod_fuzzy_search'],TRUE,TRUE,TRUE,2,"display_control:{""operation"": ""打开"", ""object"": ""量子点真实色彩还原"", ""value"": """", ""device"": """", ""location"": """"} | vod_fuzzy_search:{""query"": ""请帮我播一下天亮前的夜，最难熬那个片段呗""}"
[row=187] 186,影视+设备,想看范云独立搞事业、朝堂爽戏的那场戏，再色度调到30,numeric_adjust,['vod_fuzzy_search'],TRUE,TRUE,TRUE,2,"numeric_adjust:{""operation"": ""设置"", ""object"": ""色度"", ""value"": ""30"", ""device"": """", ""location"": """"} | vod_fuzzy_search:{""query"": ""想看范云独立搞事业、朝堂爽戏的那场戏""}"
[row=190] 189,音乐+设备,打开150HZ疾速屏，然后播放视频版凤凰花开的路口,display_control,['music_song_mv_search'],TRUE,FALSE,FALSE,2,"display_control:{""operation"": ""打开"", ""object"": ""150hz疾速屏"", ""value"": """", ""device"": """", ""location"": """"} | vod_fuzzy_search:{""query"": ""播放视频版凤凰花开的路口""}"
[row=186] 185,音乐+设备,我想听影视金曲榜，顺便打开屏幕发声效果,audio_control,['music_song_search'],TRUE,FALSE,FALSE,2,"audio_control:{""operation"": ""打开"", ""object"": ""屏幕发声效果"", ""value"": """", ""device"": """", ""location"": """"} | vod_fuzzy_search:{""query"": ""我想听影视金曲榜""}"
[row=198] 197,影视+设备,显示亮度调到70，顺便战狼2冷锋举国旗那段在第几分钟,numeric_adjust,['vod_fuzzy_search'],TRUE,TRUE,TRUE,2,"numeric_adjust:{""operation"": ""设置"", ""object"": ""亮度"", ""value"": ""70"", ""device"": """", ""location"": """"} | vod_fuzzy_search:{""query"": ""战狼2冷锋举国旗那段在第几分钟""}"
