row,query,gold_tool1,gold_param1,gold_tool2,gold_param2,pred_tool1,pred_param1,pred_tool2,pred_param2,step1_ok,step2_ok,both_ok
10,搜一下韩国的电视剧，然后问问评分最高的一部男主角是谁,vod_search_all,"{""action"": ""search"", ""retext"": ""搜一下韩国的电视剧"", ""query"": {""and"": [{""field"": ""area"", ""value"": ""韩国""}, {""field"": ""category"", ""value"": ""电视剧""}]}, ""sort"": {""rate"": {""order"": ""desc""}}}",fan_knowledge_agent,"{""query"": ""《来自星星的你》男主角是谁""}",vod_search_all,"{""action"": ""search"", ""retext"": ""搜一下韩国的电视剧，然后问问评分最高的一部男主角是谁"", ""sort"": {""rate"": {""order"": ""desc""}}, ""query"": {""and"": [{""field"": ""area"", ""value"": ""韩国""}, {""field"": ""category"", ""value"": ""电视剧""}]}}",fan_knowledge_agent,"{""messages"": [{""role"": ""user"", ""content"": ""问评分最高的一部男主角是谁""}], ""riskRespStrategy"": ""all_replace"", ""sceneType"": ""knowledge_qa"", ""need_media"": false}",TRUE,TRUE,TRUE
13,搜一下章子怡或者巩俐演的电影，然后问问评分最高的一部是哪一年拍的,vod_search_all,"{""action"": ""search"", ""retext"": ""搜一下章子怡或者巩俐演的电影"", ""query"": {""and"": [{""field"": ""actor"", ""values"": [""章子怡"", ""巩俐""], ""operator"": ""or""}, {""field"": ""category"", ""value"": ""电影""}]}, ""sort"": {""rate"": {""order"": ""desc""}}}",fan_knowledge_agent,"{""query"": ""2046（粤语）是哪一年拍的""}",vod_search,"{""action"": ""search"", ""retext"": ""搜一下章子怡或者巩俐演的电影，然后问问评分最高的一部是哪一年拍的"", ""sort"": {""rate"": {""order"": ""desc""}}, ""query"": {""and"": [{""field"": ""actor"", ""value"": ""章子怡""}, {""field"": ""category"", ""value"": ""电影""}]}}",fan_knowledge_agent,"{""messages"": [{""role"": ""user"", ""content"": ""问评分最高的一部是哪一年拍的""}], ""riskRespStrategy"": ""all_replace"", ""sceneType"": ""knowledge_qa"", ""need_media"": false}",FALSE,TRUE,FALSE
12,搜一下陈可辛导演的电影，然后问问播放量最高的一部票房怎么样,vod_search_all,"{""action"": ""search"", ""retext"": ""搜一下陈可辛导演的电影"", ""query"": {""and"": [{""field"": ""director"", ""value"": ""陈可辛""}, {""field"": ""category"", ""value"": ""电影""}]}, ""sort"": {""play"": {""order"": ""desc""}}}",fan_knowledge_agent,"{""query"": ""嫲嫲帆帆票房怎么样""}",vod_search,"{""action"": ""search"", ""retext"": ""搜一下陈可辛导演的电影，然后问问播放量最高的一部票房怎么样"", ""sort"": {""play"": {""order"": ""desc""}}, ""query"": {""and"": [{""field"": ""director"", ""value"": ""陈可辛""}, {""field"": ""category"", ""value"": ""电影""}]}}",fan_knowledge_agent,"{""messages"": [{""role"": ""user"", ""content"": ""问播放量最高的一部票房怎么样""}], ""riskRespStrategy"": ""all_replace"", ""sceneType"": ""knowledge_qa"", ""need_media"": false}",FALSE,TRUE,FALSE
7,搜一下张译或者王宝强演的电影，然后问问其中人气最高的一部是哪一年上映的,vod_search,"{""action"": ""search"", ""retext"": ""搜一下张译或者王宝强演的电影"", ""query"": {""and"": [{""field"": ""actor"", ""values"": [""张译"", ""王宝强""], ""operator"": ""or""}, {""field"": ""category"", ""value"": ""电影""}]}, ""sort"": {""hot"": {""order"": ""desc""}}}",fan_knowledge_agent,"{""query"": ""攀登者是哪一年上映的""}",vod_search,"{""action"": ""search"", ""retext"": ""搜一下张译或者王宝强演的电影，然后问问其中人气最高的一部是哪一年上映的"", ""sort"": {""hot"": {""order"": ""desc""}}, ""query"": {""and"": [{""field"": ""actor"", ""value"": ""王宝强""}, {""field"": ""category"", ""value"": ""电影""}]}}",fan_knowledge_agent,"{""messages"": [{""role"": ""user"", ""content"": ""问其中人气最高的一部是哪一年上映的""}], ""riskRespStrategy"": ""all_replace"", ""sceneType"": ""knowledge_qa"", ""need_media"": false}",TRUE,TRUE,TRUE
11,搜一下大陆或者香港拍的电影，然后问问人气最高的一部导演是谁,vod_search_all,"{""action"": ""search"", ""retext"": ""搜一下大陆或者香港拍的电影"", ""query"": {""and"": [{""field"": ""area"", ""values"": [""中国大陆"", ""中国香港""], ""operator"": ""or""}, {""field"": ""category"", ""value"": ""电影""}]}, ""sort"": {""hot"": {""order"": ""desc""}}}",fan_knowledge_agent,"{""query"": ""飞驰人生2（IMAX）导演是谁""}",vod_search_all,"{""action"": ""search"", ""retext"": ""搜一下大陆或者香港拍的电影，然后问问人气最高的一部导演是谁"", ""sort"": {""hot"": {""order"": ""desc""}}, ""query"": {""and"": [{""field"": ""area"", ""value"": ""大陆""}, {""field"": ""category"", ""value"": ""电影""}]}}",fan_knowledge_agent,"{""messages"": [{""role"": ""user"", ""content"": ""问人气最高的一部导演是谁""}], ""riskRespStrategy"": ""all_replace"", ""sceneType"": ""video"", ""need_media"": true}",TRUE,TRUE,TRUE
9,搜一下周迅和李安合作的电影，然后问问评分最高的一部获得过什么奖项,vod_search,"{""action"": ""search"", ""retext"": ""搜一下周迅和李安合作的电影"", ""query"": {""and"": [{""field"": ""actor"", ""value"": ""周迅""}, {""field"": ""director"", ""value"": ""李安""}]}, ""sort"": {""rate"": {""order"": ""desc""}}}",fan_knowledge_agent,"{""query"": ""色戒获得过什么奖项""}",vod_search,"{""action"": ""search"", ""retext"": ""搜一下周迅和李安合作的电影，然后问问评分最高的一部获得过什么奖项"", ""sort"": {""rate"": {""order"": ""desc""}}, ""query"": {""field"": ""category"", ""value"": ""电影""}}",fan_knowledge_agent,"{""messages"": [{""role"": ""user"", ""content"": ""问评分最高的一部获得过什么奖项""}], ""riskRespStrategy"": ""all_replace"", ""sceneType"": ""knowledge_qa"", ""need_media"": false}",TRUE,TRUE,TRUE
2,搜一下胡歌演的电影，然后再问问刚才搜到的胡歌的电影里，评分最高的一部的导演是谁,vod_search,"{""action"": ""search"", ""retext"": ""搜一下胡歌演的电影"", ""query"": {""and"": [{""field"": ""actor"", ""value"": ""胡歌""}]}, ""sort"": {""rate"": {""order"": ""desc""}}}",fan_knowledge_agent,"{""query"": ""攀登者的导演是谁""}",vod_search,"{""action"": ""search"", ""retext"": ""搜一下胡歌演的电影，然后再问问刚才搜到的胡歌的电影里，评分最高的一部的导演是谁"", ""sort"": {""rate"": {""order"": ""desc""}}, ""query"": {""and"": [{""field"": ""actor"", ""value"": ""胡歌""}, {""field"": ""category"", ""value"": ""电影""}]}}",fan_knowledge_agent,"{""messages"": [{""role"": ""user"", ""content"": ""问刚才搜到的胡歌的电影里，评分最高的一部的导演是谁""}], ""riskRespStrategy"": ""all_replace"", ""sceneType"": ""video"", ""need_media"": true}",TRUE,TRUE,TRUE
8,帮我找一下郑晓龙导演的电视剧，然后问问最新的一部里有哪些主演,vod_search,"{""action"": ""search"", ""retext"": ""帮我找一下郑晓龙导演的电视剧"", ""query"": {""and"": [{""field"": ""director"", ""value"": ""郑晓龙""}, {""field"": ""category"", ""value"": ""电视剧""}]}, ""sort"": {""new"": {""order"": ""desc""}}}",fan_knowledge_agent,"{""query"": ""刑警使命里有哪些主演""}",vod_search,"{""action"": ""search"", ""retext"": ""帮我找一下郑晓龙导演的电视剧，然后问问最新的一部里有哪些主演"", ""sort"": {""new"": {""order"": ""desc""}}, ""query"": {""and"": [{""field"": ""director"", ""value"": ""郑晓龙""}, {""field"": ""category"", ""value"": ""电视剧""}]}}",fan_knowledge_agent,"{""messages"": [{""role"": ""user"", ""content"": ""问最新的一部里有哪些主演""}], ""riskRespStrategy"": ""all_replace"", ""sceneType"": ""video"", ""need_media"": true}",TRUE,TRUE,TRUE
4,搜一下梁朝伟演的电影，然后再问问刚才搜到的梁朝伟的电影里，评分最高的一部的导演是谁,vod_search,"{""action"": ""search"", ""retext"": ""搜一下梁朝伟演的电影"", ""query"": {""and"": [{""field"": ""actor"", ""value"": ""梁朝伟""}]}, ""sort"": {""rate"": {""order"": ""desc""}}}",fan_knowledge_agent,"{""query"": ""黑狱断肠歌之砌生猪肉（粤语）的导演是谁""}",vod_search,"{""action"": ""search"", ""retext"": ""搜一下梁朝伟演的电影，然后再问问刚才搜到的梁朝伟的电影里，评分最高的一部的导演是谁"", ""sort"": {""rate"": {""order"": ""desc""}}, ""query"": {""and"": [{""field"": ""actor"", ""value"": ""梁朝伟""}, {""field"": ""category"", ""value"": ""电影""}]}}",fan_knowledge_agent,"{""messages"": [{""role"": ""user"", ""content"": ""问刚才搜到的梁朝伟的电影里，评分最高的一部的导演是谁""}], ""riskRespStrategy"": ""all_replace"", ""sceneType"": ""video"", ""need_media"": true}",TRUE,TRUE,TRUE
14,帮我找一下那个骑着蓝色大鸟到处送快递的机器人的动画片，然后问问这部动画片的导演是谁,vod_fuzzy_search,"{""query"": ""那个骑着蓝色大鸟到处送快递的机器人的动画片""}",fan_knowledge_agent,"{""query"": ""《逗鸟外传：萌宝满天飞》的导演是谁""}",educ_search,"{""retext"": ""帮我找一下那个骑着蓝色大鸟到处送快递的机器人的动画片，然后问问这部动画片的导演是谁"", ""query"": {""field"": ""content_type"", ""value"": ""动画""}}",fan_knowledge_agent,"{""messages"": [{""role"": ""user"", ""content"": ""问这部动画片的导演是谁""}], ""riskRespStrategy"": ""all_replace"", ""sceneType"": ""child"", ""need_media"": true}",FALSE,TRUE,FALSE
16,人生就像一盒巧克力这句台词是哪部电影里的，然后问问这部电影是哪一年上映的,vod_fuzzy_search,"{""query"": ""人生就像一盒巧克力这句台词是哪部电影里的""}",fan_knowledge_agent,"{""query"": ""阿甘正传是哪一年上映的""}",vod_fuzzy_search,"{""query"": ""人生就像一盒巧克力这句台词是哪部电影里的""}",fan_knowledge_agent,"{""messages"": [{""role"": ""user"", ""content"": ""问这部电影是哪一年上映的""}], ""riskRespStrategy"": ""all_replace"", ""sceneType"": ""video"", ""need_media"": true}",TRUE,TRUE,TRUE
21,推荐一些张艺谋导演的相关作品，然后问问推荐结果里的第一部主演是谁,vod_relate_search,"{""query"": {""field"": ""director"", ""value"": ""张艺谋""}}",fan_knowledge_agent,"{""query"": ""活着主演是谁""}",vod_relate_search,"{""query"": {""and"": [{""field"": ""director"", ""value"": ""张艺谋""}]}}",fan_knowledge_agent,"{""messages"": [{""role"": ""user"", ""content"": ""问推荐结果里的第一部主演是谁""}], ""riskRespStrategy"": ""all_replace"", ""sceneType"": ""video"", ""need_media"": true}",TRUE,TRUE,TRUE
6,帮我搜一下黄渤演的电影，然后问问这些电影里评分最高的一部，讲的是什么故事,vod_search,"{""action"": ""search"", ""retext"": ""帮我搜一下黄渤演的电影"", ""query"": {""and"": [{""field"": ""actor"", ""value"": ""黄渤""}, {""field"": ""category"", ""value"": ""电影""}]}, ""sort"": {""rate"": {""order"": ""desc""}}}",fan_knowledge_agent,"{""query"": ""穿过寒冬拥抱你（武汉话）讲的是什么故事""}",vod_search,"{""action"": ""search"", ""retext"": ""帮我搜一下黄渤演的电影，然后问问这些电影里评分最高的一部，讲的是什么故事"", ""sort"": {""rate"": {""order"": ""desc""}}, ""query"": {""and"": [{""field"": ""actor"", ""value"": ""黄渤""}, {""field"": ""category"", ""value"": ""电影""}]}}",fan_knowledge_agent,"{""messages"": [{""role"": ""user"", ""content"": ""问这些电影里评分最高的一部，讲的是什么故事""}], ""riskRespStrategy"": ""all_replace"", ""sceneType"": ""video"", ""need_media"": true}",TRUE,TRUE,TRUE
19,帮我推荐一些和流浪地球相关的电影，然后问问推荐结果里的第一部讲的是什么故事,vod_relate_search,"{""query"": {""field"": ""title"", ""value"": ""流浪地球""}}",fan_knowledge_agent,"{""query"": ""流浪地球2讲的是什么故事""}",vod_relate_search,"{""query"": {""and"": [{""field"": ""title"", ""value"": ""流浪地球""}, {""field"": ""category"", ""value"": ""电影""}]}}",fan_knowledge_agent,"{""messages"": [{""role"": ""user"", ""content"": ""问推荐结果里的第一部讲的是什么故事""}], ""riskRespStrategy"": ""all_replace"", ""sceneType"": ""knowledge_qa"", ""need_media"": false}",TRUE,TRUE,TRUE
3,搜一下周星驰演的电影，然后再问问周星驰演的电影里最经典的一部，主演的导演还导过哪些片子,vod_search,"{""action"": ""search"", ""retext"": ""搜一下周星驰演的电影"", ""query"": {""and"": [{""field"": ""actor"", ""value"": ""周星驰""}]}, ""sort"": {""rate"": {""order"": ""desc""}}}",fan_knowledge_agent,"{""query"": ""江湖最后一个大佬主演的导演还导过哪些片子""}",vod_search,"{""action"": ""search"", ""retext"": ""搜一下周星驰演的电影，然后再问问周星驰演的电影里最经典的一部，主演的导演还导过哪些片子"", ""query"": {""and"": [{""field"": ""actor"", ""value"": ""周星驰""}, {""field"": ""category"", ""value"": ""电影""}]}}",fan_knowledge_agent,"{""messages"": [{""role"": ""user"", ""content"": ""问周星驰演的电影里最经典的一部，主演的导演还导过哪些片子""}], ""riskRespStrategy"": ""all_replace"", ""sceneType"": ""video"", ""need_media"": true}",TRUE,TRUE,TRUE
20,推荐一些刘德华主演的相关影片，然后问问推荐结果里的第一部是哪一年上映的,vod_relate_search,"{""query"": {""field"": ""actor"", ""value"": ""刘德华""}}",fan_knowledge_agent,"{""query"": ""无间道是哪一年上映的""}",vod_relate_search,"{""query"": {""and"": [{""field"": ""actor"", ""value"": ""刘德华""}, {""field"": ""category"", ""value"": ""电影""}]}}",fan_knowledge_agent,"{""messages"": [{""role"": ""user"", ""content"": ""问推荐结果里的第一部是哪一年上映的""}], ""riskRespStrategy"": ""all_replace"", ""sceneType"": ""knowledge_qa"", ""need_media"": false}",TRUE,TRUE,TRUE
15,帮我找一下那个演功夫片的胖子导演拍的高分电影，然后问问这部电影的主演都有谁,vod_fuzzy_search,"{""query"": ""那个演功夫片的胖子导演拍的高分电影""}",fan_knowledge_agent,"{""query"": ""A计划的主演都有谁""}",vod_fuzzy_search,"{""query"": ""帮我找一下那个演功夫片的胖子导演拍的高分电影""}",fan_knowledge_agent,"{""messages"": [{""role"": ""user"", ""content"": ""问这部电影的主演都有谁""}], ""riskRespStrategy"": ""all_replace"", ""sceneType"": ""video"", ""need_media"": true}",TRUE,TRUE,TRUE
5,搜一下宁浩导演的电影，然后再问问宁浩导演的影片里评分最高的一部，主演是谁，他还演过哪些佳作,vod_search,"{""action"": ""search"", ""retext"": ""搜一下宁浩导演的电影"", ""query"": {""and"": [{""field"": ""director"", ""value"": ""宁浩""}]}, ""sort"": {""rate"": {""order"": ""desc""}}}",fan_knowledge_agent,"{""query"": ""疯狂的石头，主演是谁，他还演过哪些佳作""}",vod_search,"{""action"": ""search"", ""retext"": ""搜一下宁浩导演的电影，然后再问问宁浩导演的影片里评分最高的一部，主演是谁，他还演过哪些佳作"", ""sort"": {""rate"": {""order"": ""desc""}}, ""query"": {""and"": [{""field"": ""director"", ""value"": ""宁浩""}, {""field"": ""category"", ""value"": ""电影""}]}}",fan_knowledge_agent,"{""messages"": [{""role"": ""user"", ""content"": ""问宁浩导演的影片里评分最高的一部，主演是谁，他还演过哪些佳作""}], ""riskRespStrategy"": ""all_replace"", ""sceneType"": ""video"", ""need_media"": true}",TRUE,TRUE,TRUE
18,帮我找一下不是国产的、评分很高的、最近几年的科幻片，然后问问这部电影讲的是什么故事,vod_fuzzy_search,"{""query"": ""不是国产的、评分很高的、最近几年的科幻片""}",fan_knowledge_agent,"{""query"": ""星际穿越讲的是什么故事""}",vod_fuzzy_search,"{""query"": ""帮我找一下不是国产的、评分很高的、最近几年的科幻片""}",fan_knowledge_agent,"{""messages"": [{""role"": ""user"", ""content"": ""问这部电影讲的是什么故事""}], ""riskRespStrategy"": ""all_replace"", ""sceneType"": ""video"", ""need_media"": true}",TRUE,TRUE,TRUE
22,推荐一些纪录片类的相关内容，然后问问推荐结果里的第一部讲的是什么主题,vod_relate_search,"{""query"": {""field"": ""category"", ""value"": ""纪录片""}}",fan_knowledge_agent,"{""query"": ""地球脉动讲的是什么主题""}",vod_relate_search,"{""action"": ""search"", ""retext"": ""推荐一些纪录片类的相关内容，然后问问推荐结果里的第一部讲的是什么主题"", ""query"": {""field"": ""category"", ""value"": ""纪录片""}}",fan_knowledge_agent,"{""messages"": [{""role"": ""user"", ""content"": ""问推荐结果里的第一部讲的是什么主题""}], ""riskRespStrategy"": ""all_replace"", ""sceneType"": ""knowledge_qa"", ""need_media"": false}",TRUE,TRUE,TRUE
23,推荐一些和琅琊榜类似的电视剧，然后问问推荐结果里的第一部评分怎么样,vod_relate_search,"{""query"": {""and"": [{""field"": ""title"", ""value"": ""琅琊榜""}, {""field"": ""category"", ""value"": ""电视剧""}]}}",fan_knowledge_agent,"{""query"": ""伪装者评分怎么样""}",vod_relate_search,"{""query"": {""and"": [{""field"": ""title"", ""value"": ""琅琊榜""}, {""field"": ""category"", ""value"": ""电视剧""}]}}",fan_knowledge_agent,"{""messages"": [{""role"": ""user"", ""content"": ""问推荐结果里的第一部评分怎么样""}], ""riskRespStrategy"": ""all_replace"", ""sceneType"": ""knowledge_qa"", ""need_media"": false}",TRUE,TRUE,TRUE
26,搜一下张国荣演的电影，然后问问评分最高的一部讲的是什么故事,vod_search,"{""action"": ""search"", ""retext"": ""搜一下张国荣演的电影"", ""query"": {""and"": [{""field"": ""actor"", ""value"": ""张国荣""}, {""field"": ""category"", ""value"": ""电影""}]}, ""sort"": {""rate"": {""order"": ""desc""}}}",fan_knowledge_agent,"{""query"": ""霸王别姬讲的是什么故事""}",vod_search,"{""action"": ""search"", ""retext"": ""搜一下张国荣演的电影，然后问问评分最高的一部讲的是什么故事"", ""sort"": {""rate"": {""order"": ""desc""}}, ""query"": {""and"": [{""field"": ""actor"", ""value"": ""张国荣""}, {""field"": ""category"", ""value"": ""电影""}]}}",fan_knowledge_agent,"{""messages"": [{""role"": ""user"", ""content"": ""问评分最高的一部讲的是什么故事""}], ""riskRespStrategy"": ""all_replace"", ""sceneType"": ""knowledge_qa"", ""need_media"": false}",TRUE,TRUE,TRUE
28,搜一下梁家辉演的电影，然后问问评分最高的一部获得过什么奖项,vod_search,"{""action"": ""search"", ""retext"": ""搜一下梁家辉演的电影"", ""query"": {""and"": [{""field"": ""actor"", ""value"": ""梁家辉""}, {""field"": ""category"", ""value"": ""电影""}]}, ""sort"": {""rate"": {""order"": ""desc""}}}",fan_knowledge_agent,"{""query"": ""黑社会获得过什么奖项""}",vod_search,"{""action"": ""search"", ""retext"": ""搜一下梁家辉演的电影，然后问问评分最高的一部获得过什么奖项"", ""sort"": {""rate"": {""order"": ""desc""}}, ""query"": {""and"": [{""field"": ""actor"", ""value"": ""梁家辉""}, {""field"": ""category"", ""value"": ""电影""}]}}",fan_knowledge_agent,"{""messages"": [{""role"": ""user"", ""content"": ""问评分最高的一部获得过什么奖项""}], ""riskRespStrategy"": ""all_replace"", ""sceneType"": ""knowledge_qa"", ""need_media"": false}",TRUE,TRUE,TRUE
17,帮我找一下主角在沙漠里找水的那部电影，然后问问这部电影的男主角是谁演的,vod_fuzzy_search,"{""query"": ""主角在沙漠里找水的那部电影""}",fan_knowledge_agent,"{""query"": ""《撒哈拉》的男主角是谁演的""}",vod_fuzzy_search,"{""query"": ""主角在沙漠里找水的那部电影""}",fan_knowledge_agent,"{""messages"": [{""role"": ""user"", ""content"": ""问这部电影的男主角是谁演的""}], ""riskRespStrategy"": ""all_replace"", ""sceneType"": ""video"", ""need_media"": true}",TRUE,TRUE,TRUE
30,搜一下沈腾演的电影，然后问问播放量最高的一部票房怎么样,vod_search,"{""action"": ""search"", ""retext"": ""搜一下沈腾演的电影"", ""query"": {""and"": [{""field"": ""actor"", ""value"": ""沈腾""}, {""field"": ""category"", ""value"": ""电影""}]}, ""sort"": {""play"": {""order"": ""desc""}}}",fan_knowledge_agent,"{""query"": ""夏洛特烦恼票房怎么样""}",vod_search,"{""action"": ""search"", ""retext"": ""搜一下沈腾演的电影，然后问问播放量最高的一部票房怎么样"", ""sort"": {""play"": {""order"": ""desc""}}, ""query"": {""and"": [{""field"": ""actor"", ""value"": ""沈腾""}, {""field"": ""category"", ""value"": ""电影""}]}}",fan_knowledge_agent,"{""messages"": [{""role"": ""user"", ""content"": ""问播放量最高的一部票房怎么样""}], ""riskRespStrategy"": ""all_replace"", ""sceneType"": ""knowledge_qa"", ""need_media"": false}",TRUE,TRUE,TRUE
27,搜一下周润发演的电影，然后问问人气最高的一部是哪一年上映的,vod_search,"{""action"": ""search"", ""retext"": ""搜一下周润发演的电影"", ""query"": {""and"": [{""field"": ""actor"", ""value"": ""周润发""}, {""field"": ""category"", ""value"": ""电影""}]}, ""sort"": {""hot"": {""order"": ""desc""}}}",fan_knowledge_agent,"{""query"": ""英雄本色是哪一年上映的""}",vod_search,"{""action"": ""search"", ""retext"": ""搜一下周润发演的电影，然后问问人气最高的一部是哪一年上映的"", ""sort"": {""hot"": {""order"": ""desc""}}, ""query"": {""and"": [{""field"": ""actor"", ""value"": ""周润发""}, {""field"": ""category"", ""value"": ""电影""}]}}",fan_knowledge_agent,"{""messages"": [{""role"": ""user"", ""content"": ""问人气最高的一部是哪一年上映的""}], ""riskRespStrategy"": ""all_replace"", ""sceneType"": ""knowledge_qa"", ""need_media"": false}",TRUE,TRUE,TRUE
25,搜一下刘德华演的电影，然后问问评分最高的一部的导演是谁,vod_search,"{""action"": ""search"", ""retext"": ""搜一下刘德华演的电影"", ""query"": {""and"": [{""field"": ""actor"", ""value"": ""刘德华""}, {""field"": ""category"", ""value"": ""电影""}]}, ""sort"": {""rate"": {""order"": ""desc""}}}",fan_knowledge_agent,"{""query"": ""无间道的导演是谁""}",vod_search,"{""action"": ""search"", ""retext"": ""搜一下刘德华演的电影，然后问问评分最高的一部的导演是谁"", ""sort"": {""rate"": {""order"": ""desc""}}, ""query"": {""and"": [{""field"": ""actor"", ""value"": ""刘德华""}, {""field"": ""category"", ""value"": ""电影""}]}}",fan_knowledge_agent,"{""messages"": [{""role"": ""user"", ""content"": ""问评分最高的一部的导演是谁""}], ""riskRespStrategy"": ""all_replace"", ""sceneType"": ""video"", ""need_media"": true}",TRUE,TRUE,TRUE
33,搜一下刘亦菲演的电影，然后问问最新的一部讲的是什么故事,vod_search,"{""action"": ""search"", ""retext"": ""搜一下刘亦菲演的电影"", ""query"": {""and"": [{""field"": ""actor"", ""value"": ""刘亦菲""}, {""field"": ""category"", ""value"": ""电影""}]}, ""sort"": {""new"": {""order"": ""desc""}}}",fan_knowledge_agent,"{""query"": ""花木兰讲的是什么故事""}",vod_search,"{""action"": ""search"", ""retext"": ""搜一下刘亦菲演的电影，然后问问最新的一部讲的是什么故事"", ""sort"": {""new"": {""order"": ""desc""}}, ""query"": {""and"": [{""field"": ""actor"", ""value"": ""刘亦菲""}, {""field"": ""category"", ""value"": ""电影""}]}}",fan_knowledge_agent,"{""messages"": [{""role"": ""user"", ""content"": ""问最新的一部讲的是什么故事""}], ""riskRespStrategy"": ""all_replace"", ""sceneType"": ""knowledge_qa"", ""need_media"": false}",TRUE,TRUE,TRUE
37,搜一下靳东演的电视剧，然后问问人气最高的一部是哪一年上映的,vod_search,"{""action"": ""search"", ""retext"": ""搜一下靳东演的电视剧"", ""query"": {""and"": [{""field"": ""actor"", ""value"": ""靳东""}, {""field"": ""category"", ""value"": ""电视剧""}]}, ""sort"": {""hot"": {""order"": ""desc""}}}",fan_knowledge_agent,"{""query"": ""伪装者是哪一年上映的""}",vod_search,"{""action"": ""search"", ""retext"": ""搜一下靳东演的电视剧，然后问问人气最高的一部是哪一年上映的"", ""sort"": {""hot"": {""order"": ""desc""}}, ""query"": {""and"": [{""field"": ""actor"", ""value"": ""靳东""}, {""field"": ""category"", ""value"": ""电视剧""}]}}",fan_knowledge_agent,"{""messages"": [{""role"": ""user"", ""content"": ""问人气最高的一部是哪一年上映的""}], ""riskRespStrategy"": ""all_replace"", ""sceneType"": ""knowledge_qa"", ""need_media"": false}",TRUE,TRUE,TRUE
29,搜一下葛优演的电影，然后问问评分最高的一部主演都有谁,vod_search,"{""action"": ""search"", ""retext"": ""搜一下葛优演的电影"", ""query"": {""and"": [{""field"": ""actor"", ""value"": ""葛优""}, {""field"": ""category"", ""value"": ""电影""}]}, ""sort"": {""rate"": {""order"": ""desc""}}}",fan_knowledge_agent,"{""query"": ""活着主演都有谁""}",vod_search,"{""action"": ""search"", ""retext"": ""搜一下葛优演的电影，然后问问评分最高的一部主演都有谁"", ""sort"": {""rate"": {""order"": ""desc""}}, ""query"": {""and"": [{""field"": ""actor"", ""value"": ""葛优""}, {""field"": ""category"", ""value"": ""电影""}]}}",fan_knowledge_agent,"{""messages"": [{""role"": ""user"", ""content"": ""问评分最高的一部主演都有谁""}], ""riskRespStrategy"": ""all_replace"", ""sceneType"": ""video"", ""need_media"": true}",TRUE,TRUE,TRUE
24,搜一下吴京导演的电影，然后再问问吴京导演的影片里评分最高的一部，主演是谁，他还演过哪些佳作,vod_search,"{""action"": ""search"", ""retext"": ""搜一下吴京导演的电影"", ""query"": {""and"": [{""field"": ""director"", ""value"": ""吴京""}]}, ""sort"": {""rate"": {""order"": ""desc""}}}",fan_knowledge_agent,"{""query"": ""狼牙主演是谁，他还演过哪些佳作""}",vod_search,"{""action"": ""search"", ""retext"": ""搜一下吴京导演的电影，然后再问问吴京导演的影片里评分最高的一部，主演是谁，他还演过哪些佳作"", ""sort"": {""rate"": {""order"": ""desc""}}, ""query"": {""and"": [{""field"": ""director"", ""value"": ""吴京""}, {""field"": ""category"", ""value"": ""电影""}]}}",fan_knowledge_agent,"{""messages"": [{""role"": ""user"", ""content"": ""问吴京导演的影片里评分最高的一部，主演是谁，他还演过哪些佳作""}], ""riskRespStrategy"": ""all_replace"", ""sceneType"": ""video"", ""need_media"": true}",TRUE,TRUE,TRUE
32,搜一下白百何演的电影，然后问问评分最高的一部导演是谁,vod_search,"{""action"": ""search"", ""retext"": ""搜一下白百何演的电影"", ""query"": {""and"": [{""field"": ""actor"", ""value"": ""白百何""}, {""field"": ""category"", ""value"": ""电影""}]}, ""sort"": {""rate"": {""order"": ""desc""}}}",fan_knowledge_agent,"{""query"": ""失恋33天导演是谁""}",vod_search,"{""action"": ""search"", ""retext"": ""搜一下白百何演的电影，然后问问评分最高的一部导演是谁"", ""sort"": {""rate"": {""order"": ""desc""}}, ""query"": {""and"": [{""field"": ""actor"", ""value"": ""白百何""}, {""field"": ""category"", ""value"": ""电影""}]}}",fan_knowledge_agent,"{""messages"": [{""role"": ""user"", ""content"": ""问评分最高的一部导演是谁""}], ""riskRespStrategy"": ""all_replace"", ""sceneType"": ""video"", ""need_media"": true}",TRUE,TRUE,TRUE
39,搜一下雷佳音演的电影，然后问问人气最高的一部讲的是什么故事,vod_search,"{""action"": ""search"", ""retext"": ""搜一下雷佳音演的电影"", ""query"": {""and"": [{""field"": ""actor"", ""value"": ""雷佳音""}, {""field"": ""category"", ""value"": ""电影""}]}, ""sort"": {""hot"": {""order"": ""desc""}}}",fan_knowledge_agent,"{""query"": ""人潮汹涌讲的是什么故事""}",vod_search,"{""action"": ""search"", ""retext"": ""搜一下雷佳音演的电影，然后问问人气最高的一部讲的是什么故事"", ""sort"": {""hot"": {""order"": ""desc""}}, ""query"": {""and"": [{""field"": ""actor"", ""value"": ""雷佳音""}, {""field"": ""category"", ""value"": ""电影""}]}}",fan_knowledge_agent,"{""messages"": [{""role"": ""user"", ""content"": ""问人气最高的一部讲的是什么故事""}], ""riskRespStrategy"": ""all_replace"", ""sceneType"": ""knowledge_qa"", ""need_media"": false}",TRUE,TRUE,TRUE
36,搜一下赵丽颖演的电视剧，然后问问人气最高的一部讲的是什么故事,vod_search,"{""action"": ""search"", ""retext"": ""搜一下赵丽颖演的电视剧"", ""query"": {""and"": [{""field"": ""actor"", ""value"": ""赵丽颖""}, {""field"": ""category"", ""value"": ""电视剧""}]}, ""sort"": {""hot"": {""order"": ""desc""}}}",fan_knowledge_agent,"{""query"": ""知否知否应是绿肥红瘦讲的是什么故事""}",vod_search,"{""action"": ""search"", ""retext"": ""搜一下赵丽颖演的电视剧，然后问问人气最高的一部讲的是什么故事"", ""sort"": {""hot"": {""order"": ""desc""}}, ""query"": {""and"": [{""field"": ""actor"", ""value"": ""赵丽颖""}, {""field"": ""category"", ""value"": ""电视剧""}]}}",fan_knowledge_agent,"{""messages"": [{""role"": ""user"", ""content"": ""问人气最高的一部讲的是什么故事""}], ""riskRespStrategy"": ""all_replace"", ""sceneType"": ""knowledge_qa"", ""need_media"": false}",TRUE,TRUE,TRUE
38,搜一下黄轩演的电视剧，然后问问最新的一部导演是谁,vod_search,"{""action"": ""search"", ""retext"": ""搜一下黄轩演的电视剧"", ""query"": {""and"": [{""field"": ""actor"", ""value"": ""黄轩""}, {""field"": ""category"", ""value"": ""电视剧""}]}, ""sort"": {""new"": {""order"": ""desc""}}}",fan_knowledge_agent,"{""query"": ""风起洛阳导演是谁""}",vod_search,"{""action"": ""search"", ""retext"": ""搜一下黄轩演的电视剧，然后问问最新的一部导演是谁"", ""sort"": {""new"": {""order"": ""desc""}}, ""query"": {""and"": [{""field"": ""actor"", ""value"": ""黄轩""}, {""field"": ""category"", ""value"": ""电视剧""}]}}",fan_knowledge_agent,"{""messages"": [{""role"": ""user"", ""content"": ""问最新的一部导演是谁""}], ""riskRespStrategy"": ""all_replace"", ""sceneType"": ""video"", ""need_media"": true}",TRUE,TRUE,TRUE
42,搜一下殷桃演的电视剧，然后问问评分最高的一部评分怎么样,vod_search,"{""action"": ""search"", ""retext"": ""搜一下殷桃演的电视剧"", ""query"": {""and"": [{""field"": ""actor"", ""value"": ""殷桃""}, {""field"": ""category"", ""value"": ""电视剧""}]}, ""sort"": {""rate"": {""order"": ""desc""}}}",fan_knowledge_agent,"{""query"": ""鸡毛飞上天评分怎么样""}",vod_search,"{""action"": ""search"", ""retext"": ""搜一下殷桃演的电视剧，然后问问评分最高的一部评分怎么样"", ""sort"": {""rate"": {""order"": ""desc""}}, ""query"": {""and"": [{""field"": ""actor"", ""value"": ""殷桃""}, {""field"": ""category"", ""value"": ""电视剧""}]}}",fan_knowledge_agent,"{""messages"": [{""role"": ""user"", ""content"": ""问评分最高的一部评分怎么样""}], ""riskRespStrategy"": ""all_replace"", ""sceneType"": ""knowledge_qa"", ""need_media"": false}",TRUE,TRUE,TRUE
34,搜一下王凯演的电视剧，然后问问评分最高的一部有哪些主演,vod_search,"{""action"": ""search"", ""retext"": ""搜一下王凯演的电视剧"", ""query"": {""and"": [{""field"": ""actor"", ""value"": ""王凯""}, {""field"": ""category"", ""value"": ""电视剧""}]}, ""sort"": {""rate"": {""order"": ""desc""}}}",fan_knowledge_agent,"{""query"": ""大江大河有哪些主演""}",vod_search,"{""action"": ""search"", ""retext"": ""搜一下王凯演的电视剧，然后问问评分最高的一部有哪些主演"", ""sort"": {""rate"": {""order"": ""desc""}}, ""query"": {""and"": [{""field"": ""actor"", ""value"": ""王凯""}, {""field"": ""category"", ""value"": ""电视剧""}]}}",fan_knowledge_agent,"{""messages"": [{""role"": ""user"", ""content"": ""问评分最高的一部有哪些主演""}], ""riskRespStrategy"": ""all_replace"", ""sceneType"": ""video"", ""need_media"": true}",TRUE,TRUE,TRUE
40,搜一下易烊千玺演的电影，然后问问评分最高的一部获得过什么奖项,vod_search,"{""action"": ""search"", ""retext"": ""搜一下易烊千玺演的电影"", ""query"": {""and"": [{""field"": ""actor"", ""value"": ""易烊千玺""}, {""field"": ""category"", ""value"": ""电影""}]}, ""sort"": {""rate"": {""order"": ""desc""}}}",fan_knowledge_agent,"{""query"": ""少年的你获得过什么奖项""}",vod_search,"{""action"": ""search"", ""retext"": ""搜一下易烊千玺演的电影，然后问问评分最高的一部获得过什么奖项"", ""sort"": {""rate"": {""order"": ""desc""}}, ""query"": {""and"": [{""field"": ""actor"", ""value"": ""易烊千玺""}, {""field"": ""category"", ""value"": ""电影""}]}}",fan_knowledge_agent,"{""messages"": [{""role"": ""user"", ""content"": ""问评分最高的一部获得过什么奖项""}], ""riskRespStrategy"": ""all_replace"", ""sceneType"": ""knowledge_qa"", ""need_media"": false}",TRUE,TRUE,TRUE
43,搜一下朱一龙演的电影，然后问问人气最高的一部讲的是什么故事,vod_search,"{""action"": ""search"", ""retext"": ""搜一下朱一龙演的电影"", ""query"": {""and"": [{""field"": ""actor"", ""value"": ""朱一龙""}, {""field"": ""category"", ""value"": ""电影""}]}, ""sort"": {""hot"": {""order"": ""desc""}}}",fan_knowledge_agent,"{""query"": ""人生大事讲的是什么故事""}",vod_search,"{""action"": ""search"", ""retext"": ""搜一下朱一龙演的电影，然后问问人气最高的一部讲的是什么故事"", ""sort"": {""hot"": {""order"": ""desc""}}, ""query"": {""and"": [{""field"": ""actor"", ""value"": ""朱一龙""}, {""field"": ""category"", ""value"": ""电影""}]}}",fan_knowledge_agent,"{""messages"": [{""role"": ""user"", ""content"": ""问人气最高的一部讲的是什么故事""}], ""riskRespStrategy"": ""all_replace"", ""sceneType"": ""knowledge_qa"", ""need_media"": false}",TRUE,TRUE,TRUE
41,搜一下马伊琍演的电视剧，然后问问评分最高的一部有哪些主演,vod_search,"{""action"": ""search"", ""retext"": ""搜一下马伊琍演的电视剧"", ""query"": {""and"": [{""field"": ""actor"", ""value"": ""马伊琍""}, {""field"": ""category"", ""value"": ""电视剧""}]}, ""sort"": {""rate"": {""order"": ""desc""}}}",fan_knowledge_agent,"{""query"": ""我的前半生有哪些主演""}",vod_search,"{""action"": ""search"", ""retext"": ""搜一下马伊琍演的电视剧，然后问问评分最高的一部有哪些主演"", ""sort"": {""rate"": {""order"": ""desc""}}, ""query"": {""and"": [{""field"": ""actor"", ""value"": ""马伊琍""}, {""field"": ""category"", ""value"": ""电视剧""}]}}",fan_knowledge_agent,"{""messages"": [{""role"": ""user"", ""content"": ""问评分最高的一部有哪些主演""}], ""riskRespStrategy"": ""all_replace"", ""sceneType"": ""video"", ""need_media"": true}",TRUE,TRUE,TRUE
45,搜一下张艺谋导演的电影，然后问问评分最高的一部主演是谁,vod_search,"{""action"": ""search"", ""retext"": ""搜一下张艺谋导演的电影"", ""query"": {""and"": [{""field"": ""director"", ""value"": ""张艺谋""}, {""field"": ""category"", ""value"": ""电影""}]}, ""sort"": {""rate"": {""order"": ""desc""}}}",fan_knowledge_agent,"{""query"": ""活着主演是谁""}",vod_search,"{""action"": ""search"", ""retext"": ""搜一下张艺谋导演的电影，然后问问评分最高的一部主演是谁"", ""sort"": {""rate"": {""order"": ""desc""}}, ""query"": {""and"": [{""field"": ""director"", ""value"": ""张艺谋""}, {""field"": ""category"", ""value"": ""电影""}]}}",fan_knowledge_agent,"{""messages"": [{""role"": ""user"", ""content"": ""问评分最高的一部主演是谁""}], ""riskRespStrategy"": ""all_replace"", ""sceneType"": ""video"", ""need_media"": true}",TRUE,TRUE,TRUE
47,搜一下陈凯歌导演的电影，然后问问评分最高的一部获得过什么奖项,vod_search,"{""action"": ""search"", ""retext"": ""搜一下陈凯歌导演的电影"", ""query"": {""and"": [{""field"": ""director"", ""value"": ""陈凯歌""}, {""field"": ""category"", ""value"": ""电影""}]}, ""sort"": {""rate"": {""order"": ""desc""}}}",fan_knowledge_agent,"{""query"": ""霸王别姬获得过什么奖项""}",vod_search,"{""action"": ""search"", ""retext"": ""搜一下陈凯歌导演的电影，然后问问评分最高的一部获得过什么奖项"", ""sort"": {""rate"": {""order"": ""desc""}}, ""query"": {""and"": [{""field"": ""director"", ""value"": ""陈凯歌""}, {""field"": ""category"", ""value"": ""电影""}]}}",fan_knowledge_agent,"{""messages"": [{""role"": ""user"", ""content"": ""问评分最高的一部获得过什么奖项""}], ""riskRespStrategy"": ""all_replace"", ""sceneType"": ""knowledge_qa"", ""need_media"": false}",TRUE,TRUE,TRUE
49,搜一下王家卫导演的电影，然后问问评分最高的一部是哪一年上映的,vod_search,"{""action"": ""search"", ""retext"": ""搜一下王家卫导演的电影"", ""query"": {""and"": [{""field"": ""director"", ""value"": ""王家卫""}, {""field"": ""category"", ""value"": ""电影""}]}, ""sort"": {""rate"": {""order"": ""desc""}}}",fan_knowledge_agent,"{""query"": ""花样年华是哪一年上映的""}",vod_search,"{""action"": ""search"", ""retext"": ""搜一下王家卫导演的电影，然后问问评分最高的一部是哪一年上映的"", ""sort"": {""rate"": {""order"": ""desc""}}, ""query"": {""and"": [{""field"": ""director"", ""value"": ""王家卫""}, {""field"": ""category"", ""value"": ""电影""}]}}",fan_knowledge_agent,"{""messages"": [{""role"": ""user"", ""content"": ""问评分最高的一部是哪一年上映的""}], ""riskRespStrategy"": ""all_replace"", ""sceneType"": ""knowledge_qa"", ""need_media"": false}",TRUE,TRUE,TRUE
31,搜一下徐峥演的电影，然后问问评分最高的一部男主角是谁演的,vod_search,"{""action"": ""search"", ""retext"": ""搜一下徐峥演的电影"", ""query"": {""and"": [{""field"": ""actor"", ""value"": ""徐峥""}, {""field"": ""category"", ""value"": ""电影""}]}, ""sort"": {""rate"": {""order"": ""desc""}}}",fan_knowledge_agent,"{""query"": ""我不是药神男主角是谁演的""}",vod_search,"{""action"": ""search"", ""retext"": ""搜一下徐峥演的电影，然后问问评分最高的一部男主角是谁演的"", ""sort"": {""rate"": {""order"": ""desc""}}, ""query"": {""and"": [{""field"": ""actor"", ""value"": ""徐峥""}, {""field"": ""category"", ""value"": ""电影""}]}}",fan_knowledge_agent,"{""messages"": [{""role"": ""user"", ""content"": ""问评分最高的一部男主角是谁演的""}], ""riskRespStrategy"": ""all_replace"", ""sceneType"": ""video"", ""need_media"": true}",TRUE,TRUE,TRUE
46,搜一下冯小刚导演的电影，然后问问评分最高的一部讲的是什么故事,vod_search,"{""action"": ""search"", ""retext"": ""搜一下冯小刚导演的电影"", ""query"": {""and"": [{""field"": ""director"", ""value"": ""冯小刚""}, {""field"": ""category"", ""value"": ""电影""}]}, ""sort"": {""rate"": {""order"": ""desc""}}}",fan_knowledge_agent,"{""query"": ""甲方乙方讲的是什么故事""}",vod_search,"{""action"": ""search"", ""retext"": ""搜一下冯小刚导演的电影，然后问问评分最高的一部讲的是什么故事"", ""sort"": {""rate"": {""order"": ""desc""}}, ""query"": {""and"": [{""field"": ""director"", ""value"": ""冯小刚""}, {""field"": ""category"", ""value"": ""电影""}]}}",fan_knowledge_agent,"{""messages"": [{""role"": ""user"", ""content"": ""问评分最高的一部讲的是什么故事""}], ""riskRespStrategy"": ""all_replace"", ""sceneType"": ""knowledge_qa"", ""need_media"": false}",TRUE,TRUE,TRUE
35,搜一下孙俪演的电视剧，然后问问评分最高的一部女主角是谁,vod_search,"{""action"": ""search"", ""retext"": ""搜一下孙俪演的电视剧"", ""query"": {""and"": [{""field"": ""actor"", ""value"": ""孙俪""}, {""field"": ""category"", ""value"": ""电视剧""}]}, ""sort"": {""rate"": {""order"": ""desc""}}}",fan_knowledge_agent,"{""query"": ""甄嬛传女主角是谁""}",vod_search,"{""action"": ""search"", ""retext"": ""搜一下孙俪演的电视剧，然后问问评分最高的一部女主角是谁"", ""sort"": {""rate"": {""order"": ""desc""}}, ""query"": {""and"": [{""field"": ""actor"", ""value"": ""孙俪""}, {""field"": ""category"", ""value"": ""电视剧""}]}}",fan_knowledge_agent,"{""messages"": [{""role"": ""user"", ""content"": ""问评分最高的一部女主角是谁""}], ""riskRespStrategy"": ""all_replace"", ""sceneType"": ""knowledge_qa"", ""need_media"": false}",TRUE,TRUE,TRUE
51,搜一下正午阳光导演的电视剧，然后问问评分最高的一部讲的是什么故事,vod_search_all,"{""action"": ""search"", ""retext"": ""搜一下正午阳光导演的电视剧"", ""query"": {""and"": [{""field"": ""company"", ""value"": ""正午阳光""}, {""field"": ""category"", ""value"": ""电视剧""}]}, ""sort"": {""rate"": {""order"": ""desc""}}}",fan_knowledge_agent,"{""query"": ""山海情讲的是什么故事""}",vod_search_all,"{""action"": ""search"", ""retext"": ""搜一下正午阳光导演的电视剧，然后问问评分最高的一部讲的是什么故事"", ""sort"": {""rate"": {""order"": ""desc""}}, ""query"": {""and"": [{""field"": ""director"", ""value"": ""正午阳光""}, {""field"": ""category"", ""value"": ""电视剧""}, {""field"": ""company"", ""value"": ""正午阳光""}]}}",fan_knowledge_agent,"{""messages"": [{""role"": ""user"", ""content"": ""问评分最高的一部讲的是什么故事""}], ""riskRespStrategy"": ""all_replace"", ""sceneType"": ""knowledge_qa"", ""need_media"": false}",TRUE,TRUE,TRUE
50,搜一下孔笙导演的电视剧，然后问问评分最高的一部有哪些主演,vod_search,"{""action"": ""search"", ""retext"": ""搜一下孔笙导演的电视剧"", ""query"": {""and"": [{""field"": ""director"", ""value"": ""孔笙""}, {""field"": ""category"", ""value"": ""电视剧""}]}, ""sort"": {""rate"": {""order"": ""desc""}}}",fan_knowledge_agent,"{""query"": ""琅琊榜有哪些主演""}",vod_search,"{""action"": ""search"", ""retext"": ""搜一下孔笙导演的电视剧，然后问问评分最高的一部有哪些主演"", ""sort"": {""rate"": {""order"": ""desc""}}, ""query"": {""and"": [{""field"": ""director"", ""value"": ""孔笙""}, {""field"": ""category"", ""value"": ""电视剧""}]}}",fan_knowledge_agent,"{""messages"": [{""role"": ""user"", ""content"": ""问评分最高的一部有哪些主演""}], ""riskRespStrategy"": ""all_replace"", ""sceneType"": ""video"", ""need_media"": true}",TRUE,TRUE,TRUE
55,搜一下乌尔善导演的电影，然后问问人气最高的一部讲的是什么故事,vod_search,"{""action"": ""search"", ""retext"": ""搜一下乌尔善导演的电影"", ""query"": {""and"": [{""field"": ""director"", ""value"": ""乌尔善""}, {""field"": ""category"", ""value"": ""电影""}]}, ""sort"": {""hot"": {""order"": ""desc""}}}",fan_knowledge_agent,"{""query"": ""封神第一部：朝歌风云讲的是什么故事""}",vod_search,"{""action"": ""search"", ""retext"": ""搜一下乌尔善导演的电影，然后问问人气最高的一部讲的是什么故事"", ""sort"": {""hot"": {""order"": ""desc""}}, ""query"": {""and"": [{""field"": ""director"", ""value"": ""乌尔善""}, {""field"": ""category"", ""value"": ""电影""}]}}",fan_knowledge_agent,"{""messages"": [{""role"": ""user"", ""content"": ""问人气最高的一部讲的是什么故事""}], ""riskRespStrategy"": ""all_replace"", ""sceneType"": ""knowledge_qa"", ""need_media"": false}",TRUE,TRUE,TRUE
53,搜一下李少红导演的电视剧，然后问问评分最高的一部评分怎么样,vod_search,"{""action"": ""search"", ""retext"": ""搜一下李少红导演的电视剧"", ""query"": {""and"": [{""field"": ""director"", ""value"": ""李少红""}, {""field"": ""category"", ""value"": ""电视剧""}]}, ""sort"": {""rate"": {""order"": ""desc""}}}",fan_knowledge_agent,"{""query"": ""大明宫词评分怎么样""}",vod_search,"{""action"": ""search"", ""retext"": ""搜一下李少红导演的电视剧，然后问问评分最高的一部评分怎么样"", ""sort"": {""rate"": {""order"": ""desc""}}, ""query"": {""and"": [{""field"": ""director"", ""value"": ""李少红""}, {""field"": ""category"", ""value"": ""电视剧""}]}}",fan_knowledge_agent,"{""messages"": [{""role"": ""user"", ""content"": ""问评分最高的一部评分怎么样""}], ""riskRespStrategy"": ""all_replace"", ""sceneType"": ""knowledge_qa"", ""need_media"": false}",TRUE,TRUE,TRUE
48,搜一下徐克导演的电影，然后问问人气最高的一部男主角是谁演的,vod_search,"{""action"": ""search"", ""retext"": ""搜一下徐克导演的电影"", ""query"": {""and"": [{""field"": ""director"", ""value"": ""徐克""}, {""field"": ""category"", ""value"": ""电影""}]}, ""sort"": {""hot"": {""order"": ""desc""}}}",fan_knowledge_agent,"{""query"": ""狄仁杰之通天帝国男主角是谁演的""}",vod_search,"{""action"": ""search"", ""retext"": ""搜一下徐克导演的电影，然后问问人气最高的一部男主角是谁演的"", ""sort"": {""hot"": {""order"": ""desc""}}, ""query"": {""and"": [{""field"": ""director"", ""value"": ""徐克""}, {""field"": ""category"", ""value"": ""电影""}]}}",fan_knowledge_agent,"{""messages"": [{""role"": ""user"", ""content"": ""问人气最高的一部男主角是谁演的""}], ""riskRespStrategy"": ""all_replace"", ""sceneType"": ""video"", ""need_media"": true}",TRUE,TRUE,TRUE
54,搜一下陈思诚导演的电影，然后问问播放量最高的一部票房怎么样,vod_search,"{""action"": ""search"", ""retext"": ""搜一下陈思诚导演的电影"", ""query"": {""and"": [{""field"": ""director"", ""value"": ""陈思诚""}, {""field"": ""category"", ""value"": ""电影""}]}, ""sort"": {""play"": {""order"": ""desc""}}}",fan_knowledge_agent,"{""query"": ""唐人街探案票房怎么样""}",vod_search,"{""action"": ""search"", ""retext"": ""搜一下陈思诚导演的电影，然后问问播放量最高的一部票房怎么样"", ""sort"": {""play"": {""order"": ""desc""}}, ""query"": {""and"": [{""field"": ""director"", ""value"": ""陈思诚""}, {""field"": ""category"", ""value"": ""电影""}]}}",fan_knowledge_agent,"{""messages"": [{""role"": ""user"", ""content"": ""问播放量最高的一部票房怎么样""}], ""riskRespStrategy"": ""all_replace"", ""sceneType"": ""knowledge_qa"", ""need_media"": false}",TRUE,TRUE,TRUE
59,搜一下英国的悬疑电视剧，然后问问评分最高的一部男主角是谁,vod_search_all,"{""action"": ""search"", ""retext"": ""搜一下英国的悬疑电视剧"", ""query"": {""and"": [{""field"": ""area"", ""value"": ""英国""}, {""field"": ""category"", ""value"": ""电视剧""}, {""field"": ""tag"", ""value"": ""悬疑""}]}, ""sort"": {""rate"": {""order"": ""desc""}}}",fan_knowledge_agent,"{""query"": ""神探夏洛克男主角是谁""}",vod_search_all,"{""action"": ""search"", ""retext"": ""搜一下英国的悬疑电视剧，然后问问评分最高的一部男主角是谁"", ""sort"": {""rate"": {""order"": ""desc""}}, ""query"": {""and"": [{""field"": ""area"", ""value"": ""英国""}, {""field"": ""category"", ""value"": ""电视剧""}, {""field"": ""tag"", ""value"": ""悬疑""}]}}",fan_knowledge_agent,"{""messages"": [{""role"": ""user"", ""content"": ""问评分最高的一部男主角是谁""}], ""riskRespStrategy"": ""all_replace"", ""sceneType"": ""knowledge_qa"", ""need_media"": false}",TRUE,TRUE,TRUE
60,搜一下法语电影，然后问问评分最高的一部是哪一年上映的,vod_search_all,"{""action"": ""search"", ""retext"": ""搜一下法语电影"", ""query"": {""and"": [{""field"": ""language"", ""value"": ""法语""}, {""field"": ""category"", ""value"": ""电影""}]}, ""sort"": {""rate"": {""order"": ""desc""}}}",fan_knowledge_agent,"{""query"": ""这个杀手不太冷是哪一年上映的""}",vod_search_all,"{""action"": ""search"", ""retext"": ""搜一下法语电影，然后问问评分最高的一部是哪一年上映的"", ""sort"": {""rate"": {""order"": ""desc""}}, ""query"": {""and"": [{""field"": ""language"", ""value"": ""法语""}, {""field"": ""category"", ""value"": ""电影""}]}}",fan_knowledge_agent,"{""messages"": [{""role"": ""user"", ""content"": ""问评分最高的一部是哪一年上映的""}], ""riskRespStrategy"": ""all_replace"", ""sceneType"": ""knowledge_qa"", ""need_media"": false}",TRUE,TRUE,TRUE
64,搜一下美国拍的动画片，然后问问评分最高的一部男主角是谁,vod_search_all,"{""action"": ""search"", ""retext"": ""搜一下美国拍的动画片"", ""query"": {""and"": [{""field"": ""area"", ""value"": ""美国""}, {""field"": ""category"", ""value"": ""动画片""}]}, ""sort"": {""rate"": {""order"": ""desc""}}}",fan_knowledge_agent,"{""query"": ""疯狂动物城男主角是谁""}",educ_search_all,"{""retext"": ""搜一下美国拍的动画片，然后问问评分最高的一部男主角是谁"", ""query"": {""and"": [{""field"": ""content_type"", ""value"": ""动画""}, {""field"": ""country"", ""value"": ""美国""}]}}",fan_knowledge_agent,"{""messages"": [{""role"": ""user"", ""content"": ""问评分最高的一部男主角是谁""}], ""riskRespStrategy"": ""all_replace"", ""sceneType"": ""knowledge_qa"", ""need_media"": false}",FALSE,TRUE,FALSE
58,搜一下美国的科幻电影，然后问问评分最高的一部讲的是什么故事,vod_search_all,"{""action"": ""search"", ""retext"": ""搜一下美国的科幻电影"", ""query"": {""and"": [{""field"": ""area"", ""value"": ""美国""}, {""field"": ""category"", ""value"": ""电影""}]}, ""sort"": {""rate"": {""order"": ""desc""}}}",fan_knowledge_agent,"{""query"": ""星际穿越讲的是什么故事""}",vod_search_all,"{""action"": ""search"", ""retext"": ""搜一下美国的科幻电影，然后问问评分最高的一部讲的是什么故事"", ""sort"": {""rate"": {""order"": ""desc""}}, ""query"": {""and"": [{""field"": ""area"", ""value"": ""美国""}, {""field"": ""category"", ""value"": ""电影""}, {""field"": ""tag"", ""value"": ""科幻""}]}}",fan_knowledge_agent,"{""messages"": [{""role"": ""user"", ""content"": ""问评分最高的一部讲的是什么故事""}], ""riskRespStrategy"": ""all_replace"", ""sceneType"": ""knowledge_qa"", ""need_media"": false}",TRUE,TRUE,TRUE
52,搜一下高希希导演的电视剧，然后问问人气最高的一部男主角是谁,vod_search,"{""action"": ""search"", ""retext"": ""搜一下高希希导演的电视剧"", ""query"": {""and"": [{""field"": ""director"", ""value"": ""高希希""}, {""field"": ""category"", ""value"": ""电视剧""}]}, ""sort"": {""hot"": {""order"": ""desc""}}}",fan_knowledge_agent,"{""query"": ""三国男主角是谁""}",vod_search,"{""action"": ""search"", ""retext"": ""搜一下高希希导演的电视剧，然后问问人气最高的一部男主角是谁"", ""sort"": {""hot"": {""order"": ""desc""}}, ""query"": {""and"": [{""field"": ""director"", ""value"": ""高希希""}, {""field"": ""category"", ""value"": ""电视剧""}]}}",fan_knowledge_agent,"{""messages"": [{""role"": ""user"", ""content"": ""问人气最高的一部男主角是谁""}], ""riskRespStrategy"": ""all_replace"", ""sceneType"": ""knowledge_qa"", ""need_media"": false}",TRUE,TRUE,TRUE
44,搜一下杨幂演的电视剧，然后问问人气最高的一部男主角是谁,vod_search,"{""action"": ""search"", ""retext"": ""搜一下杨幂演的电视剧"", ""query"": {""and"": [{""field"": ""actor"", ""value"": ""杨幂""}, {""field"": ""category"", ""value"": ""电视剧""}]}, ""sort"": {""hot"": {""order"": ""desc""}}}",fan_knowledge_agent,"{""query"": ""三生三世十里桃花男主角是谁""}",vod_search,"{""action"": ""search"", ""retext"": ""搜一下杨幂演的电视剧，然后问问人气最高的一部男主角是谁"", ""sort"": {""hot"": {""order"": ""desc""}}, ""query"": {""and"": [{""field"": ""actor"", ""value"": ""杨幂""}, {""field"": ""category"", ""value"": ""电视剧""}]}}",fan_knowledge_agent,"{""messages"": [{""role"": ""user"", ""content"": ""问人气最高的一部男主角是谁""}], ""riskRespStrategy"": ""all_replace"", ""sceneType"": ""knowledge_qa"", ""need_media"": false}",TRUE,TRUE,TRUE
66,搜一下中国大陆或者中国香港拍的喜剧电影，然后问问人气最高的一部是哪一年上映的,vod_search_all,"{""action"": ""search"", ""retext"": ""搜一下中国大陆或者中国香港拍的喜剧电影"", ""query"": {""and"": [{""field"": ""area"", ""values"": [""中国大陆"", ""中国香港""], ""operator"": ""or""}, {""field"": ""category"", ""value"": ""电影""}, {""field"": ""tag"", ""value"": ""喜剧""}]}, ""sort"": {""hot"": {""order"": ""desc""}}}",fan_knowledge_agent,"{""query"": ""飞驰人生2是哪一年上映的""}",vod_search_all,"{""action"": ""search"", ""retext"": ""搜一下中国大陆或者中国香港拍的喜剧电影，然后问问人气最高的一部是哪一年上映的"", ""sort"": {""hot"": {""order"": ""desc""}}, ""query"": {""and"": [{""field"": ""area"", ""value"": ""中国香港""}, {""field"": ""category"", ""value"": ""电影""}, {""field"": ""tag"", ""value"": ""喜剧""}]}}",fan_knowledge_agent,"{""messages"": [{""role"": ""user"", ""content"": ""问人气最高的一部是哪一年上映的""}], ""riskRespStrategy"": ""all_replace"", ""sceneType"": ""knowledge_qa"", ""need_media"": false}",TRUE,TRUE,TRUE
67,搜一下日本的电视剧，然后问问评分最高的一部获得过什么奖项,vod_search_all,"{""action"": ""search"", ""retext"": ""搜一下日本的电视剧"", ""query"": {""and"": [{""field"": ""area"", ""value"": ""日本""}, {""field"": ""category"", ""value"": ""电视剧""}]}, ""sort"": {""rate"": {""order"": ""desc""}}}",fan_knowledge_agent,"{""query"": ""半泽直树获得过什么奖项""}",vod_search_all,"{""action"": ""search"", ""retext"": ""搜一下日本的电视剧，然后问问评分最高的一部获得过什么奖项"", ""sort"": {""rate"": {""order"": ""desc""}}, ""query"": {""and"": [{""field"": ""area"", ""value"": ""日本""}, {""field"": ""category"", ""value"": ""电视剧""}]}}",fan_knowledge_agent,"{""messages"": [{""role"": ""user"", ""content"": ""问评分最高的一部获得过什么奖项""}], ""riskRespStrategy"": ""all_replace"", ""sceneType"": ""knowledge_qa"", ""need_media"": false}",TRUE,TRUE,TRUE
57,搜一下日本的动画电影，然后问问评分最高的一部导演是谁,vod_search_all,"{""action"": ""search"", ""retext"": ""搜一下日本的动画电影"", ""query"": {""and"": [{""field"": ""area"", ""value"": ""日本""}, {""field"": ""children_second_genre"", ""value"": ""动画电影""}, {""field"": ""category"", ""value"": ""电影""}]}, ""sort"": {""rate"": {""order"": ""desc""}}}",fan_knowledge_agent,"{""query"": ""千与千寻导演是谁""}",educ_search_all,"{""retext"": ""搜一下日本的动画电影，然后问问评分最高的一部导演是谁"", ""query"": {""and"": [{""field"": ""country"", ""value"": ""日本""}, {""field"": ""children_second_genre"", ""value"": ""动画电影""}]}}",fan_knowledge_agent,"{""messages"": [{""role"": ""user"", ""content"": ""问评分最高的一部导演是谁""}], ""riskRespStrategy"": ""all_replace"", ""sceneType"": ""video"", ""need_media"": true}",FALSE,TRUE,FALSE
56,搜一下郭帆导演的电影，然后问问评分最高的一部导演还导过哪些片子,vod_search,"{""action"": ""search"", ""retext"": ""搜一下郭帆导演的电影"", ""query"": {""and"": [{""field"": ""director"", ""value"": ""郭帆""}, {""field"": ""category"", ""value"": ""电影""}]}, ""sort"": {""rate"": {""order"": ""desc""}}}",fan_knowledge_agent,"{""query"": ""流浪地球导演还导过哪些片子""}",vod_search,"{""action"": ""search"", ""retext"": ""搜一下郭帆导演的电影，然后问问评分最高的一部导演还导过哪些片子"", ""sort"": {""rate"": {""order"": ""desc""}}, ""query"": {""and"": [{""field"": ""director"", ""value"": ""郭帆""}, {""field"": ""category"", ""value"": ""电影""}]}}",fan_knowledge_agent,"{""messages"": [{""role"": ""user"", ""content"": ""问评分最高的一部导演还导过哪些片子""}], ""riskRespStrategy"": ""all_replace"", ""sceneType"": ""video"", ""need_media"": true}",TRUE,TRUE,TRUE
63,搜一下韩国的爱情电视剧，然后问问最新的一部讲的是什么故事,vod_search_all,"{""action"": ""search"", ""retext"": ""搜一下韩国的爱情电视剧"", ""query"": {""and"": [{""field"": ""area"", ""value"": ""韩国""}, {""field"": ""category"", ""value"": ""电视剧""}, {""field"": ""tag"", ""value"": ""爱情""}]}, ""sort"": {""new"": {""order"": ""desc""}}}",fan_knowledge_agent,"{""query"": ""眼泪女王讲的是什么故事""}",vod_search_all,"{""action"": ""search"", ""retext"": ""搜一下韩国的爱情电视剧，然后问问最新的一部讲的是什么故事"", ""sort"": {""new"": {""order"": ""desc""}}, ""query"": {""and"": [{""field"": ""area"", ""value"": ""韩国""}, {""field"": ""category"", ""value"": ""电视剧""}, {""field"": ""tag"", ""value"": ""爱情""}]}}",fan_knowledge_agent,"{""messages"": [{""role"": ""user"", ""content"": ""问最新的一部讲的是什么故事""}], ""riskRespStrategy"": ""all_replace"", ""sceneType"": ""knowledge_qa"", ""need_media"": false}",TRUE,TRUE,TRUE
65,搜一下央视纪录片，然后问问评分最高的一部讲的是什么主题,vod_search_all,"{""action"": ""search"", ""retext"": ""搜一下央视纪录片"", ""query"": {""and"": [{""field"": ""channel"", ""value"": ""央视""}, {""field"": ""category"", ""value"": ""纪录片""}]}, ""sort"": {""rate"": {""order"": ""desc""}}}",fan_knowledge_agent,"{""query"": ""舌尖上的中国讲的是什么主题""}",vod_search_all,"{""action"": ""search"", ""retext"": ""搜一下央视纪录片，然后问问评分最高的一部讲的是什么主题"", ""sort"": {""rate"": {""order"": ""desc""}}, ""query"": {""and"": [{""field"": ""channel"", ""value"": ""央视""}, {""field"": ""category"", ""value"": ""纪录片""}]}}",fan_knowledge_agent,"{""messages"": [{""role"": ""user"", ""content"": ""问评分最高的一部讲的是什么主题""}], ""riskRespStrategy"": ""all_replace"", ""sceneType"": ""knowledge_qa"", ""need_media"": false}",TRUE,TRUE,TRUE
61,搜一下粤语电影，然后问问人气最高的一部导演是谁,vod_search_all,"{""action"": ""search"", ""retext"": ""搜一下粤语电影"", ""query"": {""and"": [{""field"": ""language"", ""value"": ""粤语""}, {""field"": ""category"", ""value"": ""电影""}]}, ""sort"": {""hot"": {""order"": ""desc""}}}",fan_knowledge_agent,"{""query"": ""无间道（粤语）导演是谁""}",vod_search_all,"{""action"": ""search"", ""retext"": ""搜一下粤语电影，然后问问人气最高的一部导演是谁"", ""sort"": {""hot"": {""order"": ""desc""}}, ""query"": {""and"": [{""field"": ""language"", ""value"": ""粤语""}, {""field"": ""category"", ""value"": ""电影""}]}}",fan_knowledge_agent,"{""messages"": [{""role"": ""user"", ""content"": ""问人气最高的一部导演是谁""}], ""riskRespStrategy"": ""all_replace"", ""sceneType"": ""video"", ""need_media"": true}",TRUE,TRUE,TRUE
71,那句“愿原力与你同在”是哪部电影里的，然后问问这部电影讲的是什么故事,vod_fuzzy_search,"{""query"": ""“愿原力与你同在”是哪部电影里的""}",fan_knowledge_agent,"{""query"": ""星球大战讲的是什么故事""}",vod_fuzzy_search,"{""query"": ""那句“愿原力与你同在”是哪部电影里的""}",fan_knowledge_agent,"{""messages"": [{""role"": ""user"", ""content"": ""问这部电影讲的是什么故事""}], ""riskRespStrategy"": ""all_replace"", ""sceneType"": ""video"", ""need_media"": true}",TRUE,TRUE,TRUE
68,搜一下美国的纪录片电影，然后问问播放量最高的一部讲的是什么故事,vod_search_all,"{""action"": ""search"", ""retext"": ""搜一下美国的纪录片电影"", ""query"": {""and"": [{""field"": ""area"", ""value"": ""美国""}, {""field"": ""category"", ""value"": ""纪录片""}]}, ""sort"": {""play"": {""order"": ""desc""}}}",fan_knowledge_agent,"{""query"": ""地球脉动讲的是什么故事""}",vod_search_all,"{""action"": ""search"", ""retext"": ""搜一下美国的纪录片电影，然后问问播放量最高的一部讲的是什么故事"", ""sort"": {""play"": {""order"": ""desc""}}, ""query"": {""and"": [{""field"": ""area"", ""value"": ""美国""}, {""field"": ""category"", ""value"": ""纪录片""}]}}",fan_knowledge_agent,"{""messages"": [{""role"": ""user"", ""content"": ""问播放量最高的一部讲的是什么故事""}], ""riskRespStrategy"": ""all_replace"", ""sceneType"": ""knowledge_qa"", ""need_media"": false}",TRUE,TRUE,TRUE
73,找一下那个所有情绪住在小女孩脑袋里的动画片，然后问问导演是谁,vod_fuzzy_search,"{""query"": ""所有情绪住在小女孩脑袋里的动画片""}",fan_knowledge_agent,"{""query"": ""头脑特工队导演是谁""}",educ_search,"{""retext"": ""找一下那个所有情绪住在小女孩脑袋里的动画片，然后问问导演是谁"", ""query"": {""and"": [{""field"": ""content_type"", ""value"": ""动画""}, {""field"": ""gender"", ""value"": ""女""}]}}",fan_knowledge_agent,"{""messages"": [{""role"": ""user"", ""content"": ""问导演是谁""}], ""riskRespStrategy"": ""all_replace"", ""sceneType"": ""video"", ""need_media"": true}",FALSE,TRUE,FALSE
62,搜一下中国香港拍的警匪电影，然后问问评分最高的一部主演都有谁,vod_search_all,"{""action"": ""search"", ""retext"": ""搜一下中国香港拍的警匪电影"", ""query"": {""and"": [{""field"": ""area"", ""value"": ""中国香港""}, {""field"": ""category"", ""value"": ""电影""}, {""field"": ""tag"", ""value"": ""警匪""}]}, ""sort"": {""rate"": {""order"": ""desc""}}}",fan_knowledge_agent,"{""query"": ""无间道主演都有谁""}",vod_search_all,"{""action"": ""search"", ""retext"": ""搜一下中国香港拍的警匪电影，然后问问评分最高的一部主演都有谁"", ""sort"": {""rate"": {""order"": ""desc""}}, ""query"": {""and"": [{""field"": ""area"", ""value"": ""中国香港""}, {""field"": ""category"", ""value"": ""电影""}, {""field"": ""tag"", ""value"": ""警匪""}]}}",fan_knowledge_agent,"{""messages"": [{""role"": ""user"", ""content"": ""问评分最高的一部主演都有谁""}], ""riskRespStrategy"": ""all_replace"", ""sceneType"": ""video"", ""need_media"": true}",TRUE,TRUE,TRUE
70,找一下那部在海上和老虎一起漂流求生的电影，然后问问这部电影是哪一年上映的,vod_fuzzy_search,"{""query"": ""在海上和老虎一起漂流求生的电影""}",fan_knowledge_agent,"{""query"": ""少年派的奇幻漂流是哪一年上映的""}",vod_fuzzy_search,"{""query"": ""在海上和老虎一起漂流求生的电影""}",fan_knowledge_agent,"{""messages"": [{""role"": ""user"", ""content"": ""问这部电影是哪一年上映的""}], ""riskRespStrategy"": ""all_replace"", ""sceneType"": ""video"", ""need_media"": true}",TRUE,TRUE,TRUE
69,帮我找一下那部讲机器人清理地球垃圾最后爱上植物的电影，然后问问这部电影导演是谁,vod_fuzzy_search,"{""query"": ""机器人清理地球垃圾最后爱上植物的电影""}",fan_knowledge_agent,"{""query"": ""机器人总动员导演是谁""}",vod_fuzzy_search,"{""query"": ""那部讲机器人清理地球垃圾最后爱上植物的电影""}",fan_knowledge_agent,"{""messages"": [{""role"": ""user"", ""content"": ""问这部电影导演是谁""}], ""riskRespStrategy"": ""all_replace"", ""sceneType"": ""video"", ""need_media"": true}",TRUE,TRUE,TRUE
72,帮我找一下那个用记忆碎片讲故事的悬疑电影，然后问问男主角是谁演的,vod_fuzzy_search,"{""query"": ""用记忆碎片讲故事的悬疑电影""}",fan_knowledge_agent,"{""query"": ""记忆碎片男主角是谁演的""}",vod_fuzzy_search,"{""query"": ""用记忆碎片讲故事的悬疑电影""}",fan_knowledge_agent,"{""messages"": [{""role"": ""user"", ""content"": ""问男主角是谁演的""}], ""riskRespStrategy"": ""all_replace"", ""sceneType"": ""video"", ""need_media"": true}",TRUE,TRUE,TRUE
74,帮我找一下那个讲宇航员穿越虫洞寻找新家园的电影，然后问问这部电影评分怎么样,vod_fuzzy_search,"{""query"": ""讲宇航员穿越虫洞寻找新家园的电影""}",fan_knowledge_agent,"{""query"": ""星际穿越评分怎么样""}",vod_fuzzy_search,"{""query"": ""讲宇航员穿越虫洞寻找新家园的电影""}",fan_knowledge_agent,"{""messages"": [{""role"": ""user"", ""content"": ""问这部电影评分怎么样""}], ""riskRespStrategy"": ""all_replace"", ""sceneType"": ""video"", ""need_media"": true}",TRUE,TRUE,TRUE
75,找一下“自由！自由！”这句呼喊是哪部电影里的，然后问问这部电影是哪一年拍的,vod_fuzzy_search,"{""query"": ""“自由！自由！”这句呼喊是哪部电影里的""}",fan_knowledge_agent,"{""query"": ""勇敢的心是哪一年拍的""}",vod_fuzzy_search,"{""query"": ""找一下“自由！自由！”这句呼喊是哪部电影里的""}",fan_knowledge_agent,"{""messages"": [{""role"": ""user"", ""content"": ""问这部电影是哪一年拍的""}], ""riskRespStrategy"": ""all_replace"", ""sceneType"": ""video"", ""need_media"": true}",TRUE,TRUE,TRUE
78,那句“你跳，我就跳”是哪部电影里的，然后问问这部电影导演是谁,vod_fuzzy_search,"{""query"": ""“你跳，我就跳”是哪部电影里的""}",fan_knowledge_agent,"{""query"": ""泰坦尼克号导演是谁""}",vod_fuzzy_search,"{""query"": ""那句“你跳，我就跳”是哪部电影里的""}",fan_knowledge_agent,"{""messages"": [{""role"": ""user"", ""content"": ""问这部电影导演是谁""}], ""riskRespStrategy"": ""all_replace"", ""sceneType"": ""video"", ""need_media"": true}",TRUE,TRUE,TRUE
79,帮我找一下那个会喷火的龙和少年成为朋友的动画片，然后问问这部动画片讲的是什么故事,vod_fuzzy_search,"{""query"": ""会喷火的龙和少年成为朋友的动画片""}",fan_knowledge_agent,"{""query"": ""驯龙高手讲的是什么故事""}",educ_search,"{""retext"": ""帮我找一下那个会喷火的龙和少年成为朋友的动画片，然后问问这部动画片讲的是什么故事"", ""query"": {""field"": ""content_type"", ""value"": ""动画""}}",fan_knowledge_agent,"{""messages"": [{""role"": ""user"", ""content"": ""问这部动画片讲的是什么故事""}], ""riskRespStrategy"": ""all_replace"", ""sceneType"": ""child"", ""need_media"": true}",FALSE,TRUE,FALSE
76,帮我找一下那个父亲带着女儿在外星人到来后努力求生的电影，然后问问这部电影讲的是什么故事,vod_fuzzy_search,"{""query"": ""父亲带着女儿在外星人到来后努力求生的电影""}",fan_knowledge_agent,"{""query"": ""寂静之地讲的是什么故事""}",vod_fuzzy_search,"{""query"": ""父亲带着女儿在外星人到来后努力求生的电影""}",fan_knowledge_agent,"{""messages"": [{""role"": ""user"", ""content"": ""问这部电影讲的是什么故事""}], ""riskRespStrategy"": ""all_replace"", ""sceneType"": ""video"", ""need_media"": true}",TRUE,TRUE,TRUE
82,找一下那部所有玩具都会在主人离开后活过来的动画片，然后问问导演是谁,vod_fuzzy_search,"{""query"": ""所有玩具都会在主人离开后活过来的动画片""}",fan_knowledge_agent,"{""query"": ""玩具总动员导演是谁""}",educ_search,"{""retext"": ""找一下那部所有玩具都会在主人离开后活过来的动画片，然后问问导演是谁"", ""query"": {""and"": [{""field"": ""content_type"", ""value"": ""动画""}, {""field"": ""children_second_genre"", ""value"": ""玩具""}]}}",fan_knowledge_agent,"{""messages"": [{""role"": ""user"", ""content"": ""问导演是谁""}], ""riskRespStrategy"": ""all_replace"", ""sceneType"": ""video"", ""need_media"": true}",FALSE,TRUE,FALSE
77,找一下主角被困在荒岛上只能和排球说话的电影，然后问问男主角是谁,vod_fuzzy_search,"{""query"": ""主角被困在荒岛上只能和排球说话的电影""}",fan_knowledge_agent,"{""query"": ""荒岛余生男主角是谁""}",vod_fuzzy_search,"{""query"": ""找一下主角被困在荒岛上只能和排球说话的电影""}",fan_knowledge_agent,"{""messages"": [{""role"": ""user"", ""content"": ""问男主角是谁""}], ""riskRespStrategy"": ""all_replace"", ""sceneType"": ""knowledge_qa"", ""need_media"": false}",TRUE,TRUE,TRUE
88,推荐一些宫崎骏相关的动画电影，然后问问推荐结果里的第一部是哪一年上映的,vod_relate_search,"{""query"": {""and"": [{""field"": ""director"", ""value"": ""宫崎骏""}, {""field"": ""category"", ""value"": ""电影""}]}}",fan_knowledge_agent,"{""query"": ""千与千寻是哪一年上映的""}",vod_relate_search,"{""query"": {""and"": [{""field"": ""director"", ""value"": ""宫崎骏""}, {""field"": ""category"", ""value"": ""电影""}]}}",fan_knowledge_agent,"{""messages"": [{""role"": ""user"", ""content"": ""问推荐结果里的第一部是哪一年上映的""}], ""riskRespStrategy"": ""all_replace"", ""sceneType"": ""knowledge_qa"", ""need_media"": false}",TRUE,TRUE,TRUE
80,找一下讲黑客进入虚拟世界对抗机器统治的电影，然后问问这部电影是哪一年上映的,vod_fuzzy_search,"{""query"": ""讲黑客进入虚拟世界对抗机器统治的电影""}",fan_knowledge_agent,"{""query"": ""黑客帝国是哪一年上映的""}",vod_fuzzy_search,"{""query"": ""讲黑客进入虚拟世界对抗机器统治的电影""}",fan_knowledge_agent,"{""messages"": [{""role"": ""user"", ""content"": ""问这部电影是哪一年上映的""}], ""riskRespStrategy"": ""all_replace"", ""sceneType"": ""video"", ""need_media"": true}",TRUE,TRUE,TRUE
86,推荐一些和甄嬛传类似的电视剧，然后问问推荐结果里的第一部讲的是什么故事,vod_relate_search,"{""query"": {""and"": [{""field"": ""title"", ""value"": ""甄嬛传""}, {""field"": ""category"", ""value"": ""电视剧""}]}}",fan_knowledge_agent,"{""query"": ""如懿传讲的是什么故事""}",vod_relate_search,"{""query"": {""and"": [{""field"": ""title"", ""value"": ""甄嬛传""}, {""field"": ""category"", ""value"": ""电视剧""}]}}",fan_knowledge_agent,"{""messages"": [{""role"": ""user"", ""content"": ""问推荐结果里的第一部讲的是什么故事""}], ""riskRespStrategy"": ""all_replace"", ""sceneType"": ""knowledge_qa"", ""need_media"": false}",TRUE,TRUE,TRUE
85,帮我推荐一些和流浪地球类似的电影，然后问问推荐结果里的第一部导演是谁,vod_relate_search,"{""query"": {""field"": ""title"", ""value"": ""流浪地球""}}",fan_knowledge_agent,"{""query"": ""流浪地球2导演是谁""}",vod_relate_search,"{""query"": {""and"": [{""field"": ""title"", ""value"": ""流浪地球""}, {""field"": ""category"", ""value"": ""电影""}]}}",fan_knowledge_agent,"{""messages"": [{""role"": ""user"", ""content"": ""问推荐结果里的第一部导演是谁""}], ""riskRespStrategy"": ""all_replace"", ""sceneType"": ""video"", ""need_media"": true}",TRUE,TRUE,TRUE
87,推荐一些刘德华主演的相关电影，然后问问推荐结果里的第一部主演都有谁,vod_relate_search,"{""query"": {""and"": [{""field"": ""actor"", ""value"": ""刘德华""}, {""field"": ""category"", ""value"": ""电影""}]}}",fan_knowledge_agent,"{""query"": ""无间道主演都有谁""}",vod_relate_search,"{""query"": {""and"": [{""field"": ""actor"", ""value"": ""刘德华""}, {""field"": ""category"", ""value"": ""电影""}]}}",fan_knowledge_agent,"{""messages"": [{""role"": ""user"", ""content"": ""问推荐结果里的第一部主演都有谁""}], ""riskRespStrategy"": ""all_replace"", ""sceneType"": ""video"", ""need_media"": true}",TRUE,TRUE,TRUE
81,帮我找一下讲一个老人把房子绑上气球去冒险的动画片，然后问问主演都有谁配音,vod_fuzzy_search,"{""query"": ""老人把房子绑上气球去冒险的动画片""}",fan_knowledge_agent,"{""query"": ""飞屋环游记主演都有谁配音""}",educ_search,"{""retext"": ""帮我找一下讲一个老人把房子绑上气球去冒险的动画片，然后问问主演都有谁配音"", ""query"": {""and"": [{""field"": ""content_type"", ""value"": ""动画""}, {""field"": ""children_third_genre"", ""value"": ""冒险""}]}}",fan_knowledge_agent,"{""messages"": [{""role"": ""user"", ""content"": ""问主演都有谁配音""}], ""riskRespStrategy"": ""all_replace"", ""sceneType"": ""video"", ""need_media"": true}",FALSE,TRUE,FALSE
91,推荐一些和霸王别姬类似的电影，然后问问推荐结果里的第一部获得过什么奖项,vod_relate_search,"{""query"": {""field"": ""title"", ""value"": ""霸王别姬""}}",fan_knowledge_agent,"{""query"": ""活着获得过什么奖项""}",vod_relate_search,"{""query"": {""and"": [{""field"": ""title"", ""value"": ""霸王别姬""}, {""field"": ""category"", ""value"": ""电影""}]}}",fan_knowledge_agent,"{""messages"": [{""role"": ""user"", ""content"": ""问推荐结果里的第一部获得过什么奖项""}], ""riskRespStrategy"": ""all_replace"", ""sceneType"": ""knowledge_qa"", ""need_media"": false}",TRUE,TRUE,TRUE
84,那句“我是世界之王”是哪部电影里的，然后问问这部电影讲的是什么故事,vod_fuzzy_search,"{""query"": ""“我是世界之王”是哪部电影里的""}",fan_knowledge_agent,"{""query"": ""泰坦尼克号讲的是什么故事""}",vod_fuzzy_search,"{""query"": ""那句“我是世界之王”是哪部电影里的""}",fan_knowledge_agent,"{""messages"": [{""role"": ""user"", ""content"": ""问这部电影讲的是什么故事""}], ""riskRespStrategy"": ""all_replace"", ""sceneType"": ""video"", ""need_media"": true}",TRUE,TRUE,TRUE
90,推荐一些纪录片类的相关作品，然后问问推荐结果里的第一部讲的是什么主题,vod_relate_search,"{""query"": {""field"": ""category"", ""value"": ""纪录片""}}",fan_knowledge_agent,"{""query"": ""地球脉动讲的是什么主题""}",vod_relate_search,"{""action"": ""search"", ""retext"": ""推荐一些纪录片类的相关作品，然后问问推荐结果里的第一部讲的是什么主题"", ""query"": {""field"": ""category"", ""value"": ""纪录片""}}",fan_knowledge_agent,"{""messages"": [{""role"": ""user"", ""content"": ""问推荐结果里的第一部讲的是什么主题""}], ""riskRespStrategy"": ""all_replace"", ""sceneType"": ""knowledge_qa"", ""need_media"": false}",TRUE,TRUE,TRUE
89,推荐一些悬疑题材的电影，然后问问推荐结果里的第一部评分怎么样,vod_relate_search,"{""query"": {""and"": [{""field"": ""tag"", ""value"": ""悬疑""}, {""field"": ""category"", ""value"": ""电影""}]}}",fan_knowledge_agent,"{""query"": ""看不见的客人评分怎么样""}",vod_relate_search,"{""action"": ""search"", ""retext"": ""推荐一些悬疑题材的电影，然后问问推荐结果里的第一部评分怎么样"", ""query"": {""and"": [{""field"": ""category"", ""value"": ""电影""}, {""field"": ""tag"", ""value"": ""悬疑""}]}}",fan_knowledge_agent,"{""messages"": [{""role"": ""user"", ""content"": ""问推荐结果里的第一部评分怎么样""}], ""riskRespStrategy"": ""all_replace"", ""sceneType"": ""knowledge_qa"", ""need_media"": false}",TRUE,TRUE,TRUE
94,推荐一些亲情题材的电影，然后问问推荐结果里的第一部讲的是什么故事,vod_relate_search,"{""query"": {""and"": [{""field"": ""tag"", ""value"": ""亲情""}, {""field"": ""category"", ""value"": ""电影""}]}}",fan_knowledge_agent,"{""query"": ""当幸福来敲门讲的是什么故事""}",vod_relate_search,"{""action"": ""search"", ""retext"": ""推荐一些亲情题材的电影，然后问问推荐结果里的第一部讲的是什么故事"", ""query"": {""field"": ""category"", ""value"": ""电影""}}",fan_knowledge_agent,"{""messages"": [{""role"": ""user"", ""content"": ""问推荐结果里的第一部讲的是什么故事""}], ""riskRespStrategy"": ""all_replace"", ""sceneType"": ""knowledge_qa"", ""need_media"": false}",TRUE,TRUE,TRUE
92,推荐一些张艺谋导演的相关电影，然后问问推荐结果里的第一部主演是谁,vod_relate_search,"{""query"": {""and"": [{""field"": ""director"", ""value"": ""张艺谋""}, {""field"": ""category"", ""value"": ""电影""}]}}",fan_knowledge_agent,"{""query"": ""活着主演是谁""}",vod_relate_search,"{""query"": {""and"": [{""field"": ""director"", ""value"": ""张艺谋""}, {""field"": ""category"", ""value"": ""电影""}]}}",fan_knowledge_agent,"{""messages"": [{""role"": ""user"", ""content"": ""问推荐结果里的第一部主演是谁""}], ""riskRespStrategy"": ""all_replace"", ""sceneType"": ""video"", ""need_media"": true}",TRUE,TRUE,TRUE
97,推荐一些喜剧类电影，然后问问推荐结果里的第一部是哪一年上映的,vod_relate_search,"{""query"": {""and"": [{""field"": ""tag"", ""value"": ""喜剧""}, {""field"": ""category"", ""value"": ""电影""}]}}",fan_knowledge_agent,"{""query"": ""夏洛特烦恼是哪一年上映的""}",vod_relate_search,"{""action"": ""search"", ""retext"": ""推荐一些喜剧类电影，然后问问推荐结果里的第一部是哪一年上映的"", ""query"": {""and"": [{""field"": ""category"", ""value"": ""电影""}, {""field"": ""tag"", ""value"": ""喜剧""}]}}",fan_knowledge_agent,"{""messages"": [{""role"": ""user"", ""content"": ""问推荐结果里的第一部是哪一年上映的""}], ""riskRespStrategy"": ""all_replace"", ""sceneType"": ""knowledge_qa"", ""need_media"": false}",TRUE,TRUE,TRUE
83,帮我找一下主角在时间循环里不断重复同一天的电影，然后问问这部电影评分怎么样,vod_fuzzy_search,"{""query"": ""主角在时间循环里不断重复同一天的电影""}",fan_knowledge_agent,"{""query"": ""土拨鼠之日评分怎么样""}",vod_fuzzy_search,"{""query"": ""主角在时间循环里不断重复同一天的电影""}",fan_knowledge_agent,"{""messages"": [{""role"": ""user"", ""content"": ""问这部电影评分怎么样""}], ""riskRespStrategy"": ""all_replace"", ""sceneType"": ""video"", ""need_media"": true}",TRUE,TRUE,TRUE
98,推荐一些梁朝伟主演的相关影片，然后问问推荐结果里的第一部讲的是什么故事,vod_relate_search,"{""query"": {""and"": [{""field"": ""actor"", ""value"": ""梁朝伟""}, {""field"": ""category"", ""value"": ""电影""}]}}",fan_knowledge_agent,"{""query"": ""一代宗师讲的是什么故事""}",vod_relate_search,"{""query"": {""and"": [{""field"": ""actor"", ""value"": ""梁朝伟""}, {""field"": ""category"", ""value"": ""电影""}]}}",fan_knowledge_agent,"{""messages"": [{""role"": ""user"", ""content"": ""问推荐结果里的第一部讲的是什么故事""}], ""riskRespStrategy"": ""all_replace"", ""sceneType"": ""knowledge_qa"", ""need_media"": false}",TRUE,TRUE,TRUE
95,推荐一些周星驰相关的电影，然后问问推荐结果里的第一部导演是谁,vod_relate_search,"{""query"": {""and"": [{""field"": ""actor"", ""value"": ""周星驰""}, {""field"": ""category"", ""value"": ""电影""}]}}",fan_knowledge_agent,"{""query"": ""功夫导演是谁""}",vod_relate_search,"{""query"": {""and"": [{""field"": ""actor"", ""value"": ""周星驰""}, {""field"": ""category"", ""value"": ""电影""}]}}",fan_knowledge_agent,"{""messages"": [{""role"": ""user"", ""content"": ""问推荐结果里的第一部导演是谁""}], ""riskRespStrategy"": ""all_replace"", ""sceneType"": ""video"", ""need_media"": true}",TRUE,TRUE,TRUE
99,推荐一些和千与千寻类似的动画片，然后问问推荐结果里的第一部导演是谁,vod_relate_search,"{""query"": {""and"": [{""field"": ""title"", ""value"": ""千与千寻""}, {""field"": ""category"", ""value"": ""电影""}]}}",fan_knowledge_agent,"{""query"": ""哈尔的移动城堡导演是谁""}",vod_relate_search,"{""query"": {""and"": [{""field"": ""title"", ""value"": ""千与千寻""}, {""field"": ""category"", ""value"": ""电影""}]}}",fan_knowledge_agent,"{""messages"": [{""role"": ""user"", ""content"": ""问推荐结果里的第一部导演是谁""}], ""riskRespStrategy"": ""all_replace"", ""sceneType"": ""video"", ""need_media"": true}",TRUE,TRUE,TRUE
96,推荐一些和琅琊榜类似的古装剧，然后问问推荐结果里的第一部评分怎么样,vod_relate_search,"{""query"": {""and"": [{""field"": ""title"", ""value"": ""琅琊榜""}, {""field"": ""category"", ""value"": ""电视剧""}]}}",fan_knowledge_agent,"{""query"": ""庆余年评分怎么样""}",vod_relate_search,"{""query"": {""and"": [{""field"": ""title"", ""value"": ""琅琊榜""}, {""field"": ""category"", ""value"": ""电视剧""}]}}",fan_knowledge_agent,"{""messages"": [{""role"": ""user"", ""content"": ""问推荐结果里的第一部评分怎么样""}], ""riskRespStrategy"": ""all_replace"", ""sceneType"": ""knowledge_qa"", ""need_media"": false}",TRUE,TRUE,TRUE
101,推荐一些和无间道类似的警匪片，然后问问推荐结果里的第一部评分怎么样,vod_relate_search,"{""query"": {""and"": [{""field"": ""title"", ""value"": ""无间道""}, {""field"": ""category"", ""value"": ""电影""}]}}",fan_knowledge_agent,"{""query"": ""窃听风云评分怎么样""}",vod_relate_search,"{""query"": {""and"": [{""field"": ""title"", ""value"": ""无间道""}, {""field"": ""category"", ""value"": ""电影""}]}}",fan_knowledge_agent,"{""messages"": [{""role"": ""user"", ""content"": ""问推荐结果里的第一部评分怎么样""}], ""riskRespStrategy"": ""all_replace"", ""sceneType"": ""knowledge_qa"", ""need_media"": false}",TRUE,TRUE,TRUE
100,推荐一些体育题材电影，然后问问推荐结果里的第一部主演都有谁,vod_relate_search,"{""query"": {""and"": [{""field"": ""tag"", ""value"": ""体育""}, {""field"": ""category"", ""value"": ""电影""}]}}",fan_knowledge_agent,"{""query"": ""夺冠主演都有谁""}",vod_relate_search,"{""action"": ""search"", ""retext"": ""推荐一些体育题材电影，然后问问推荐结果里的第一部主演都有谁"", ""query"": {""field"": ""category"", ""value"": ""电影""}}",fan_knowledge_agent,"{""messages"": [{""role"": ""user"", ""content"": ""问推荐结果里的第一部主演都有谁""}], ""riskRespStrategy"": ""all_replace"", ""sceneType"": ""video"", ""need_media"": true}",TRUE,TRUE,TRUE
93,推荐一些和神探夏洛克类似的电视剧，然后问问推荐结果里的第一部男主角是谁,vod_relate_search,"{""query"": {""and"": [{""field"": ""title"", ""value"": ""神探夏洛克""}, {""field"": ""category"", ""value"": ""电视剧""}]}}",fan_knowledge_agent,"{""query"": ""基本演绎法男主角是谁""}",vod_relate_search,"{""query"": {""and"": [{""field"": ""title"", ""value"": ""神探夏洛克""}, {""field"": ""category"", ""value"": ""电视剧""}]}}",fan_knowledge_agent,"{""messages"": [{""role"": ""user"", ""content"": ""问推荐结果里的第一部男主角是谁""}], ""riskRespStrategy"": ""all_replace"", ""sceneType"": ""knowledge_qa"", ""need_media"": false}",TRUE,TRUE,TRUE
